// Copyright (c) Six Labors.
// Licensed under the Six Labors Split License.

// <auto-generated>
// Generated by ImageSharp.Drawing.FontGenerator. Do not edit.
// </auto-generated>

namespace SixLabors.ImageSharp.Drawing.Barcodes;

/// <summary>
/// The SixLabors OCRA TrueType font file.
/// Built clean-room from the dimensioned character drawings of FIPS PUB 32 (1974).
/// </summary>
internal static class OcrAFontData
{
    /// <summary>
    /// Gets the font file bytes.
    /// </summary>
    public static ReadOnlySpan<byte> Bytes =>
    [
        0x00, 0x01, 0x00, 0x00, 0x00, 0x0A, 0x00, 0x80, 0x00, 0x03, 0x00, 0x20, 0x4F, 0x53, 0x2F, 0x32,
        0x82, 0x74, 0x80, 0x28, 0x00, 0x00, 0x00, 0xAC, 0x00, 0x00, 0x00, 0x60, 0x63, 0x6D, 0x61, 0x70,
        0x26, 0x9A, 0x48, 0x28, 0x00, 0x00, 0x01, 0x0C, 0x00, 0x00, 0x00, 0x7C, 0x67, 0x6C, 0x79, 0x66,
        0x78, 0x17, 0xA4, 0x98, 0x00, 0x00, 0x01, 0x88, 0x00, 0x00, 0x87, 0x54, 0x68, 0x65, 0x61, 0x64,
        0x61, 0xE7, 0x43, 0x28, 0x00, 0x00, 0x88, 0xDC, 0x00, 0x00, 0x00, 0x36, 0x68, 0x68, 0x65, 0x61,
        0x06, 0xE4, 0x03, 0x3A, 0x00, 0x00, 0x89, 0x14, 0x00, 0x00, 0x00, 0x24, 0x68, 0x6D, 0x74, 0x78,
        0xF5, 0xC8, 0x28, 0xF8, 0x00, 0x00, 0x89, 0x38, 0x00, 0x00, 0x01, 0x5C, 0x6C, 0x6F, 0x63, 0x61,
        0x00, 0x16, 0xBD, 0xC8, 0x00, 0x00, 0x8A, 0x94, 0x00, 0x00, 0x01, 0x60, 0x6D, 0x61, 0x78, 0x70,
        0x00, 0x5B, 0x00, 0x8E, 0x00, 0x00, 0x8B, 0xF4, 0x00, 0x00, 0x00, 0x20, 0x6E, 0x61, 0x6D, 0x65,
        0x1E, 0xCC, 0x36, 0x7C, 0x00, 0x00, 0x8C, 0x14, 0x00, 0x00, 0x01, 0x7C, 0x70, 0x6F, 0x73, 0x74,
        0x00, 0x03, 0x00, 0x00, 0x00, 0x00, 0x8D, 0x90, 0x00, 0x00, 0x00, 0x20, 0x00, 0x04, 0x03, 0xE8,
        0x01, 0x90, 0x00, 0x05, 0x00, 0x00, 0x00, 0xC8, 0x00, 0x64, 0x00, 0x00, 0x00, 0x00, 0x00, 0x00,
        0x00, 0x00, 0x00, 0x00, 0x00, 0x00, 0x00, 0x00, 0x00, 0x00, 0x00, 0x00, 0x00, 0x00, 0x00, 0x00,
        0x00, 0x00, 0x00, 0x00, 0x00, 0x00, 0x00, 0x00, 0x00, 0x00, 0x00, 0x00, 0x00, 0x00, 0x00, 0x00,
        0x00, 0x00, 0x00, 0x00, 0x00, 0x00, 0x53, 0x69, 0x78, 0x4C, 0x00, 0x40, 0x00, 0x20, 0x25, 0x88,
        0x04, 0x12, 0xFE, 0xFA, 0x00, 0x00, 0x03, 0x48, 0x01, 0x06, 0x00, 0x00, 0x00, 0x00, 0x00, 0x00,
        0x00, 0x00, 0x00, 0x00, 0x02, 0xD7, 0x00, 0x00, 0x00, 0x20, 0x00, 0x00, 0x00, 0x00, 0x00, 0x01,
        0x00, 0x03, 0x00, 0x01, 0x00, 0x00, 0x00, 0x0C, 0x00, 0x04, 0x00, 0x70, 0x00, 0x00, 0x00, 0x18,
        0x00, 0x10, 0x00, 0x03, 0x00, 0x08, 0x00, 0x20, 0x00, 0x22, 0x00, 0x3B, 0x00, 0x3D, 0x00, 0x3F,
        0x00, 0x5A, 0x00, 0x7A, 0x00, 0x7C, 0x20, 0x15, 0x24, 0x42, 0x25, 0x88, 0xFF, 0xFF, 0x00, 0x00,
        0x00, 0x20, 0x00, 0x22, 0x00, 0x24, 0x00, 0x3D, 0x00, 0x3F, 0x00, 0x41, 0x00, 0x61, 0x00, 0x7C,
        0x20, 0x15, 0x24, 0x40, 0x25, 0x88, 0xFF, 0xFF, 0xFF, 0xE1, 0xFF, 0xE0, 0xFF, 0xDF, 0xFF, 0xDE,
        0xFF, 0xDD, 0xFF, 0xDC, 0xFF, 0xD6, 0xFF, 0xD5, 0xE0, 0x3D, 0xDC, 0x13, 0xDA, 0xCE, 0x00, 0x01,
        0x00, 0x00, 0x00, 0x00, 0x00, 0x00, 0x00, 0x00, 0x00, 0x00, 0x00, 0x00, 0x00, 0x00, 0x00, 0x00,
        0x00, 0x00, 0x00, 0x00, 0x00, 0x00, 0x00, 0x00, 0x00, 0x01, 0x00, 0x70, 0x01, 0x75, 0x02, 0x60,
        0x02, 0xD7, 0x00, 0x25, 0x00, 0x00, 0x01, 0x01, 0x01, 0x01, 0x01, 0x01, 0x01, 0x01, 0x01, 0x01,
        0x01, 0x01, 0x01, 0x01, 0x01, 0x01, 0x01, 0x01, 0x01, 0x01, 0x01, 0x01, 0x01, 0x01, 0x01, 0x01,
        0x01, 0x01, 0x01, 0x01, 0x01, 0x01, 0x01, 0x01, 0x01, 0x01, 0x01, 0x01, 0x00, 0x70, 0x01, 0xF0,
        0x00, 0x00, 0xFF, 0xCD, 0xFF, 0xFB, 0xFF, 0xFA, 0xFF, 0xFD, 0xFF, 0xF7, 0xFF, 0xFB, 0xFF, 0xF6,
        0xFF, 0xFB, 0xFF, 0xFB, 0xFF, 0xF5, 0xFF, 0xF6, 0xFF, 0xFB, 0xFF, 0xFC, 0xFF, 0xF8, 0xFF, 0xFC,
        0xFF, 0xFB, 0xFF, 0xFD, 0xFF, 0xD6, 0xFF, 0x8E, 0xFF, 0xD6, 0xFF, 0xFD, 0xFF, 0xFD, 0xFF, 0xFA,
        0xFF, 0xF8, 0xFF, 0xF7, 0xFF, 0xF6, 0xFF, 0xF6, 0xFF, 0xF5, 0xFF, 0xF6, 0xFF, 0xF7, 0xFF, 0xF8,
        0xFF, 0xFC, 0xFF, 0xFB, 0xFF, 0xFD, 0xFF, 0xCE, 0x02, 0xD7, 0x00, 0x00, 0xFF, 0xC9, 0xFE, 0xF8,
        0xFF, 0xF6, 0xFF, 0xF8, 0xFF, 0xFC, 0xFF, 0xFA, 0xFF, 0xFD, 0xFF, 0xFD, 0xFF, 0xFF, 0x00, 0x00,
        0x00, 0x01, 0x00, 0x03, 0x00, 0x03, 0x00, 0x02, 0x00, 0x08, 0x00, 0x04, 0x00, 0x09, 0x00, 0x0A,
        0x00, 0xD5, 0x00, 0x00, 0xFF, 0x2B, 0xFF, 0xF6, 0xFF, 0xFB, 0xFF, 0xF8, 0xFF, 0xF8, 0xFF, 0xFB,
        0xFF, 0xFD, 0xFF, 0xFF, 0x00, 0x01, 0x00, 0x03, 0x00, 0x05, 0x00, 0x08, 0x00, 0x04, 0x00, 0x09,
        0x00, 0x0A, 0x01, 0x03, 0x00, 0x01, 0x00, 0x70, 0xFF, 0xCE, 0x02, 0x60, 0x02, 0xD7, 0x00, 0x6B,
        0x00, 0x00, 0x01, 0x01, 0x01, 0x01, 0x01, 0x01, 0x01, 0x01, 0x01, 0x01, 0x01, 0x01, 0x01, 0x01,
        0x01, 0x01, 0x01, 0x01, 0x01, 0x01, 0x01, 0x01, 0x01, 0x01, 0x01, 0x01, 0x01, 0x01, 0x01, 0x01,
        0x01, 0x01, 0x01, 0x01, 0x01, 0x01, 0x01, 0x01, 0x01, 0x01, 0x01, 0x01, 0x01, 0x01, 0x01, 0x01,
        0x01, 0x01, 0x01, 0x01, 0x01, 0x01, 0x01, 0x01, 0x01, 0x01, 0x01, 0x01, 0x01, 0x01, 0x01, 0x01,
        0x01, 0x01, 0x01, 0x01, 0x01, 0x01, 0x01, 0x01, 0x01, 0x01, 0x01, 0x01, 0x01, 0x01, 0x01, 0x01,
        0x01, 0x01, 0x01, 0x01, 0x01, 0x01, 0x01, 0x01, 0x01, 0x01, 0x01, 0x01, 0x01, 0x01, 0x01, 0x01,
        0x01, 0x01, 0x01, 0x01, 0x01, 0x01, 0x01, 0x01, 0x01, 0x01, 0x01, 0x01, 0x01, 0x01, 0x00, 0x70,
        0x00, 0x01, 0x00, 0x01, 0x00, 0x05, 0x00, 0x04, 0x00, 0x08, 0x00, 0x04, 0x00, 0x0A, 0x00, 0x0B,
        0x01, 0x60, 0x00, 0x00, 0xFE, 0xA0, 0xFF, 0xF5, 0xFF, 0xF5, 0xFF, 0xF7, 0xFF, 0xF9, 0xFF, 0xFE,
        0xFF, 0xFC, 0x00, 0x00, 0x00, 0x00, 0x00, 0x04, 0x00, 0x06, 0x00, 0x03, 0x00, 0x09, 0x00, 0x0B,
        0x00, 0x0B, 0x00, 0x06, 0x00, 0x94, 0x00, 0x00, 0x00, 0x01, 0x00, 0x04, 0x00, 0x03, 0x00, 0x07,
        0x00, 0x0A, 0x00, 0x0B, 0x00, 0x0B, 0x00, 0x0C, 0x00, 0x05, 0x00, 0x0B, 0x00, 0x05, 0x00, 0x09,
        0x00, 0x03, 0x00, 0x05, 0x00, 0x02, 0x00, 0x01, 0x00, 0x00, 0x00, 0x94, 0x00, 0x0B, 0x00, 0x0B,
        0x00, 0x05, 0x00, 0x09, 0x00, 0x03, 0x00, 0x04, 0x00, 0x05, 0x00, 0x02, 0x00, 0x00, 0x00, 0x00,
        0xFF, 0xFE, 0xFF, 0xFB, 0xFF, 0xF9, 0xFF, 0xF7, 0xFF, 0xF6, 0xFF, 0xF5, 0xFF, 0xFA, 0xFE, 0xA6,
        0x00, 0x00, 0x01, 0x60, 0x00, 0x0B, 0x00, 0x0B, 0x00, 0x09, 0x00, 0x07, 0x00, 0x04, 0x00, 0x02,
        0x00, 0x00, 0xFF, 0xFC, 0xFF, 0xFA, 0xFF, 0xFD, 0xFF, 0xF7, 0xFF, 0xF5, 0xFF, 0xFB, 0xFF, 0xF4,
        0xFF, 0x6C, 0x00, 0x00, 0xFF, 0xFD, 0xFF, 0xFB, 0xFF, 0xFD, 0xFF, 0xF7, 0xFF, 0xF6, 0xFF, 0xF5,
        0xFF, 0xFA, 0xFF, 0xF4, 0xFF, 0xF5, 0xFF, 0xF6, 0xFF, 0xF7, 0xFF, 0xFA, 0xFF, 0xFC, 0xFF, 0xFF,
        0x00, 0x00, 0xFF, 0x6C, 0xFF, 0xF5, 0xFF, 0xFA, 0xFF, 0xF6, 0xFF, 0xF7, 0xFF, 0xFD, 0xFF, 0xFA,
        0xFF, 0xFD, 0xFF, 0xFF, 0xFF, 0xFF, 0x01, 0x52, 0xFF, 0xF5, 0xFF, 0xFB, 0xFF, 0xF6, 0xFF, 0xFB,
        0xFF, 0xF8, 0xFF, 0xFD, 0xFF, 0xFB, 0xFF, 0xFD, 0x00, 0x00, 0xFF, 0xBC, 0xFF, 0xFF, 0xFF, 0xFE,
        0xFF, 0xFA, 0xFF, 0xF9, 0xFF, 0xF6, 0xFF, 0xFB, 0xFF, 0xF5, 0xFF, 0xFA, 0xFF, 0xF4, 0xFF, 0xF5,
        0xFF, 0xF6, 0xFF, 0xFC, 0xFF, 0xF8, 0xFF, 0xFB, 0xFF, 0xFD, 0x00, 0x00, 0x00, 0x00, 0xFF, 0x89,
        0xFF, 0xF4, 0xFF, 0xF5, 0xFF, 0xFB, 0xFF, 0xF7, 0xFF, 0xF9, 0xFF, 0xFC, 0xFF, 0xFE, 0x00, 0x00,
        0x00, 0x02, 0x00, 0x04, 0x00, 0x04, 0x00, 0x08, 0x00, 0x04, 0x00, 0x0B, 0x00, 0x05, 0x00, 0x0C,
        0x00, 0x77, 0x00, 0x00, 0x00, 0x01, 0x00, 0x04, 0x00, 0x03, 0x00, 0x07, 0x00, 0x04, 0x00, 0x04,
        0x00, 0x0B, 0x00, 0x0B, 0x00, 0x05, 0x00, 0xAF, 0x00, 0x0B, 0x00, 0x0A, 0x00, 0x09, 0x00, 0x07,
        0x00, 0x05, 0x00, 0x02, 0x00, 0x01, 0x00, 0x00, 0x00, 0x44, 0x00, 0x01, 0x00, 0x02, 0x00, 0x05,
        0x00, 0x08, 0x00, 0x09, 0x00, 0x0B, 0x00, 0x0C, 0x00, 0x0B, 0x00, 0x0C, 0x00, 0x0A, 0x00, 0x04,
        0x00, 0x08, 0x00, 0x05, 0x00, 0x02, 0x00, 0x01, 0x00, 0x00, 0x00, 0x7D, 0x00, 0x0B, 0x00, 0x0A,
        0x00, 0x05, 0x00, 0x08, 0x00, 0x06, 0x00, 0x03, 0x00, 0x01, 0xFF, 0xFF, 0xFF, 0xFD, 0xFF, 0xFA,
        0xFF, 0xF8, 0xFF, 0xF6, 0xFF, 0xF5, 0xFF, 0xF5, 0xFF, 0x89, 0x00, 0x00, 0xFF, 0xFF, 0xFF, 0xFE,
        0xFF, 0xFB, 0xFF, 0xF9, 0xFF, 0xFC, 0xFF, 0xF6, 0xFF, 0xFB, 0xFF, 0xFB, 0xFF, 0xF5, 0x00, 0x00,
        0x00, 0x03, 0x00, 0x70, 0xFF, 0xCE, 0x02, 0x60, 0x02, 0xD7, 0x00, 0x24, 0x00, 0x46, 0x00, 0x6B,
        0x00, 0x00, 0x01, 0x01, 0x01, 0x01, 0x01, 0x01, 0x01, 0x01, 0x01, 0x01, 0x01, 0x01, 0x01, 0x01,
        0x01, 0x01, 0x01, 0x01, 0x01, 0x01, 0x01, 0x01, 0x01, 0x01, 0x01, 0x01, 0x01, 0x01, 0x01, 0x01,
        0x01, 0x01, 0x01, 0x01, 0x01, 0x01, 0x01, 0x01, 0x01, 0x01, 0x01, 0x01, 0x01, 0x01, 0x01, 0x01,
        0x01, 0x01, 0x01, 0x01, 0x01, 0x01, 0x01, 0x01, 0x01, 0x01, 0x01, 0x01, 0x01, 0x01, 0x01, 0x01,
        0x01, 0x01, 0x01, 0x01, 0x01, 0x01, 0x01, 0x01, 0x01, 0x01, 0x01, 0x01, 0x01, 0x01, 0x01, 0x01,
        0x01, 0x01, 0x01, 0x01, 0x01, 0x01, 0x01, 0x01, 0x01, 0x01, 0x01, 0x01, 0x01, 0x01, 0x01, 0x01,
        0x01, 0x01, 0x01, 0x01, 0x01, 0x01, 0x01, 0x01, 0x01, 0x01, 0x01, 0x01, 0x01, 0x01, 0x00, 0x70,
        0x00, 0x00, 0x00, 0x02, 0x00, 0x02, 0x00, 0x06, 0x00, 0x08, 0x00, 0x04, 0x00, 0x0B, 0x00, 0x05,
        0x00, 0x0C, 0x00, 0x63, 0x00, 0x06, 0x00, 0x0B, 0x00, 0x0B, 0x00, 0x09, 0x00, 0x07, 0x00, 0x04,
        0x00, 0x02, 0x00, 0x00, 0x00, 0x00, 0xFF, 0xFE, 0xFF, 0xFC, 0xFF, 0xF9, 0xFF, 0xF7, 0xFF, 0xF5,
        0xFF, 0xF5, 0xFF, 0xFA, 0xFF, 0x9D, 0xFF, 0xFA, 0xFF, 0xF5, 0xFF, 0xFA, 0xFF, 0xF7, 0xFF, 0xF8,
        0xFF, 0xFC, 0xFF, 0xFC, 0xFF, 0xFE, 0x00, 0x00, 0x00, 0x00, 0x00, 0x01, 0x00, 0x05, 0x00, 0x03,
        0x00, 0x08, 0x00, 0x09, 0x00, 0x06, 0x00, 0x0B, 0x00, 0x0C, 0x00, 0x06, 0x00, 0x0B, 0x00, 0x0A,
        0x00, 0x04, 0x01, 0x90, 0x00, 0x03, 0x00, 0x05, 0x00, 0x02, 0x00, 0x00, 0xFF, 0xFF, 0xFF, 0xFE,
        0xFF, 0xFA, 0xFF, 0xF8, 0xFF, 0xFC, 0xFF, 0xF5, 0xFF, 0xF5, 0xFF, 0xF4, 0xFF, 0xFA, 0xFF, 0xF5,
        0xFF, 0xF6, 0xFF, 0xFC, 0xFE, 0x70, 0xFF, 0xFD, 0xFF, 0xFB, 0xFF, 0xFE, 0x01, 0x29, 0x00, 0x00,
        0x00, 0x02, 0x00, 0x02, 0x00, 0x06, 0x00, 0x03, 0x00, 0x09, 0x00, 0x0B, 0x00, 0x05, 0x00, 0x0C,
        0x00, 0x63, 0x00, 0x0C, 0x00, 0x05, 0x00, 0x0B, 0x00, 0x09, 0x00, 0x07, 0x00, 0x04, 0x00, 0x02,
        0x00, 0x00, 0x00, 0x00, 0xFF, 0xFE, 0xFF, 0xFC, 0xFF, 0xF9, 0xFF, 0xF7, 0xFF, 0xF5, 0xFF, 0xF5,
        0xFF, 0xFA, 0xFF, 0x9D, 0xFF, 0xFA, 0xFF, 0xF5, 0xFF, 0xFA, 0xFF, 0xF7, 0xFF, 0xF8, 0xFF, 0xFC,
        0xFF, 0xFC, 0xFF, 0xFE, 0x00, 0x00, 0x02, 0x50, 0xFF, 0xF7, 0xFF, 0xFB, 0xFF, 0xFA, 0xFF, 0xF6,
        0xFF, 0xF8, 0xFF, 0xFC, 0xFF, 0xFB, 0xFF, 0xFE, 0xFF, 0xFF, 0x00, 0x00, 0x00, 0x00, 0x00, 0x03,
        0x00, 0x05, 0x00, 0x08, 0x00, 0x09, 0x00, 0x0B, 0x00, 0x0B, 0x00, 0x55, 0x00, 0x0C, 0x00, 0x05,
        0x00, 0x0B, 0x00, 0x09, 0x00, 0x08, 0x00, 0x05, 0x00, 0x03, 0x00, 0x00, 0x00, 0x00, 0x00, 0x00,
        0xFF, 0xFD, 0xFF, 0xFE, 0xFF, 0xF9, 0xFF, 0xF8, 0xFF, 0xFB, 0xFF, 0xF5, 0xFF, 0xFB, 0xFF, 0xF7,
        0xFD, 0xAE, 0xFF, 0xF4, 0xFF, 0xF5, 0xFF, 0xFB, 0xFF, 0xF8, 0xFF, 0xF9, 0xFF, 0xFE, 0xFF, 0xFD,
        0xFF, 0xFF, 0x00, 0x01, 0x00, 0x04, 0x00, 0x06, 0x00, 0x04, 0x02, 0x00, 0x00, 0x05, 0x00, 0x0B,
        0x00, 0x0B, 0x00, 0x06, 0x00, 0x0C, 0x00, 0x05, 0x00, 0x0A, 0x00, 0x09, 0x00, 0x04, 0x00, 0x05,
        0x00, 0x03, 0x00, 0x00, 0xFF, 0xFF, 0xFF, 0xFD, 0xFF, 0xFA, 0xFF, 0xFC, 0xFE, 0x00, 0xFF, 0xFB,
        0xFF, 0xF5, 0xFF, 0xF5, 0xFF, 0xA7, 0xFF, 0xF7, 0xFF, 0xFB, 0xFF, 0xFA, 0xFF, 0xF6, 0xFF, 0xFB,
        0xFF, 0xF9, 0xFF, 0xFB, 0xFF, 0xFE, 0xFF, 0xFF, 0x00, 0x00, 0x00, 0x01, 0x00, 0x02, 0x00, 0x05,
        0x00, 0x07, 0x00, 0x0A, 0x00, 0x0B, 0x00, 0x0B, 0x00, 0x55, 0x00, 0x0B, 0x00, 0x06, 0x00, 0x0B,
        0x00, 0x09, 0x00, 0x08, 0x00, 0x05, 0x00, 0x03, 0x00, 0x00, 0x00, 0x00, 0x00, 0x00, 0xFF, 0xFD,
        0xFF, 0xFE, 0xFF, 0xF9, 0xFF, 0xF8, 0xFF, 0xFB, 0xFF, 0xF5, 0xFF, 0xFA, 0xFF, 0xF8, 0x00, 0x00,
        0x00, 0x01, 0x00, 0x70, 0xFF, 0xCE, 0x02, 0x60, 0x02, 0x82, 0x00, 0x7B, 0x00, 0x00, 0x01, 0x01,
        0x01, 0x01, 0x01, 0x01, 0x01, 0x01, 0x01, 0x01, 0x01, 0x01, 0x01, 0x01, 0x01, 0x01, 0x01, 0x01,
        0x01, 0x01, 0x01, 0x01, 0x01, 0x01, 0x01, 0x01, 0x01, 0x01, 0x01, 0x01, 0x01, 0x01, 0x01, 0x01,
        0x01, 0x01, 0x01, 0x01, 0x01, 0x01, 0x01, 0x01, 0x01, 0x01, 0x01, 0x01, 0x01, 0x01, 0x01, 0x01,
        0x01, 0x01, 0x01, 0x01, 0x01, 0x01, 0x01, 0x01, 0x01, 0x01, 0x01, 0x01, 0x01, 0x01, 0x01, 0x01,
        0x01, 0x01, 0x01, 0x01, 0x01, 0x01, 0x01, 0x01, 0x01, 0x01, 0x01, 0x01, 0x01, 0x01, 0x01, 0x01,
        0x01, 0x01, 0x01, 0x01, 0x01, 0x01, 0x01, 0x01, 0x01, 0x01, 0x01, 0x01, 0x01, 0x01, 0x01, 0x01,
        0x01, 0x01, 0x01, 0x01, 0x01, 0x01, 0x01, 0x01, 0x01, 0x01, 0x01, 0x01, 0x01, 0x01, 0x01, 0x01,
        0x01, 0x01, 0x01, 0x01, 0x01, 0x01, 0x01, 0x01, 0x01, 0x01, 0x02, 0x4F, 0x00, 0x04, 0x00, 0x07,
        0x00, 0x02, 0x00, 0x04, 0x00, 0x00, 0x00, 0x00, 0xFF, 0xFC, 0xFF, 0xFD, 0xFF, 0xF9, 0xFF, 0xFC,
        0xFF, 0xF6, 0xFF, 0xFB, 0xFF, 0xF4, 0xFF, 0xF5, 0xFF, 0xFA, 0xFF, 0xF5, 0xFF, 0xF6, 0xFF, 0x48,
        0xFF, 0xB3, 0xFF, 0xF7, 0xFF, 0xF9, 0xFF, 0xF9, 0xFF, 0xF6, 0xFF, 0xFB, 0xFF, 0xFB, 0xFF, 0xFC,
        0xFF, 0xFE, 0xFF, 0xFE, 0xFF, 0xFF, 0x00, 0x00, 0x01, 0x18, 0x00, 0x07, 0x00, 0x06, 0x00, 0x03,
        0x00, 0x01, 0x00, 0x00, 0xFF, 0xFD, 0xFF, 0xF9, 0xFF, 0xF6, 0xFF, 0xF3, 0xFF, 0xF1, 0xFF, 0xEE,
        0xFF, 0xED, 0xFF, 0xEB, 0xFF, 0xEA, 0xFF, 0xF5, 0xFF, 0x89, 0xFF, 0xEA, 0xFF, 0xEB, 0xFF, 0xEB,
        0xFF, 0xEE, 0xFF, 0xF7, 0xFF, 0xF1, 0xFF, 0xF3, 0xFF, 0xF6, 0xFF, 0xF9, 0xFF, 0xFE, 0xFF, 0xFF,
        0x00, 0x00, 0x00, 0x00, 0x00, 0x02, 0x00, 0x02, 0x00, 0x06, 0x01, 0x93, 0x00, 0x05, 0x00, 0x0B,
        0x00, 0x0B, 0x00, 0x0C, 0x00, 0x05, 0x00, 0x0B, 0x00, 0x0A, 0x00, 0x05, 0x00, 0x07, 0x00, 0x04,
        0x00, 0x02, 0x00, 0x00, 0xFF, 0xFE, 0xFF, 0xFC, 0xFF, 0xF9, 0xFE, 0x81, 0x00, 0x00, 0x00, 0x02,
        0x00, 0x03, 0x00, 0x04, 0x00, 0x05, 0x00, 0x08, 0x00, 0x07, 0x00, 0x07, 0x00, 0x0B, 0x00, 0x62,
        0x00, 0x09, 0x00, 0x0B, 0x00, 0x06, 0x00, 0x07, 0x00, 0x08, 0x00, 0x06, 0x00, 0x02, 0x00, 0x02,
        0x00, 0x01, 0xFE, 0xE8, 0xFF, 0xF9, 0xFF, 0xFD, 0xFF, 0xFB, 0xFF, 0xFF, 0xFF, 0xFF, 0x00, 0x00,
        0x00, 0x01, 0x00, 0x05, 0x00, 0x09, 0x00, 0x05, 0x00, 0x06, 0x00, 0x0E, 0x00, 0x11, 0x00, 0x12,
        0x00, 0x0A, 0x00, 0x15, 0x00, 0x16, 0x00, 0x0B, 0x00, 0x6D, 0x00, 0x06, 0x00, 0x0B, 0x00, 0x0B,
        0x00, 0x05, 0x00, 0x83, 0x00, 0x04, 0x00, 0x09, 0x00, 0x06, 0x00, 0x0B, 0x00, 0x06, 0x00, 0x0B,
        0x00, 0x0C, 0x00, 0x05, 0x00, 0x09, 0x00, 0x04, 0x00, 0x06, 0x00, 0x03, 0x00, 0x02, 0x00, 0x00,
        0xFF, 0xFF, 0xFF, 0xFC, 0xFF, 0xFA, 0xFF, 0x62, 0x00, 0x00, 0x00, 0x01, 0x00, 0x02, 0x00, 0x02,
        0x00, 0x06, 0x00, 0x06, 0x00, 0x05, 0x00, 0x07, 0x00, 0x07, 0x00, 0x07, 0x00, 0x09, 0x00, 0x2C,
        0x00, 0xEF, 0x00, 0x08, 0x00, 0x09, 0x00, 0x0A, 0x00, 0x06, 0x00, 0x55, 0x00, 0x16, 0x00, 0x16,
        0x00, 0x14, 0x00, 0x13, 0x00, 0x10, 0x00, 0x0E, 0x00, 0x0C, 0x00, 0x08, 0x00, 0x05, 0x00, 0x01,
        0x00, 0x00, 0xFF, 0xFD, 0xFF, 0xF9, 0xFF, 0xF6, 0xFF, 0xF4, 0xFF, 0xF8, 0xFF, 0xF0, 0xFF, 0xED,
        0xFF, 0xEC, 0xFF, 0xEA, 0xFF, 0xF5, 0xFF, 0xEA, 0xFF, 0xBB, 0xFF, 0xFB, 0xFF, 0xF5, 0xFF, 0xFB,
        0xFF, 0xF7, 0xFE, 0x51, 0xFF, 0xFC, 0xFF, 0xFB, 0xFF, 0xFD, 0x00, 0x00, 0x00, 0x01, 0x00, 0x04,
        0x00, 0x06, 0x00, 0x04, 0x00, 0x0A, 0x00, 0x0A, 0x00, 0x0C, 0x00, 0x06, 0x00, 0x0B, 0x00, 0x0B,
        0x00, 0x09, 0x01, 0x99, 0x00, 0x2F, 0x00, 0x0D, 0x00, 0x0A, 0x00, 0x07, 0x00, 0x06, 0x00, 0x07,
        0x00, 0x04, 0x00, 0x03, 0x00, 0x02, 0x00, 0x00, 0xFF, 0xFF, 0xFF, 0xFD, 0xFF, 0xFD, 0xFF, 0xFC,
        0xFF, 0xF8, 0xFF, 0xF6, 0xFF, 0xF9, 0xFF, 0xF5, 0xFF, 0xCF, 0xFF, 0x12, 0xFF, 0xF8, 0xFF, 0xFB,
        0xFF, 0xF6, 0xFF, 0xFB, 0xFF, 0xF5, 0xFF, 0xB0, 0xFF, 0xF5, 0xFF, 0xEA, 0xFF, 0xEB, 0xFF, 0xF6,
        0xFF, 0xF7, 0xFF, 0xEE, 0xFF, 0xF1, 0xFF, 0xF3, 0xFF, 0xFB, 0xFF, 0xF7, 0xFF, 0xFB, 0xFF, 0xFF,
        0x00, 0x00, 0x00, 0x00, 0x00, 0x03, 0x00, 0x05, 0x00, 0x04, 0x00, 0x00, 0x00, 0x01, 0x01, 0x04,
        0x01, 0x20, 0x01, 0xCC, 0x02, 0xD7, 0x00, 0x2B, 0x00, 0x00, 0x01, 0x01, 0x01, 0x01, 0x01, 0x01,
        0x01, 0x01, 0x01, 0x01, 0x01, 0x01, 0x01, 0x01, 0x01, 0x01, 0x01, 0x01, 0x01, 0x01, 0x01, 0x01,
        0x01, 0x01, 0x01, 0x01, 0x01, 0x01, 0x01, 0x01, 0x01, 0x01, 0x01, 0x01, 0x01, 0x01, 0x01, 0x01,
        0x01, 0x01, 0x01, 0x01, 0x01, 0x01, 0x01, 0x04, 0x00, 0x01, 0x00, 0x01, 0x00, 0x03, 0x00, 0x05,
        0x00, 0x06, 0x00, 0x07, 0x00, 0x08, 0x00, 0x08, 0x00, 0x09, 0x00, 0x09, 0x00, 0x05, 0x00, 0x08,
        0x00, 0x08, 0x00, 0x05, 0x00, 0x06, 0x00, 0x05, 0x00, 0x05, 0x00, 0x5A, 0x00, 0x02, 0x00, 0x00,
        0x00, 0x05, 0x00, 0x02, 0x00, 0x02, 0xFF, 0xFF, 0xFF, 0xFF, 0xFF, 0xFB, 0xFF, 0xF9, 0xFF, 0xFC,
        0xFF, 0xFB, 0xFF, 0xF6, 0xFF, 0xFA, 0xFF, 0xF5, 0xFF, 0x97, 0xFF, 0xF4, 0xFF, 0xF6, 0xFF, 0xF7,
        0xFF, 0xF9, 0xFF, 0xFD, 0xFF, 0xFD, 0xFF, 0xFF, 0x00, 0x02, 0xFF, 0xFE, 0x00, 0x00, 0x01, 0x52,
        0xFF, 0xF7, 0xFF, 0xFB, 0xFF, 0xF8, 0xFF, 0xF8, 0xFF, 0xFA, 0xFF, 0xFA, 0xFF, 0xFC, 0xFF, 0xFD,
        0xFF, 0xFF, 0x00, 0x00, 0x00, 0x01, 0x00, 0x03, 0x00, 0x04, 0x00, 0x04, 0x00, 0x06, 0x00, 0x07,
        0x00, 0x0B, 0x01, 0x36, 0x00, 0x06, 0x00, 0x09, 0x00, 0x08, 0x00, 0x05, 0x00, 0x0C, 0x00, 0x0C,
        0x00, 0x05, 0x00, 0x0B, 0x00, 0x09, 0x00, 0x04, 0x00, 0x04, 0x00, 0x05, 0x00, 0x02, 0x00, 0x01,
        0x00, 0x00, 0xFF, 0xFD, 0xFF, 0xFB, 0xFF, 0xF8, 0xFF, 0xF7, 0xFF, 0xFB, 0xFF, 0xF5, 0xFF, 0xF4,
        0xFF, 0xF4, 0xFF, 0xF8, 0xFF, 0xFA, 0x00, 0x00, 0x00, 0x01, 0x00, 0x70, 0xFF, 0xCE, 0x02, 0x60,
        0x02, 0xD7, 0x00, 0x6B, 0x00, 0x00, 0x01, 0x01, 0x01, 0x01, 0x01, 0x01, 0x01, 0x01, 0x01, 0x01,
        0x01, 0x01, 0x01, 0x01, 0x01, 0x01, 0x01, 0x01, 0x01, 0x01, 0x01, 0x01, 0x01, 0x01, 0x01, 0x01,
        0x01, 0x01, 0x01, 0x01, 0x01, 0x01, 0x01, 0x01, 0x01, 0x01, 0x01, 0x01, 0x01, 0x01, 0x01, 0x01,
        0x01, 0x01, 0x01, 0x01, 0x01, 0x01, 0x01, 0x01, 0x01, 0x01, 0x01, 0x01, 0x01, 0x01, 0x01, 0x01,
        0x01, 0x01, 0x01, 0x01, 0x01, 0x01, 0x01, 0x01, 0x01, 0x01, 0x01, 0x01, 0x01, 0x01, 0x01, 0x01,
        0x01, 0x01, 0x01, 0x01, 0x01, 0x01, 0x01, 0x01, 0x01, 0x01, 0x01, 0x01, 0x01, 0x01, 0x01, 0x01,
        0x01, 0x01, 0x01, 0x01, 0x01, 0x01, 0x01, 0x01, 0x01, 0x01, 0x01, 0x01, 0x01, 0x01, 0x01, 0x01,
        0x01, 0x01, 0x00, 0x70, 0x00, 0x02, 0x00, 0x04, 0x00, 0x04, 0x00, 0x08, 0x00, 0x09, 0x00, 0x06,
        0x00, 0x0B, 0x00, 0x06, 0x00, 0x60, 0x00, 0x09, 0x00, 0x0B, 0x00, 0x0A, 0x00, 0x05, 0x00, 0x08,
        0x00, 0x04, 0x00, 0x02, 0x00, 0x02, 0x00, 0x01, 0x00, 0x01, 0x00, 0x04, 0x00, 0x04, 0x00, 0x05,
        0x00, 0x06, 0x00, 0x07, 0x00, 0x08, 0x00, 0x08, 0x00, 0x0E, 0x00, 0x0A, 0x00, 0x0A, 0x00, 0x0F,
        0x00, 0xA2, 0x00, 0x06, 0x00, 0x0B, 0x00, 0x09, 0x00, 0x05, 0x00, 0x07, 0x00, 0x02, 0x00, 0x04,
        0x00, 0x00, 0x00, 0x00, 0xFF, 0xFE, 0xFF, 0xFC, 0xFF, 0xFC, 0xFF, 0xF8, 0xFF, 0xFC, 0xFF, 0xFB,
        0xFF, 0xF5, 0xFF, 0xF4, 0xFF, 0x6C, 0x00, 0x00, 0xFF, 0xFF, 0xFF, 0xFB, 0xFF, 0xF7, 0xFF, 0xF5,
        0xFF, 0xF4, 0x00, 0x0C, 0x00, 0x0B, 0x00, 0x09, 0x00, 0x05, 0x00, 0x01, 0x00, 0x00, 0x00, 0x94,
        0x00, 0x0C, 0x00, 0x0B, 0x00, 0x09, 0x00, 0x08, 0x00, 0x06, 0x00, 0x02, 0x00, 0x02, 0x00, 0x00,
        0xFF, 0xFC, 0xFF, 0xFA, 0xFF, 0xFD, 0xFF, 0xF7, 0xFF, 0xF5, 0xFF, 0xFB, 0xFF, 0xF4, 0xFF, 0x64,
        0xFF, 0xF6, 0xFF, 0xF1, 0xFF, 0xF1, 0xFF, 0xF3, 0xFF, 0xF8, 0xFF, 0xF9, 0xFF, 0xF6, 0xFF, 0xFB,
        0xFF, 0xFC, 0xFF, 0xFC, 0xFF, 0xFF, 0xFF, 0xFF, 0xFF, 0xFE, 0xFF, 0xFE, 0xFF, 0xFC, 0xFF, 0xF8,
        0xFF, 0xF7, 0xFF, 0xF6, 0xFF, 0xF9, 0xFF, 0xF7, 0xFF, 0xA0, 0xFF, 0xFA, 0xFF, 0xF5, 0xFF, 0xFA,
        0xFF, 0xF7, 0xFF, 0xF8, 0xFF, 0xFC, 0xFF, 0xFC, 0xFF, 0xFE, 0x01, 0x4F, 0xFF, 0xF5, 0xFF, 0xF5,
        0xFF, 0xFB, 0xFF, 0xF8, 0xFF, 0xF9, 0xFF, 0xFE, 0xFF, 0xFD, 0x00, 0x00, 0x00, 0x00, 0xFF, 0xFF,
        0xFF, 0xFD, 0xFF, 0xFB, 0xFF, 0xFC, 0xFF, 0xF7, 0xFF, 0xF9, 0xFF, 0xF9, 0xFF, 0xF5, 0xFF, 0x40,
        0xFF, 0xEF, 0xFF, 0xF1, 0xFF, 0xF6, 0xFF, 0xF7, 0xFF, 0xF7, 0xFF, 0xF8, 0xFF, 0xF9, 0xFF, 0xF9,
        0xFF, 0xF8, 0xFF, 0xFC, 0xFF, 0xFD, 0xFF, 0xFE, 0x00, 0x00, 0x00, 0x01, 0x00, 0x04, 0x00, 0x06,
        0x00, 0x04, 0x00, 0x0A, 0x00, 0x05, 0x00, 0x0B, 0x00, 0x06, 0x00, 0x0C, 0x00, 0x05, 0x00, 0x0B,
        0x00, 0x05, 0x00, 0x09, 0x00, 0x03, 0x00, 0x03, 0x00, 0x04, 0x00, 0x01, 0x00, 0x00, 0x00, 0xBD,
        0x00, 0x15, 0x00, 0x16, 0x00, 0x15, 0x00, 0x14, 0x00, 0x0F, 0x00, 0x10, 0x00, 0x14, 0x00, 0x15,
        0x00, 0x16, 0x00, 0x15, 0x00, 0xBC, 0x00, 0x00, 0x00, 0x02, 0x00, 0x04, 0x00, 0x06, 0x00, 0x09,
        0x00, 0x0A, 0x00, 0x05, 0x00, 0x0C, 0x00, 0x0C, 0x00, 0x0B, 0x00, 0x0A, 0x00, 0x04, 0x00, 0x08,
        0x00, 0x05, 0x00, 0x02, 0x00, 0x01, 0x00, 0x00, 0xFF, 0xFE, 0xFF, 0xFC, 0xFF, 0xFA, 0xFF, 0xF7,
        0xFF, 0xF9, 0xFF, 0xF9, 0xFF, 0xF3, 0xFF, 0xF7, 0xFF, 0xF6, 0xFF, 0xF1, 0xFF, 0xEF, 0xFF, 0x3F,
        0xFF, 0xF5, 0xFF, 0xF9, 0xFF, 0xFA, 0xFF, 0xF7, 0xFF, 0xFA, 0xFF, 0xFB, 0xFF, 0xFE, 0x00, 0x00,
        0x00, 0x00, 0xFF, 0xFF, 0xFF, 0xFE, 0xFF, 0xFD, 0xFF, 0xFA, 0xFF, 0xF8, 0xFF, 0xFB, 0xFF, 0xF5,
        0xFF, 0xF4, 0x00, 0x00, 0x00, 0x01, 0x00, 0x70, 0xFF, 0xCE, 0x02, 0x60, 0x02, 0xD7, 0x00, 0x6B,
        0x00, 0x00, 0x01, 0x01, 0x01, 0x01, 0x01, 0x01, 0x01, 0x01, 0x01, 0x01, 0x01, 0x01, 0x01, 0x01,
        0x01, 0x01, 0x01, 0x01, 0x01, 0x01, 0x01, 0x01, 0x01, 0x01, 0x01, 0x01, 0x01, 0x01, 0x01, 0x01,
        0x01, 0x01, 0x01, 0x01, 0x01, 0x01, 0x01, 0x01, 0x01, 0x01, 0x01, 0x01, 0x01, 0x01, 0x01, 0x01,
        0x01, 0x01, 0x01, 0x01, 0x01, 0x01, 0x01, 0x01, 0x01, 0x01, 0x01, 0x01, 0x01, 0x01, 0x01, 0x01,
        0x01, 0x01, 0x01, 0x01, 0x01, 0x01, 0x01, 0x01, 0x01, 0x01, 0x01, 0x01, 0x01, 0x01, 0x01, 0x01,
        0x01, 0x01, 0x01, 0x01, 0x01, 0x01, 0x01, 0x01, 0x01, 0x01, 0x01, 0x01, 0x01, 0x01, 0x01, 0x01,
        0x01, 0x01, 0x01, 0x01, 0x01, 0x01, 0x01, 0x01, 0x01, 0x01, 0x01, 0x01, 0x01, 0x01, 0x00, 0x70,
        0x00, 0x00, 0x00, 0x04, 0x00, 0x06, 0x00, 0x03, 0x00, 0x09, 0x00, 0x05, 0x00, 0x0B, 0x00, 0x06,
        0x00, 0xA2, 0x00, 0x0F, 0x00, 0x0A, 0x00, 0x0F, 0x00, 0x09, 0x00, 0x08, 0x00, 0x08, 0x00, 0x0A,
        0x00, 0x05, 0x00, 0x05, 0x00, 0x03, 0x00, 0x03, 0x00, 0x01, 0x00, 0x01, 0x00, 0x02, 0x00, 0x02,
        0x00, 0x04, 0x00, 0x08, 0x00, 0x09, 0x00, 0x0A, 0x00, 0x07, 0x00, 0x09, 0x00, 0x60, 0x00, 0x06,
        0x00, 0x0B, 0x00, 0x06, 0x00, 0x09, 0x00, 0x08, 0x00, 0x04, 0x00, 0x04, 0x00, 0x02, 0x00, 0x00,
        0xFF, 0xFE, 0xFF, 0xFC, 0xFF, 0xFC, 0xFF, 0xF8, 0xFF, 0xF7, 0xFF, 0xFA, 0xFF, 0xF5, 0xFF, 0xFA,
        0xFF, 0xA0, 0xFF, 0xF7, 0xFF, 0xF5, 0xFF, 0xFA, 0xFF, 0xF7, 0xFF, 0xF8, 0xFF, 0xFB, 0xFF, 0xFE,
        0xFF, 0xFF, 0xFF, 0xFF, 0xFF, 0xFF, 0xFF, 0xFC, 0xFF, 0xFC, 0xFF, 0xFB, 0xFF, 0xF6, 0xFF, 0xF9,
        0xFF, 0xF8, 0xFF, 0xF3, 0xFF, 0xF1, 0xFF, 0xF6, 0xFF, 0xF1, 0xFF, 0x64, 0xFF, 0xF4, 0xFF, 0xFB,
        0xFF, 0xF5, 0xFF, 0xF7, 0xFF, 0xF9, 0xFF, 0xFE, 0xFF, 0xFC, 0x00, 0x00, 0x00, 0x02, 0x00, 0x04,
        0x00, 0x07, 0x00, 0x09, 0x00, 0x05, 0x00, 0x0B, 0x00, 0x0C, 0x00, 0x94, 0x00, 0x00, 0x00, 0x01,
        0x00, 0x05, 0x00, 0x09, 0x00, 0x0B, 0x00, 0x0C, 0xFF, 0xF4, 0xFF, 0xF5, 0xFF, 0xF7, 0xFF, 0xFB,
        0xFF, 0xFF, 0x00, 0x00, 0xFF, 0x6C, 0xFF, 0xF4, 0xFF, 0xF5, 0xFF, 0xFB, 0xFF, 0xF7, 0xFF, 0xFD,
        0xFF, 0xFC, 0xFF, 0xFC, 0xFF, 0xFE, 0xFF, 0xFD, 0xFF, 0xFA, 0xFF, 0xF5, 0xFF, 0xF6, 0xFF, 0xFB,
        0xFF, 0xF9, 0xFF, 0xFD, 0xFF, 0xFC, 0xFF, 0xFF, 0x00, 0x00, 0x00, 0x02, 0x00, 0x03, 0x00, 0x07,
        0x00, 0x05, 0x00, 0x07, 0x00, 0x07, 0x00, 0x0C, 0x00, 0x09, 0x00, 0x0A, 0x00, 0x0A, 0x00, 0x0A,
        0x00, 0x11, 0x00, 0xC0, 0x00, 0x0B, 0x00, 0x07, 0x00, 0x07, 0x00, 0x09, 0x00, 0x06, 0x00, 0x05,
        0x00, 0x01, 0x00, 0x01, 0x00, 0x00, 0x00, 0x00, 0x00, 0x03, 0x00, 0x02, 0x00, 0x07, 0x00, 0x08,
        0x00, 0x05, 0x00, 0x0B, 0x00, 0x0B, 0x00, 0x0C, 0x00, 0x06, 0x00, 0x0B, 0x00, 0x05, 0x00, 0x08,
        0x00, 0x06, 0x00, 0x03, 0x00, 0x02, 0x00, 0x01, 0x00, 0x00, 0x00, 0x00, 0x00, 0x03, 0x00, 0x04,
        0x00, 0x06, 0x00, 0x09, 0x00, 0x0A, 0x00, 0x07, 0x00, 0x07, 0x00, 0xC1, 0x00, 0x11, 0x00, 0x0F,
        0x00, 0x0A, 0x00, 0x09, 0x00, 0x0D, 0x00, 0x07, 0x00, 0x07, 0x00, 0x09, 0x00, 0x06, 0x00, 0x03,
        0x00, 0x03, 0x00, 0x00, 0xFF, 0xFF, 0xFF, 0xFE, 0xFF, 0xFB, 0xFF, 0xF8, 0xFF, 0xF7, 0xFF, 0xFB,
        0xFF, 0xF5, 0xFF, 0xF4, 0xFF, 0xF4, 0xFF, 0xF6, 0xFF, 0xF6, 0xFF, 0xF9, 0xFF, 0xFD, 0xFF, 0xFC,
        0xFF, 0xFE, 0x00, 0x00, 0xFF, 0x44, 0xFF, 0xEB, 0xFF, 0xEA, 0xFF, 0xEB, 0xFF, 0xEC, 0xFF, 0xF0,
        0xFF, 0xF1, 0xFF, 0xEC, 0xFF, 0xEB, 0xFF, 0xEA, 0xFF, 0xEB, 0xFF, 0x43, 0x00, 0x00, 0xFF, 0xFF,
        0xFF, 0xFC, 0xFF, 0xFD, 0xFF, 0xF9, 0xFF, 0xFB, 0xFF, 0xFB, 0xFF, 0xF5, 0xFF, 0xF5, 0x00, 0x00,
        0x00, 0x01, 0x00, 0x70, 0x00, 0x22, 0x02, 0x60, 0x02, 0x83, 0x00, 0x68, 0x00, 0x00, 0x01, 0x01,
        0x01, 0x01, 0x01, 0x01, 0x01, 0x01, 0x01, 0x01, 0x01, 0x01, 0x01, 0x01, 0x01, 0x01, 0x01, 0x01,
        0x01, 0x01, 0x01, 0x01, 0x01, 0x01, 0x01, 0x01, 0x01, 0x01, 0x01, 0x01, 0x01, 0x01, 0x01, 0x01,
        0x01, 0x01, 0x01, 0x01, 0x01, 0x01, 0x01, 0x01, 0x01, 0x01, 0x01, 0x01, 0x01, 0x01, 0x01, 0x01,
        0x01, 0x01, 0x01, 0x01, 0x01, 0x01, 0x01, 0x01, 0x01, 0x01, 0x01, 0x01, 0x01, 0x01, 0x01, 0x01,
        0x01, 0x01, 0x01, 0x01, 0x01, 0x01, 0x01, 0x01, 0x01, 0x01, 0x01, 0x01, 0x01, 0x01, 0x01, 0x01,
        0x01, 0x01, 0x01, 0x01, 0x01, 0x01, 0x01, 0x01, 0x01, 0x01, 0x01, 0x01, 0x01, 0x01, 0x01, 0x01,
        0x01, 0x01, 0x01, 0x01, 0x01, 0x01, 0x01, 0x00, 0x70, 0x00, 0x00, 0x00, 0x04, 0x00, 0x05, 0x00,
        0x04, 0x00, 0x9D, 0xFF, 0x67, 0xFF, 0xF8, 0xFF, 0xFB, 0xFF, 0xFE, 0xFF, 0xFE, 0x00, 0x00, 0x00,
        0x04, 0x00, 0x03, 0x00, 0x07, 0x00, 0x09, 0x00, 0x0A, 0x00, 0x0C, 0x00, 0x05, 0x00, 0x0C, 0x00,
        0x0B, 0x00, 0x0A, 0x00, 0x73, 0x00, 0x00, 0x00, 0x01, 0x00, 0x04, 0x00, 0x03, 0x00, 0x03, 0x00,
        0x09, 0x00, 0x0A, 0x00, 0x06, 0x00, 0x0B, 0x00, 0x06, 0x00, 0x0B, 0x00, 0x06, 0x00, 0x05, 0x00,
        0x0A, 0x00, 0x07, 0x00, 0x03, 0x00, 0x04, 0x00, 0x01, 0x00, 0x00, 0x00, 0x73, 0x00, 0x0A, 0x00,
        0x05, 0x00, 0x0C, 0x00, 0x0B, 0x00, 0x0C, 0x00, 0x0A, 0x00, 0x09, 0x00, 0x07, 0x00, 0x05, 0x00,
        0x02, 0x00, 0x00, 0xFF, 0xFE, 0xFF, 0xFC, 0xFF, 0xF9, 0xFF, 0x63, 0x00, 0x99, 0x00, 0x08, 0x00,
        0x05, 0x00, 0x04, 0x00, 0x00, 0x00, 0x00, 0xFF, 0xFC, 0xFF, 0xFA, 0xFF, 0xF8, 0xFF, 0xFB, 0xFF,
        0xF6, 0xFF, 0xF4, 0xFF, 0xF5, 0xFF, 0xFA, 0xFF, 0xF5, 0xFF, 0xF6, 0xFF, 0x8D, 0x00, 0x00, 0xFF,
        0xFF, 0xFF, 0xFC, 0xFF, 0xFD, 0xFF, 0xF9, 0xFF, 0xFB, 0xFF, 0xF6, 0xFF, 0xFA, 0xFF, 0xF5, 0xFF,
        0xFA, 0xFF, 0xF5, 0xFF, 0xFA, 0xFF, 0xF6, 0xFF, 0xFB, 0xFF, 0xF9, 0xFF, 0xFD, 0xFF, 0xFC, 0xFF,
        0xFF, 0x00, 0x00, 0xFF, 0x8D, 0xFF, 0xFB, 0xFF, 0xF6, 0xFF, 0xF4, 0xFF, 0xF5, 0xFF, 0xF4, 0xFF,
        0xF6, 0xFF, 0xF7, 0xFF, 0xF9, 0xFF, 0xFB, 0xFF, 0xFE, 0x01, 0xF9, 0xFF, 0xFA, 0xFF, 0xF5, 0xFF,
        0xF6, 0xFF, 0xFB, 0xFF, 0x79, 0xFF, 0x7E, 0xFF, 0xF7, 0xFF, 0xF6, 0xFF, 0xFA, 0xFF, 0xF5, 0xFF,
        0xF4, 0xFF, 0xF5, 0xFF, 0xFB, 0xFF, 0xF6, 0xFF, 0xF9, 0xFF, 0xFB, 0xFF, 0xFD, 0x00, 0x00, 0x00,
        0x01, 0x00, 0x04, 0x00, 0x07, 0x00, 0x62, 0xFF, 0x70, 0xFF, 0xF4, 0xFF, 0xF5, 0xFF, 0xFB, 0xFF,
        0xFB, 0xFF, 0xF8, 0xFF, 0xFA, 0xFF, 0xFE, 0xFF, 0xFE, 0x00, 0x00, 0x00, 0x02, 0x00, 0x02, 0x00,
        0x03, 0x00, 0x07, 0x00, 0x09, 0x00, 0x05, 0x00, 0x0B, 0x00, 0x0C, 0x00, 0x90, 0xFF, 0x9E, 0xFF,
        0xF9, 0xFF, 0xFE, 0xFF, 0xFD, 0x00, 0x00, 0x00, 0x03, 0x00, 0x05, 0x00, 0x07, 0x00, 0x0A, 0x00,
        0x0A, 0x00, 0x0C, 0x00, 0x0C, 0x00, 0x05, 0x00, 0x0B, 0x00, 0x09, 0x00, 0x87, 0x00, 0x83, 0x00,
        0x09, 0x00, 0x0A, 0x00, 0x0B, 0x00, 0x0C, 0x00, 0x06, 0x00, 0x0B, 0x00, 0x0A, 0x00, 0x09, 0x00,
        0x03, 0x00, 0x05, 0x00, 0x03, 0x00, 0x00, 0xFF, 0xFF, 0xFF, 0xFB, 0xFF, 0xFA, 0xFF, 0x9E, 0x00,
        0x90, 0x00, 0x0C, 0x00, 0x0B, 0x00, 0x05, 0x00, 0x09, 0x00, 0x04, 0x00, 0x05, 0x00, 0x02, 0x00,
        0x03, 0x00, 0x00, 0xFF, 0xFD, 0xFF, 0xFE, 0xFF, 0xFB, 0xFF, 0xFC, 0xFF, 0xF7, 0xFF, 0xFB, 0xFF,
        0xF5, 0xFF, 0xF4, 0xFF, 0x70, 0x00, 0x62, 0x00, 0x03, 0x00, 0x06, 0x00, 0x03, 0x00, 0x00, 0xFF,
        0xFD, 0xFF, 0xFB, 0xFF, 0xF9, 0xFF, 0xF6, 0xFF, 0xF5, 0xFF, 0xF5, 0x00, 0x00, 0x01, 0x00, 0x70,
        0x00, 0x5A, 0x02, 0x60, 0x02, 0x4B, 0x00, 0x4B, 0x00, 0x00, 0x01, 0x01, 0x01, 0x01, 0x01, 0x01,
        0x01, 0x01, 0x01, 0x01, 0x01, 0x01, 0x01, 0x01, 0x01, 0x01, 0x01, 0x01, 0x01, 0x01, 0x01, 0x01,
        0x01, 0x01, 0x01, 0x01, 0x01, 0x01, 0x01, 0x01, 0x01, 0x01, 0x01, 0x01, 0x01, 0x01, 0x01, 0x01,
        0x01, 0x01, 0x01, 0x01, 0x01, 0x01, 0x01, 0x01, 0x01, 0x01, 0x01, 0x01, 0x01, 0x01, 0x01, 0x01,
        0x01, 0x01, 0x01, 0x01, 0x01, 0x01, 0x01, 0x01, 0x01, 0x01, 0x01, 0x01, 0x01, 0x01, 0x01, 0x01,
        0x01, 0x01, 0x01, 0x01, 0x01, 0x01, 0x00, 0x70, 0x00, 0x00, 0x00, 0x04, 0x00, 0x02, 0x00, 0x07,
        0x00, 0x09, 0x00, 0x05, 0x00, 0x0B, 0x00, 0x0C, 0x00, 0x94, 0x00, 0x00, 0x00, 0x01, 0x00, 0x02,
        0x00, 0x05, 0x00, 0x07, 0x00, 0x0A, 0x00, 0x05, 0x00, 0x0B, 0x00, 0x06, 0x00, 0x0C, 0x00, 0x05,
        0x00, 0x0B, 0x00, 0x05, 0x00, 0x05, 0x00, 0x07, 0x00, 0x03, 0x00, 0x04, 0x00, 0x01, 0x00, 0x00,
        0x00, 0x94, 0x00, 0x0C, 0x00, 0x0B, 0x00, 0x05, 0x00, 0x09, 0x00, 0x03, 0x00, 0x06, 0x00, 0x02,
        0x00, 0x02, 0x00, 0x00, 0xFF, 0xFE, 0xFF, 0xFE, 0xFF, 0xFA, 0xFF, 0xFD, 0xFF, 0xF7, 0xFF, 0xF5,
        0xFF, 0xFB, 0xFF, 0xF4, 0xFF, 0x6C, 0x00, 0x00, 0xFF, 0xFF, 0xFF, 0xFC, 0xFF, 0xFA, 0xFF, 0xFC,
        0xFF, 0xF6, 0xFF, 0xFB, 0xFF, 0xF5, 0xFF, 0xFA, 0xFF, 0xF4, 0xFF, 0xFB, 0xFF, 0xF5, 0xFF, 0xFB,
        0xFF, 0xF7, 0xFF, 0xFD, 0xFF, 0xFB, 0xFF, 0xFE, 0xFF, 0xFF, 0x00, 0x00, 0xFF, 0x6C, 0xFF, 0xF4,
        0xFF, 0xFB, 0xFF, 0xF5, 0xFF, 0xF7, 0xFF, 0xF9, 0xFF, 0xFE, 0xFF, 0xFC, 0x00, 0x00, 0x01, 0x4F,
        0xFF, 0xFB, 0xFF, 0xF4, 0xFF, 0xFB, 0xFF, 0xF7, 0xFF, 0xF8, 0xFF, 0xFD, 0xFF, 0xFC, 0xFF, 0xFF,
        0x00, 0x00, 0xFF, 0x6C, 0xFF, 0xF5, 0xFF, 0xFA, 0xFF, 0xF6, 0xFF, 0xF7, 0xFF, 0xF9, 0xFF, 0xFD,
        0xFF, 0xFD, 0xFF, 0xFF, 0x00, 0x01, 0x00, 0x01, 0x00, 0x05, 0x00, 0x03, 0x00, 0x04, 0x00, 0x09,
        0x00, 0x05, 0x00, 0x0B, 0x00, 0x0B, 0x00, 0x94, 0x00, 0x00, 0x00, 0x01, 0x00, 0x04, 0x00, 0x03,
        0x00, 0x08, 0x00, 0x04, 0x00, 0x0A, 0x00, 0x06, 0x00, 0x0B, 0x00, 0x06, 0x00, 0x0C, 0x00, 0x05,
        0x00, 0x0A, 0x00, 0x05, 0x00, 0x08, 0x00, 0x05, 0x00, 0x01, 0x00, 0x02, 0x00, 0x00, 0x00, 0x93,
        0x00, 0x0C, 0x00, 0x0B, 0x00, 0x0A, 0x00, 0x04, 0x00, 0x07, 0x00, 0x03, 0x00, 0x03, 0x00, 0x01,
        0xFF, 0xFF, 0xFF, 0xFF, 0xFF, 0xFB, 0xFF, 0xFD, 0xFF, 0xF8, 0xFF, 0xFB, 0xFF, 0xF6, 0xFF, 0xFA,
        0xFF, 0xF4, 0xFF, 0x6D, 0x00, 0x00, 0xFF, 0xFE, 0xFF, 0xFF, 0xFF, 0xFB, 0xFF, 0xF8, 0xFF, 0xF7,
        0xFF, 0xFA, 0xFF, 0xF5, 0xFF, 0xFA, 0x00, 0x00, 0x00, 0x01, 0x00, 0xD3, 0xFF, 0xCE, 0x01, 0xFD,
        0x01, 0x30, 0x00, 0x2C, 0x00, 0x00, 0x01, 0x01, 0x01, 0x01, 0x01, 0x01, 0x01, 0x01, 0x01, 0x01,
        0x01, 0x01, 0x01, 0x01, 0x01, 0x01, 0x01, 0x01, 0x01, 0x01, 0x01, 0x01, 0x01, 0x01, 0x01, 0x01,
        0x01, 0x01, 0x01, 0x01, 0x01, 0x01, 0x01, 0x01, 0x01, 0x01, 0x01, 0x01, 0x01, 0x01, 0x01, 0x01,
        0x01, 0x01, 0x01, 0x01, 0x05, 0xFF, 0xF4, 0xFF, 0xF5, 0xFF, 0xFB, 0xFF, 0xF7, 0xFF, 0xFD, 0xFF,
        0xFC, 0xFF, 0xFC, 0xFF, 0xFE, 0x00, 0x00, 0x00, 0x00, 0x00, 0x04, 0x00, 0x02, 0x00, 0x07, 0x00,
        0x09, 0x00, 0x05, 0x00, 0x0B, 0x00, 0x0C, 0x00, 0x94, 0x00, 0x00, 0x00, 0x01, 0x00, 0x04, 0x00,
        0x03, 0x00, 0x07, 0x00, 0x0A, 0x00, 0x05, 0x00, 0x0B, 0x00, 0x06, 0x00, 0x0C, 0x00, 0x0B, 0x00,
        0x05, 0x00, 0x0A, 0x00, 0x07, 0x00, 0x03, 0x00, 0x04, 0x00, 0x01, 0x00, 0x00, 0xFF, 0xFE, 0xFF,
        0xFB, 0xFF, 0xFC, 0xFF, 0xF8, 0xFF, 0xFC, 0xFF, 0xF6, 0xFF, 0xFA, 0xFF, 0xF5, 0x01, 0x30, 0xFF,
        0xFF, 0xFF, 0xFC, 0xFF, 0xFD, 0xFF, 0xF8, 0xFF, 0xFC, 0xFF, 0xFB, 0xFF, 0xF5, 0xFF, 0xFB, 0xFF,
        0xF4, 0xFF, 0xFA, 0xFF, 0xF5, 0xFF, 0xFB, 0xFF, 0xF6, 0xFF, 0xF9, 0xFF, 0xFD, 0xFF, 0xFC, 0xFF,
        0xFE, 0x00, 0x00, 0xFF, 0x35, 0xFF, 0xF4, 0xFF, 0xF5, 0xFF, 0xFB, 0xFF, 0xF7, 0xFF, 0xF9, 0xFF,
        0xFE, 0xFF, 0xFC, 0x00, 0x00, 0x00, 0x00, 0x00, 0x04, 0x00, 0x02, 0x00, 0x07, 0x00, 0x09, 0x00,
        0x05, 0x00, 0x0B, 0x00, 0x0C, 0x01, 0x03, 0x00, 0x0B, 0x00, 0x0B, 0x00, 0x04, 0x00, 0x08, 0x00,
        0x03, 0x00, 0x05, 0x00, 0x02, 0x00, 0x01, 0x00, 0x00, 0x01, 0x00, 0x70, 0x00, 0xF6, 0x02, 0x60,
        0x01, 0x84, 0x00, 0x22, 0x00, 0x00, 0x01, 0x01, 0x01, 0x01, 0x01, 0x01, 0x01, 0x01, 0x01, 0x01,
        0x01, 0x01, 0x01, 0x01, 0x01, 0x01, 0x01, 0x01, 0x01, 0x01, 0x01, 0x01, 0x01, 0x01, 0x01, 0x01,
        0x01, 0x01, 0x01, 0x01, 0x01, 0x01, 0x01, 0x01, 0x01, 0x00, 0x70, 0x00, 0x01, 0x00, 0x04, 0x00,
        0x02, 0x00, 0x07, 0x00, 0x09, 0x00, 0x0A, 0x00, 0x06, 0x00, 0x0B, 0x01, 0x92, 0x00, 0x05, 0x00,
        0x0B, 0x00, 0x09, 0x00, 0x05, 0x00, 0x07, 0x00, 0x05, 0x00, 0x02, 0x00, 0x00, 0x00, 0x00, 0xFF,
        0xFE, 0xFF, 0xFD, 0xFF, 0xFA, 0xFF, 0xF8, 0xFF, 0xF7, 0xFF, 0xFB, 0xFF, 0xF5, 0xFE, 0x68, 0xFF,
        0xF5, 0xFF, 0xFB, 0xFF, 0xFB, 0xFF, 0xF7, 0xFF, 0xF9, 0xFF, 0xFB, 0xFF, 0xFF, 0xFF, 0xFF, 0x01,
        0x28, 0xFF, 0xF5, 0xFF, 0xF5, 0xFF, 0xFB, 0xFF, 0xF7, 0xFF, 0xF9, 0xFF, 0xFC, 0xFF, 0xFE, 0xFF,
        0xFF, 0x00, 0x00, 0x00, 0x01, 0x00, 0x04, 0x00, 0x06, 0x00, 0x03, 0x00, 0x09, 0x00, 0x0A, 0x00,
        0x0B, 0x00, 0x06, 0x00, 0x30, 0x00, 0x0B, 0x00, 0x05, 0x00, 0x0A, 0x00, 0x08, 0x00, 0x06, 0x00,
        0x02, 0x00, 0x02, 0x00, 0x00, 0xFF, 0xFE, 0xFF, 0xFE, 0xFF, 0xFD, 0xFF, 0xF9, 0xFF, 0xF7, 0xFF,
        0xF6, 0xFF, 0xFB, 0xFF, 0xF4, 0x00, 0x00, 0x00, 0x00, 0x01, 0x01, 0x04, 0x00, 0x4C, 0x01, 0xCC,
        0x01, 0x06, 0x00, 0x24, 0x00, 0x00, 0x01, 0x01, 0x01, 0x01, 0x01, 0x01, 0x01, 0x01, 0x01, 0x01,
        0x01, 0x01, 0x01, 0x01, 0x01, 0x01, 0x01, 0x01, 0x01, 0x01, 0x01, 0x01, 0x01, 0x01, 0x01, 0x01,
        0x01, 0x01, 0x01, 0x01, 0x01, 0x01, 0x01, 0x01, 0x01, 0x01, 0x01, 0x01, 0x04, 0x00, 0x01, 0x00,
        0x01, 0x00, 0x02, 0x00, 0x06, 0x00, 0x04, 0x00, 0x09, 0x00, 0x0A, 0x00, 0x06, 0x00, 0x0B, 0x00,
        0x64, 0x00, 0x0B, 0x00, 0x06, 0x00, 0x0A, 0x00, 0x09, 0x00, 0x07, 0x00, 0x05, 0x00, 0x02, 0x00,
        0x00, 0x00, 0x00, 0xFF, 0xFE, 0xFF, 0xFB, 0xFF, 0xF9, 0xFF, 0xF7, 0xFF, 0xF6, 0xFF, 0xF4, 0xFF,
        0xFB, 0xFF, 0x9C, 0xFF, 0xF5, 0xFF, 0xFA, 0xFF, 0xF6, 0xFF, 0xF7, 0xFF, 0xFC, 0xFF, 0xFA, 0xFF,
        0xFE, 0xFF, 0xFF, 0xFF, 0xFF, 0x00, 0x7F, 0xFF, 0xF7, 0xFF, 0xFA, 0xFF, 0xFB, 0xFF, 0xF6, 0xFF,
        0xFB, 0xFF, 0xF9, 0xFF, 0xFB, 0xFF, 0xFE, 0xFF, 0xFE, 0x00, 0x00, 0x00, 0x02, 0x00, 0x02, 0x00,
        0x05, 0x00, 0x07, 0x00, 0x0A, 0x00, 0x0A, 0x00, 0x0C, 0x00, 0x55, 0x00, 0x05, 0x00, 0x0C, 0x00,
        0x0B, 0x00, 0x09, 0x00, 0x08, 0x00, 0x05, 0x00, 0x03, 0x00, 0x00, 0x00, 0x00, 0xFF, 0xFF, 0xFF,
        0xFE, 0xFF, 0xFB, 0xFF, 0xF8, 0xFF, 0xFC, 0xFF, 0xF5, 0xFF, 0xFB, 0xFF, 0xFA, 0xFF, 0xF8, 0x00,
        0x00, 0x01, 0x00, 0x70, 0xFF, 0xCE, 0x02, 0x60, 0x02, 0xD7, 0x00, 0x21, 0x00, 0x00, 0x01, 0x01,
        0x01, 0x01, 0x01, 0x01, 0x01, 0x01, 0x01, 0x01, 0x01, 0x01, 0x01, 0x01, 0x01, 0x01, 0x01, 0x01,
        0x01, 0x01, 0x01, 0x01, 0x01, 0x01, 0x01, 0x01, 0x01, 0x01, 0x01, 0x01, 0x01, 0x01, 0x01, 0x01,
        0x00, 0x76, 0xFF, 0xFC, 0xFF, 0xFE, 0x00, 0x00, 0x00, 0x00, 0x00, 0x02, 0x00, 0x04, 0x00, 0x07,
        0x00, 0x09, 0x00, 0x0A, 0x00, 0x06, 0x00, 0x0C, 0x00, 0x06, 0x00, 0x0B, 0x00, 0x0A, 0x00, 0x09,
        0x00, 0x04, 0x01, 0x90, 0x00, 0x04, 0x00, 0x02, 0x00, 0x00, 0xFF, 0xFE, 0xFF, 0xFC, 0xFF, 0xF9,
        0xFF, 0xFC, 0xFF, 0xF6, 0xFF, 0xF5, 0xFF, 0xF4, 0xFF, 0xFA, 0xFF, 0xF5, 0xFF, 0xF6, 0xFF, 0xFB,
        0xFF, 0xFC, 0xFF, 0xF8, 0x00, 0x19, 0xFF, 0xF6, 0xFF, 0xFA, 0xFF, 0xF4, 0xFF, 0xFB, 0xFF, 0xFA,
        0xFF, 0xF5, 0xFF, 0xF7, 0xFF, 0xF8, 0xFF, 0xFB, 0xFF, 0xFE, 0xFF, 0xFF, 0x00, 0x00, 0x00, 0x03,
        0x00, 0x05, 0x00, 0x07, 0x00, 0x05, 0x02, 0xA9, 0x00, 0x0B, 0x00, 0x06, 0x00, 0x0B, 0x00, 0x0C,
        0x00, 0x0B, 0x00, 0x09, 0x00, 0x04, 0x00, 0x07, 0x00, 0x04, 0x00, 0x01, 0x00, 0x00, 0xFF, 0xFD,
        0xFF, 0xFB, 0xFF, 0xFD, 0xFF, 0xFC, 0xFF, 0xF6, 0x00, 0x02, 0x00, 0x70, 0xFF, 0xCE, 0x02, 0x60,
        0x02, 0xD7, 0x00, 0x08, 0x00, 0x3C, 0x00, 0x00, 0x01, 0x01, 0x01, 0x01, 0x01, 0x01, 0x01, 0x01,
        0x01, 0x01, 0x01, 0x01, 0x01, 0x01, 0x01, 0x01, 0x01, 0x01, 0x01, 0x01, 0x01, 0x01, 0x01, 0x01,
        0x01, 0x01, 0x01, 0x01, 0x01, 0x01, 0x01, 0x01, 0x01, 0x01, 0x01, 0x01, 0x01, 0x01, 0x01, 0x01,
        0x01, 0x01, 0x01, 0x01, 0x01, 0x01, 0x01, 0x01, 0x01, 0x01, 0x01, 0x01, 0x01, 0x01, 0x01, 0x01,
        0x01, 0x01, 0x01, 0x01, 0x01, 0x01, 0x68, 0x00, 0x94, 0x00, 0x00, 0x00, 0x00, 0xFF, 0xFE, 0xFE,
        0xDA, 0x00, 0x00, 0x00, 0x00, 0x00, 0x02, 0xFF, 0xFD, 0xFF, 0xEF, 0xFF, 0xF1, 0xFF, 0xF1, 0xFF,
        0xF7, 0xFF, 0xF8, 0xFF, 0xF8, 0xFF, 0xF9, 0xFF, 0xF8, 0xFF, 0xF9, 0xFF, 0xFD, 0xFF, 0xFE, 0x00,
        0x00, 0x00, 0x00, 0x00, 0x01, 0x00, 0x03, 0x00, 0x03, 0x00, 0x05, 0x00, 0x05, 0x00, 0x07, 0x00,
        0x07, 0x00, 0x0C, 0x00, 0x09, 0x00, 0x0A, 0x00, 0x0A, 0x00, 0x0A, 0x00, 0x11, 0x01, 0x2A, 0x00,
        0x11, 0x00, 0x0F, 0x00, 0x0A, 0x00, 0x09, 0x00, 0x0D, 0x00, 0x08, 0x00, 0x0A, 0x00, 0x05, 0x00,
        0x07, 0x00, 0x04, 0x00, 0x01, 0x00, 0x00, 0x00, 0x00, 0xFF, 0xFC, 0xFF, 0xFD, 0xFF, 0xFB, 0xFF,
        0xFB, 0xFF, 0xF9, 0xFF, 0xF5, 0xFF, 0xF8, 0xFF, 0xF7, 0xFF, 0xF1, 0xFF, 0xF1, 0xFF, 0xEF, 0x02,
        0x72, 0x00, 0x00, 0xFD, 0xC2, 0xFF, 0xFE, 0x00, 0x00, 0x00, 0x00, 0x02, 0x3F, 0x00, 0x01, 0x00,
        0x00, 0x00, 0x65, 0xFF, 0xFE, 0xFF, 0xFC, 0xFF, 0xFA, 0xFF, 0xFA, 0xFF, 0xFA, 0xFF, 0xF9, 0xFF,
        0xF8, 0xFF, 0xF2, 0xFF, 0xF2, 0xFF, 0xF6, 0xFF, 0xF6, 0xFF, 0xF4, 0xFD, 0xBD, 0xFF, 0xEF, 0xFF,
        0xF6, 0xFF, 0xF6, 0xFF, 0xF6, 0xFF, 0xF7, 0xFF, 0xF8, 0xFF, 0xF8, 0xFF, 0xF6, 0xFF, 0xFB, 0xFF,
        0xFB, 0xFF, 0xFD, 0xFF, 0xFD, 0xFF, 0xFF, 0x00, 0x00, 0x00, 0x01, 0x00, 0x04, 0x00, 0x04, 0x00,
        0x05, 0x00, 0x0A, 0x00, 0x07, 0x00, 0x0C, 0x00, 0x09, 0x00, 0x0F, 0x00, 0x0F, 0x00, 0x11, 0x02,
        0x43, 0x00, 0x0C, 0x00, 0x0F, 0x00, 0x0A, 0x00, 0x09, 0x00, 0x09, 0x00, 0x09, 0x00, 0x0B, 0x00,
        0x06, 0x00, 0x06, 0x00, 0x06, 0x00, 0x04, 0x00, 0x02, 0x00, 0x00, 0x00, 0x00, 0x01, 0x00, 0x70,
        0xFF, 0xCE, 0x02, 0x60, 0x02, 0xD7, 0x00, 0x3F, 0x00, 0x00, 0x01, 0x01, 0x01, 0x01, 0x01, 0x01,
        0x01, 0x01, 0x01, 0x01, 0x01, 0x01, 0x01, 0x01, 0x01, 0x01, 0x01, 0x01, 0x01, 0x01, 0x01, 0x01,
        0x01, 0x01, 0x01, 0x01, 0x01, 0x01, 0x01, 0x01, 0x01, 0x01, 0x01, 0x01, 0x01, 0x01, 0x01, 0x01,
        0x01, 0x01, 0x01, 0x01, 0x01, 0x01, 0x01, 0x01, 0x01, 0x01, 0x01, 0x01, 0x01, 0x01, 0x01, 0x01,
        0x01, 0x01, 0x01, 0x01, 0x01, 0x01, 0x01, 0x01, 0x01, 0x01, 0x00, 0x70, 0x00, 0x00, 0x00, 0x04,
        0x00, 0x06, 0x00, 0x03, 0x00, 0x09, 0x00, 0x05, 0x00, 0x0B, 0x00, 0x06, 0x01, 0x92, 0x00, 0x06,
        0x00, 0x0B, 0x00, 0x0A, 0x00, 0x09, 0x00, 0x07, 0x00, 0x05, 0x00, 0x02, 0x00, 0x00, 0x00, 0x00,
        0xFF, 0xFD, 0xFF, 0xFE, 0xFF, 0xFA, 0xFF, 0xF7, 0xFF, 0xFB, 0xFF, 0xF5, 0xFF, 0xF5, 0xFF, 0xFA,
        0xFF, 0xF5, 0xFF, 0xF5, 0xFF, 0xF6, 0xFF, 0xF9, 0xFF, 0xFD, 0xFF, 0xFC, 0xFF, 0xFF, 0x00, 0x00,
        0xFF, 0x9E, 0x00, 0x00, 0xFF, 0x02, 0xFF, 0xF5, 0xFF, 0xF5, 0xFF, 0xFC, 0xFF, 0xF8, 0xFF, 0xFA,
        0xFF, 0xFC, 0x00, 0x00, 0x00, 0x00, 0x00, 0x04, 0x00, 0x02, 0x00, 0x07, 0x00, 0x09, 0x00, 0x0B,
        0x00, 0x05, 0x00, 0x0C, 0x00, 0x94, 0x00, 0x00, 0xFF, 0x6C, 0xFF, 0xF4, 0xFF, 0xF5, 0xFF, 0xFB,
        0xFF, 0xF7, 0xFF, 0xFD, 0xFF, 0xFC, 0xFF, 0xFC, 0xFF, 0xFE, 0xFF, 0xFD, 0xFF, 0xFA, 0xFF, 0xF5,
        0xFF, 0xF6, 0xFF, 0xFB, 0xFF, 0xF9, 0xFF, 0xFD, 0xFF, 0xFC, 0xFF, 0xFF, 0x00, 0x00, 0x00, 0x00,
        0x00, 0x02, 0x00, 0x05, 0x00, 0x07, 0x00, 0x09, 0x00, 0x0A, 0x00, 0x0B, 0x00, 0x06, 0x01, 0x04,
        0x00, 0x0B, 0x00, 0x05, 0x00, 0x0A, 0x00, 0x08, 0x00, 0x03, 0x00, 0x05, 0x00, 0x02, 0x00, 0x00,
        0xFF, 0xFE, 0xFF, 0xFB, 0xFF, 0xF9, 0xFF, 0xF7, 0xFF, 0xFB, 0xFF, 0xF5, 0xFF, 0xF5, 0xFF, 0x34,
        0x00, 0x00, 0x02, 0xA5, 0x00, 0x00, 0xFF, 0xFD, 0xFF, 0xFB, 0xFF, 0xFC, 0xFF, 0xF8, 0xFF, 0xF6,
        0xFF, 0xF5, 0xFF, 0xFA, 0xFF, 0xF4, 0xFF, 0xF5, 0xFF, 0xFB, 0xFF, 0xF6, 0xFF, 0xF9, 0xFF, 0xFA,
        0xFF, 0xFF, 0xFF, 0xFE, 0x00, 0x00, 0xFD, 0xC0, 0x00, 0x00, 0xFF, 0xFF, 0xFF, 0xFC, 0xFF, 0xFD,
        0xFF, 0xF9, 0xFF, 0xFB, 0xFF, 0xFB, 0xFF, 0xF5, 0xFF, 0xF5, 0x00, 0x00, 0x00, 0x01, 0x00, 0x70,
        0xFF, 0xCE, 0x02, 0x60, 0x02, 0xD7, 0x00, 0x55, 0x00, 0x00, 0x01, 0x01, 0x01, 0x01, 0x01, 0x01,
        0x01, 0x01, 0x01, 0x01, 0x01, 0x01, 0x01, 0x01, 0x01, 0x01, 0x01, 0x01, 0x01, 0x01, 0x01, 0x01,
        0x01, 0x01, 0x01, 0x01, 0x01, 0x01, 0x01, 0x01, 0x01, 0x01, 0x01, 0x01, 0x01, 0x01, 0x01, 0x01,
        0x01, 0x01, 0x01, 0x01, 0x01, 0x01, 0x01, 0x01, 0x01, 0x01, 0x01, 0x01, 0x01, 0x01, 0x01, 0x01,
        0x01, 0x01, 0x01, 0x01, 0x01, 0x01, 0x01, 0x01, 0x01, 0x01, 0x01, 0x01, 0x01, 0x01, 0x01, 0x01,
        0x01, 0x01, 0x01, 0x01, 0x01, 0x01, 0x01, 0x01, 0x01, 0x01, 0x01, 0x01, 0x01, 0x01, 0x01, 0x01,
        0x00, 0xA2, 0xFF, 0xF4, 0xFF, 0xFB, 0xFF, 0xF5, 0xFF, 0xFC, 0xFF, 0xFB, 0xFF, 0xF9, 0xFF, 0xFE,
        0xFF, 0xFC, 0x00, 0x00, 0x00, 0x00, 0x00, 0x04, 0x00, 0x02, 0x00, 0x07, 0x00, 0x05, 0x00, 0x09,
        0x00, 0x0B, 0x00, 0x0C, 0x01, 0x5A, 0x00, 0x00, 0xFE, 0xD7, 0xFF, 0xF7, 0xFF, 0xF5, 0xFF, 0xF6,
        0xFF, 0xF6, 0xFF, 0xF7, 0xFF, 0xF7, 0xFF, 0xF8, 0xFF, 0xF8, 0xFF, 0xFA, 0xFF, 0xFA, 0xFF, 0xFB,
        0xFF, 0xFC, 0xFF, 0xFE, 0xFF, 0xFE, 0x00, 0x00, 0x00, 0x00, 0x01, 0xBE, 0x00, 0x0C, 0x00, 0x0B,
        0x00, 0x05, 0x00, 0x09, 0x00, 0x07, 0x00, 0x04, 0x00, 0x02, 0x00, 0x00, 0xFF, 0xFC, 0xFF, 0xFA,
        0xFF, 0xF8, 0xFF, 0xF7, 0xFF, 0xF5, 0xFF, 0xF4, 0xFE, 0xA6, 0x00, 0x00, 0x01, 0x29, 0x00, 0x09,
        0x00, 0x0B, 0x00, 0x0A, 0x00, 0x0A, 0x00, 0x09, 0x00, 0x09, 0x00, 0x08, 0x00, 0x08, 0x00, 0x06,
        0x00, 0x06, 0x00, 0x05, 0x00, 0x04, 0x00, 0x02, 0x00, 0x02, 0x00, 0x00, 0x00, 0x00, 0x00, 0x00,
        0xFF, 0xFE, 0xFF, 0xFE, 0xFF, 0xFC, 0xFF, 0xFB, 0xFF, 0xFA, 0xFF, 0xFA, 0xFF, 0xF8, 0xFF, 0xF8,
        0xFF, 0xF7, 0xFF, 0xF7, 0xFF, 0xF6, 0xFF, 0xF6, 0xFF, 0xF5, 0xFF, 0xF7, 0x02, 0xD7, 0xFF, 0xFF,
        0xFF, 0xFE, 0xFF, 0xFB, 0xFF, 0xFC, 0xFF, 0xFC, 0xFF, 0xF7, 0xFF, 0xFB, 0xFF, 0xF5, 0xFF, 0xFA,
        0xFF, 0xF4, 0xFF, 0xF5, 0xFF, 0xFB, 0xFF, 0xF6, 0xFF, 0xFC, 0xFF, 0xFA, 0xFF, 0xFC, 0xFF, 0xFE,
        0x00, 0x00, 0xFF, 0x13, 0x00, 0x00, 0xFF, 0xFF, 0xFF, 0xFF, 0xFF, 0xFD, 0xFF, 0xFC, 0xFF, 0xFB,
        0xFF, 0xFB, 0xFF, 0xF9, 0xFF, 0xF8, 0xFF, 0xF8, 0xFF, 0xF7, 0xFF, 0xF7, 0xFF, 0xF6, 0xFF, 0xF6,
        0xFF, 0xF6, 0xFF, 0xF6, 0xFE, 0xAD, 0x00, 0x00, 0x00, 0x01, 0x00, 0x04, 0x00, 0x03, 0x00, 0x07,
        0x00, 0x0A, 0x00, 0x0B, 0x00, 0x0B, 0x00, 0x0C, 0x00, 0x0B, 0x00, 0x0A, 0x00, 0x09, 0x00, 0x06,
        0x00, 0x04, 0x00, 0x01, 0x00, 0x00, 0x00, 0xEE, 0x00, 0x00, 0x00, 0x00, 0x00, 0x02, 0x00, 0x03,
        0x00, 0x04, 0x00, 0x04, 0x00, 0x06, 0x00, 0x07, 0x00, 0x07, 0x00, 0x09, 0x00, 0x08, 0x00, 0x0A,
        0x00, 0x0A, 0x00, 0x0A, 0x00, 0x0A, 0x00, 0x09, 0x00, 0xF1, 0x00, 0x09, 0x00, 0x0A, 0x00, 0x0B,
        0x00, 0x09, 0x00, 0x0A, 0x00, 0x09, 0x00, 0x08, 0x00, 0x07, 0x00, 0x07, 0x00, 0x06, 0x00, 0x05,
        0x00, 0x03, 0x00, 0x03, 0x00, 0x02, 0x00, 0x00, 0x00, 0x01, 0x00, 0x70, 0xFF, 0xCE, 0x02, 0x60,
        0x02, 0xD7, 0x00, 0x6E, 0x00, 0x00, 0x01, 0x01, 0x01, 0x01, 0x01, 0x01, 0x01, 0x01, 0x01, 0x01,
        0x01, 0x01, 0x01, 0x01, 0x01, 0x01, 0x01, 0x01, 0x01, 0x01, 0x01, 0x01, 0x01, 0x01, 0x01, 0x01,
        0x01, 0x01, 0x01, 0x01, 0x01, 0x01, 0x01, 0x01, 0x01, 0x01, 0x01, 0x01, 0x01, 0x01, 0x01, 0x01,
        0x01, 0x01, 0x01, 0x01, 0x01, 0x01, 0x01, 0x01, 0x01, 0x01, 0x01, 0x01, 0x01, 0x01, 0x01, 0x01,
        0x01, 0x01, 0x01, 0x01, 0x01, 0x01, 0x01, 0x01, 0x01, 0x01, 0x01, 0x01, 0x01, 0x01, 0x01, 0x01,
        0x01, 0x01, 0x01, 0x01, 0x01, 0x01, 0x01, 0x01, 0x01, 0x01, 0x01, 0x01, 0x01, 0x01, 0x01, 0x01,
        0x01, 0x01, 0x01, 0x01, 0x01, 0x01, 0x01, 0x01, 0x01, 0x01, 0x01, 0x01, 0x01, 0x01, 0x01, 0x01,
        0x01, 0x01, 0x01, 0x01, 0x01, 0x00, 0x70, 0x00, 0x00, 0x00, 0x04, 0x00, 0x06, 0x00, 0x03, 0x00,
        0x09, 0x00, 0x05, 0x00, 0x0B, 0x00, 0x06, 0x01, 0x68, 0x00, 0x0A, 0x00, 0x0A, 0x00, 0x0F, 0x00,
        0x0E, 0x00, 0x08, 0x00, 0x08, 0x00, 0x0A, 0x00, 0x05, 0x00, 0x05, 0x00, 0x03, 0x00, 0x03, 0x00,
        0x01, 0x00, 0x00, 0xFF, 0xFF, 0xFF, 0xFB, 0xFF, 0xF7, 0xFF, 0xF5, 0xFF, 0xF4, 0x00, 0x0C, 0x00,
        0x06, 0x00, 0x0A, 0x00, 0x07, 0x00, 0x03, 0x00, 0x00, 0xFF, 0xFE, 0xFF, 0xFD, 0xFF, 0xF9, 0xFF,
        0xFB, 0xFF, 0xF9, 0xFF, 0xF9, 0xFF, 0xF4, 0xFF, 0xF7, 0xFF, 0xF6, 0xFF, 0xF6, 0xFF, 0xF6, 0xFF,
        0xF6, 0xFE, 0x98, 0xFF, 0xF5, 0xFF, 0xFA, 0xFF, 0xFB, 0xFF, 0xF7, 0xFF, 0xF9, 0xFF, 0xFE, 0xFF,
        0xFC, 0x00, 0x00, 0x00, 0x00, 0x00, 0x02, 0x00, 0x02, 0x00, 0x06, 0x00, 0x03, 0x00, 0x09, 0x00,
        0x0B, 0x00, 0x05, 0x00, 0x0C, 0x01, 0x5A, 0xFF, 0xFF, 0xFF, 0xFE, 0xFF, 0xFE, 0xFF, 0xFA, 0xFF,
        0xFA, 0xFF, 0xFB, 0xFF, 0xF9, 0xFF, 0xF9, 0xFF, 0xF5, 0xFF, 0x38, 0xFF, 0xF4, 0xFF, 0xFB, 0xFF,
        0xF5, 0xFF, 0xFC, 0xFF, 0xF8, 0xFF, 0xFC, 0xFF, 0xFC, 0xFF, 0xFE, 0x00, 0x00, 0x00, 0x02, 0x00,
        0x04, 0x00, 0x04, 0x00, 0x03, 0x00, 0x09, 0x00, 0x05, 0x00, 0x0B, 0x00, 0x0C, 0x00, 0xC8, 0x00,
        0x07, 0x00, 0x08, 0x00, 0x06, 0x00, 0x09, 0x00, 0x06, 0x00, 0x06, 0x00, 0x02, 0x00, 0x02, 0x00,
        0x01, 0xFE, 0xA0, 0xFF, 0xFA, 0xFF, 0xF5, 0xFF, 0xFB, 0xFF, 0xF7, 0xFF, 0xFD, 0xFF, 0xFA, 0xFF,
        0xFC, 0x00, 0x00, 0xFF, 0xFD, 0xFF, 0xFA, 0xFF, 0xF5, 0xFF, 0xF6, 0xFF, 0xFB, 0xFF, 0xF9, 0xFF,
        0xFD, 0xFF, 0xFC, 0xFF, 0xFF, 0x00, 0x00, 0x00, 0x01, 0x00, 0x03, 0x00, 0x05, 0x00, 0x08, 0x00,
        0x07, 0x00, 0x07, 0x00, 0x0C, 0x00, 0x09, 0x00, 0x0A, 0x00, 0x0A, 0x00, 0x0A, 0x00, 0x11, 0x00,
        0xBE, 0x00, 0x15, 0x00, 0x16, 0x00, 0x15, 0x00, 0x14, 0x00, 0x0F, 0x00, 0x10, 0x00, 0x0A, 0x00,
        0x14, 0x00, 0x16, 0x00, 0x16, 0x00, 0xCE, 0x00, 0x10, 0x00, 0x0A, 0x00, 0x0E, 0x00, 0x09, 0x00,
        0x09, 0x00, 0x07, 0x00, 0x0A, 0x00, 0x06, 0x00, 0x04, 0x00, 0x04, 0x00, 0x02, 0x00, 0x02, 0x00,
        0x00, 0xFF, 0xFD, 0xFF, 0xFE, 0xFF, 0xFD, 0xFF, 0xF8, 0xFF, 0xF7, 0xFF, 0xFB, 0xFF, 0xF5, 0xFF,
        0xFA, 0xFF, 0xF4, 0xFF, 0xFA, 0xFF, 0xFB, 0xFF, 0xF6, 0xFF, 0xFB, 0xFF, 0xF9, 0xFF, 0xFA, 0xFF,
        0xFF, 0xFF, 0xFE, 0x00, 0x00, 0xFF, 0x41, 0xFF, 0xF5, 0xFF, 0xF9, 0xFF, 0xF7, 0xFF, 0xFA, 0xFF,
        0xFC, 0xFF, 0xFC, 0xFF, 0xFD, 0xFF, 0xFE, 0x00, 0x00, 0xFF, 0xFE, 0xFF, 0xFF, 0xFF, 0xFB, 0xFF,
        0xFC, 0xFF, 0xF8, 0xFF, 0xFB, 0xFF, 0xF5, 0xFF, 0xF4, 0xFF, 0xF5, 0xFF, 0xFA, 0xFF, 0xF5, 0xFF,
        0xFB, 0xFF, 0xFC, 0xFF, 0xF8, 0xFF, 0xFD, 0xFF, 0xFC, 0xFF, 0xFF, 0x00, 0x00, 0xFF, 0xFF, 0xFF,
        0xFD, 0xFF, 0xFD, 0xFF, 0xFA, 0xFF, 0xFA, 0xFF, 0xF6, 0xFF, 0xF9, 0xFF, 0xF5, 0xFF, 0x41, 0x00,
        0x00, 0xFF, 0xFF, 0xFF, 0xFC, 0xFF, 0xFD, 0xFF, 0xF9, 0xFF, 0xFB, 0xFF, 0xF6, 0xFF, 0xF5, 0xFF,
        0xFA, 0x00, 0x00, 0x00, 0x00, 0x01, 0x00, 0xA1, 0xFF, 0xCE, 0x02, 0x60, 0x02, 0xD7, 0x00, 0x48,
        0x00, 0x00, 0x01, 0x01, 0x01, 0x01, 0x01, 0x01, 0x01, 0x01, 0x01, 0x01, 0x01, 0x01, 0x01, 0x01,
        0x01, 0x01, 0x01, 0x01, 0x01, 0x01, 0x01, 0x01, 0x01, 0x01, 0x01, 0x01, 0x01, 0x01, 0x01, 0x01,
        0x01, 0x01, 0x01, 0x01, 0x01, 0x01, 0x01, 0x01, 0x01, 0x01, 0x01, 0x01, 0x01, 0x01, 0x01, 0x01,
        0x01, 0x01, 0x01, 0x01, 0x01, 0x01, 0x01, 0x01, 0x01, 0x01, 0x01, 0x01, 0x01, 0x01, 0x01, 0x01,
        0x01, 0x01, 0x01, 0x01, 0x01, 0x01, 0x01, 0x01, 0x01, 0x01, 0x01, 0x00, 0xA1, 0x01, 0x29, 0x00,
        0x00, 0x00, 0x01, 0x00, 0x04, 0x00, 0x03, 0x00, 0x08, 0x00, 0x04, 0x00, 0x05, 0x00, 0x0B, 0x00,
        0x06, 0x00, 0x0B, 0x00, 0x0C, 0x00, 0x0B, 0x00, 0x05, 0x00, 0x08, 0x00, 0x04, 0x00, 0x05, 0x00,
        0x02, 0x00, 0x01, 0x00, 0x00, 0x00, 0x0B, 0x00, 0x0B, 0x00, 0x05, 0x00, 0x09, 0x00, 0x03, 0x00,
        0x06, 0x00, 0x02, 0x00, 0x02, 0x00, 0x00, 0xFF, 0xFC, 0xFF, 0xFA, 0xFF, 0xFD, 0xFF, 0xF7, 0xFF,
        0xFB, 0xFF, 0xF5, 0xFF, 0xF5, 0x00, 0x00, 0x00, 0x00, 0xFF, 0xFD, 0xFF, 0xFB, 0xFF, 0xF8, 0xFF,
        0xF7, 0xFF, 0xF5, 0xFF, 0xFA, 0xFF, 0xF5, 0xFF, 0xF4, 0xFF, 0xF5, 0xFF, 0xF7, 0xFF, 0xFC, 0xFF,
        0xF9, 0xFF, 0xFC, 0xFF, 0xFF, 0x00, 0x00, 0xFF, 0x3C, 0x00, 0x00, 0xFF, 0xFF, 0xFF, 0xFC, 0xFF,
        0xFD, 0xFF, 0xF8, 0xFF, 0xFC, 0xFF, 0xF5, 0xFF, 0xFB, 0xFF, 0xF4, 0xFF, 0xFB, 0xFF, 0xF4, 0xFF,
        0xFB, 0xFF, 0xF5, 0xFF, 0xF8, 0xFF, 0xFC, 0xFF, 0xFB, 0xFF, 0xFD, 0x00, 0x00, 0x00, 0xCB, 0x00,
        0x00, 0xFF, 0x35, 0xFF, 0xF4, 0xFF, 0xF5, 0xFF, 0xFB, 0xFF, 0xF7, 0xFF, 0xFD, 0xFF, 0xFC, 0xFF,
        0xFC, 0xFF, 0xFE, 0x00, 0x00, 0x00, 0x02, 0x00, 0x04, 0x00, 0x04, 0x00, 0x08, 0x00, 0x04, 0x00,
        0x0B, 0x00, 0x05, 0x00, 0x0C, 0x00, 0xCB, 0x00, 0x02, 0x00, 0x04, 0x00, 0x03, 0x00, 0x07, 0x00,
        0x05, 0x00, 0x0A, 0x00, 0x05, 0x00, 0x0C, 0x00, 0x0C, 0x00, 0x0B, 0x00, 0x0A, 0x00, 0x04, 0x00,
        0x08, 0x00, 0x03, 0x00, 0x04, 0x00, 0x01, 0x01, 0x20, 0x00, 0x06, 0x00, 0x0B, 0x00, 0x0B, 0x00,
        0x09, 0x00, 0x07, 0x00, 0x04, 0x00, 0x02, 0x00, 0x01, 0xFF, 0xFD, 0xFF, 0xFC, 0xFF, 0xF9, 0xFF,
        0xFC, 0xFF, 0xF6, 0xFF, 0xF5, 0xFF, 0xF4, 0xFE, 0xE0, 0x00, 0x00, 0x01, 0x75, 0x00, 0x0B, 0x00,
        0x0B, 0x00, 0x05, 0x00, 0x09, 0x00, 0x04, 0x00, 0x06, 0x00, 0x02, 0x00, 0x02, 0x00, 0x00, 0xFF,
        0xFE, 0xFF, 0xFE, 0xFF, 0xFA, 0xFF, 0xF8, 0xFF, 0xFB, 0xFF, 0xF6, 0xFF, 0xF5, 0xFF, 0xFA, 0x00,
        0x00, 0x01, 0x00, 0x70, 0xFF, 0xCE, 0x02, 0x60, 0x02, 0xD7, 0x00, 0x50, 0x00, 0x00, 0x01, 0x01,
        0x01, 0x01, 0x01, 0x01, 0x01, 0x01, 0x01, 0x01, 0x01, 0x01, 0x01, 0x01, 0x01, 0x01, 0x01, 0x01,
        0x01, 0x01, 0x01, 0x01, 0x01, 0x01, 0x01, 0x01, 0x01, 0x01, 0x01, 0x01, 0x01, 0x01, 0x01, 0x01,
        0x01, 0x01, 0x01, 0x01, 0x01, 0x01, 0x01, 0x01, 0x01, 0x01, 0x01, 0x01, 0x01, 0x01, 0x01, 0x01,
        0x01, 0x01, 0x01, 0x01, 0x01, 0x01, 0x01, 0x01, 0x01, 0x01, 0x01, 0x01, 0x01, 0x01, 0x01, 0x01,
        0x01, 0x01, 0x01, 0x01, 0x01, 0x01, 0x01, 0x01, 0x01, 0x01, 0x01, 0x01, 0x01, 0x01, 0x01, 0x02,
        0x2E, 0x00, 0x0C, 0x00, 0x05, 0x00, 0x0B, 0x00, 0x09, 0x00, 0x03, 0x00, 0x06, 0x00, 0x02, 0x00,
        0x02, 0x00, 0x00, 0xFF, 0xFE, 0xFF, 0xFE, 0xFF, 0xFA, 0xFF, 0xFD, 0xFF, 0xF7, 0xFF, 0xF5, 0xFF,
        0xFB, 0xFF, 0xF4, 0xFE, 0xA5, 0x00, 0x00, 0x01, 0x29, 0x00, 0x00, 0xFF, 0x1E, 0xFF, 0xF9, 0xFF,
        0xF9, 0xFF, 0xF9, 0xFF, 0xB1, 0xFF, 0xFA, 0xFF, 0xF5, 0xFF, 0xF4, 0xFF, 0xFA, 0xFF, 0xF6, 0xFF,
        0xF6, 0xFF, 0xF9, 0xFF, 0xFB, 0xFF, 0xFD, 0x00, 0x00, 0x00, 0x01, 0x00, 0x04, 0x00, 0x03, 0x00,
        0x04, 0x00, 0x08, 0x00, 0x0A, 0x00, 0x5A, 0x00, 0x13, 0x00, 0x0A, 0x00, 0x14, 0x00, 0xE4, 0x00,
        0x09, 0x00, 0x0B, 0x00, 0x0A, 0x00, 0x0A, 0x00, 0x09, 0x00, 0x09, 0x00, 0x08, 0x00, 0x08, 0x00,
        0x06, 0x00, 0x06, 0x00, 0x05, 0x00, 0x04, 0x00, 0x02, 0x00, 0x02, 0x00, 0x00, 0x00, 0x00, 0x00,
        0x00, 0xFF, 0xFE, 0xFF, 0xFE, 0xFF, 0xFC, 0xFF, 0xFB, 0xFF, 0xFA, 0xFF, 0xFA, 0xFF, 0xF8, 0xFF,
        0xF8, 0xFF, 0xF7, 0xFF, 0xF7, 0xFF, 0xF6, 0xFF, 0xF6, 0xFF, 0xF5, 0xFF, 0xF7, 0xFF, 0x3A, 0x00,
        0x00, 0x02, 0x72, 0x00, 0x02, 0x00, 0x01, 0x00, 0x06, 0x00, 0x07, 0x00, 0x05, 0x00, 0x0A, 0x00,
        0x05, 0x00, 0x0C, 0x00, 0x06, 0x00, 0x0B, 0x00, 0x06, 0x00, 0x0A, 0x00, 0x04, 0x00, 0x08, 0x00,
        0x05, 0x00, 0x02, 0x00, 0x01, 0x00, 0x00, 0xFE, 0x49, 0x00, 0x00, 0xFF, 0x12, 0x00, 0x00, 0x00,
        0x01, 0x00, 0x01, 0x00, 0x03, 0x00, 0x22, 0x00, 0x02, 0x00, 0x02, 0xFF, 0xFF, 0xFF, 0xFF, 0xFF,
        0xFB, 0xFF, 0xF9, 0xFF, 0xF7, 0xFF, 0xF5, 0xFF, 0xF5, 0xFF, 0xF4, 0xFF, 0xFB, 0xFF, 0xF5, 0xFF,
        0xFA, 0xFF, 0xFC, 0xFF, 0xF8, 0xFF, 0xFA, 0xFF, 0xDA, 0xFF, 0xFB, 0xFF, 0xFE, 0xFF, 0xFF, 0x00,
        0x00, 0x00, 0x00, 0x00, 0x02, 0x00, 0x02, 0x00, 0x04, 0x00, 0x05, 0x00, 0x06, 0x00, 0x06, 0x00,
        0x08, 0x00, 0x08, 0x00, 0x09, 0x00, 0x09, 0x00, 0x0A, 0x00, 0x0A, 0x00, 0x0B, 0x00, 0x09, 0x00,
        0xF0, 0x00, 0x0A, 0x00, 0x0A, 0x00, 0x0A, 0x00, 0x0A, 0x00, 0x09, 0x00, 0x09, 0x00, 0x08, 0x00,
        0x08, 0x00, 0x07, 0x00, 0x05, 0x00, 0x05, 0x00, 0x04, 0x00, 0x03, 0x00, 0x01, 0x00, 0x01, 0x00,
        0x00, 0x00, 0xED, 0x00, 0x00, 0x02, 0x00, 0x70, 0xFF, 0xCE, 0x02, 0x60, 0x02, 0xD7, 0x00, 0x36,
        0x00, 0x3A, 0x00, 0x00, 0x01, 0x01, 0x01, 0x01, 0x01, 0x01, 0x01, 0x01, 0x01, 0x01, 0x01, 0x01,
        0x01, 0x01, 0x01, 0x01, 0x01, 0x01, 0x01, 0x01, 0x01, 0x01, 0x01, 0x01, 0x01, 0x01, 0x01, 0x01,
        0x01, 0x01, 0x01, 0x01, 0x01, 0x01, 0x01, 0x01, 0x01, 0x01, 0x01, 0x01, 0x01, 0x01, 0x01, 0x01,
        0x01, 0x01, 0x01, 0x01, 0x01, 0x01, 0x01, 0x01, 0x01, 0x01, 0x01, 0x01, 0x01, 0x01, 0x01, 0x00,
        0x70, 0x00, 0x01, 0x00, 0x01, 0x00, 0x05, 0x00, 0x07, 0x00, 0x09, 0x00, 0x0A, 0x00, 0x06, 0x00,
        0x0B, 0x01, 0x92, 0x00, 0x0B, 0x00, 0x05, 0x00, 0x05, 0x00, 0x09, 0x00, 0x07, 0x00, 0x05, 0x00,
        0x02, 0x00, 0x00, 0x00, 0x00, 0xFF, 0xFE, 0xFF, 0xFB, 0xFF, 0xF9, 0xFF, 0xFB, 0xFF, 0xF7, 0xFF,
        0xFB, 0xFF, 0xF5, 0xFF, 0xFA, 0xFE, 0xA6, 0x00, 0x00, 0x00, 0x0B, 0x00, 0x0B, 0x00, 0x05, 0x00,
        0x09, 0x00, 0x07, 0x00, 0x03, 0x00, 0x03, 0x00, 0x01, 0x00, 0x00, 0xFF, 0xFE, 0xFF, 0xFB, 0xFF,
        0xF9, 0xFF, 0xF7, 0xFF, 0xFB, 0xFF, 0xF5, 0xFF, 0xF5, 0xFF, 0xCE, 0xFF, 0xF5, 0xFF, 0xF5, 0xFF,
        0xFB, 0xFF, 0xF7, 0xFF, 0xF9, 0xFF, 0xFE, 0xFF, 0xFC, 0xFF, 0xFF, 0x00, 0x00, 0x00, 0x64, 0x00,
        0x00, 0x01, 0x28, 0x00, 0x00, 0x00, 0x00, 0xFF, 0xF5, 0xFF, 0xFA, 0xFF, 0xF6, 0xFF, 0xF7, 0xFF,
        0xF9, 0xFF, 0xFB, 0xFF, 0xFF, 0xFF, 0xFF, 0x00, 0x00, 0x00, 0x02, 0x00, 0x03, 0x00, 0x02, 0x00,
        0x07, 0x00, 0x09, 0x00, 0x0A, 0x00, 0x0B, 0x00, 0x06, 0x01, 0x03, 0x00, 0x0B, 0x00, 0x0B, 0x00,
        0x08, 0x00, 0x04, 0x00, 0x06, 0x00, 0x02, 0x00, 0x03, 0x00, 0x00, 0x00, 0x00, 0x01, 0x42, 0x00,
        0x02, 0x00, 0x04, 0x00, 0x03, 0x00, 0x07, 0x00, 0x0A, 0x00, 0x05, 0x00, 0x0B, 0x00, 0x06, 0x00,
        0x06, 0x00, 0x0B, 0x00, 0x0B, 0x00, 0x09, 0x00, 0x08, 0x00, 0x03, 0x00, 0x04, 0x00, 0x01, 0x00,
        0x00, 0xFF, 0xFF, 0xFF, 0xFC, 0xFF, 0xFD, 0xFF, 0xF9, 0xFF, 0xF8, 0xFF, 0xFB, 0xFF, 0xF5, 0xFF,
        0xF5, 0xFE, 0x59, 0xFF, 0x34, 0x00, 0x99, 0x00, 0x00, 0xFF, 0x67, 0x00, 0x00, 0x01, 0x00, 0x70,
        0xFF, 0xCE, 0x02, 0x60, 0x02, 0xD7, 0x00, 0x37, 0x00, 0x00, 0x01, 0x01, 0x01, 0x01, 0x01, 0x01,
        0x01, 0x01, 0x01, 0x01, 0x01, 0x01, 0x01, 0x01, 0x01, 0x01, 0x01, 0x01, 0x01, 0x01, 0x01, 0x01,
        0x01, 0x01, 0x01, 0x01, 0x01, 0x01, 0x01, 0x01, 0x01, 0x01, 0x01, 0x01, 0x01, 0x01, 0x01, 0x01,
        0x01, 0x01, 0x01, 0x01, 0x01, 0x01, 0x01, 0x01, 0x01, 0x01, 0x01, 0x01, 0x01, 0x01, 0x01, 0x01,
        0x01, 0x01, 0x00, 0x70, 0x00, 0x01, 0x00, 0x02, 0x00, 0x02, 0x00, 0x06, 0x00, 0x09, 0x00, 0x0A,
        0x00, 0x06, 0x00, 0x0B, 0x00, 0x06, 0x00, 0x0B, 0x00, 0x06, 0x00, 0x0A, 0x00, 0x05, 0x00, 0x07,
        0x00, 0x05, 0x00, 0x03, 0x01, 0x28, 0x00, 0x00, 0xFF, 0x4B, 0xFF, 0xFC, 0xFF, 0xFA, 0xFF, 0xFB,
        0xFF, 0xFF, 0xFF, 0xFF, 0x00, 0x00, 0x00, 0x03, 0x00, 0x05, 0x00, 0x07, 0x00, 0x05, 0x00, 0x0A,
        0x00, 0x0B, 0x00, 0x0C, 0x00, 0x0B, 0x00, 0x0B, 0x00, 0x0A, 0x00, 0x07, 0x00, 0x05, 0x00, 0x02,
        0x00, 0x01, 0x00, 0x00, 0x00, 0xB7, 0x00, 0x06, 0x00, 0x05, 0x00, 0x04, 0x00, 0x00, 0x00, 0x00,
        0xFE, 0x3C, 0xFF, 0xF5, 0xFF, 0xFB, 0xFF, 0xFB, 0xFF, 0xF7, 0xFF, 0xF9, 0xFF, 0xFE, 0xFF, 0xFC,
        0xFF, 0xFF, 0x02, 0x7A, 0xFF, 0xF5, 0xFF, 0xFA, 0xFF, 0xFB, 0xFF, 0xF6, 0xFF, 0xF8, 0xFF, 0xFA,
        0xFF, 0xFE, 0xFF, 0xFE, 0x00, 0x00, 0x00, 0x02, 0x00, 0x02, 0x00, 0x06, 0x00, 0x04, 0x00, 0x09,
        0x00, 0x0A, 0x00, 0x09, 0x00, 0x00, 0xFF, 0x4C, 0xFF, 0x66, 0xFF, 0xFC, 0xFF, 0xF8, 0xFF, 0xF6,
        0xFF, 0xFB, 0xFF, 0xF5, 0xFE, 0xFC, 0xFF, 0xF5, 0xFF, 0xF5, 0xFF, 0xF7, 0xFF, 0xFD, 0xFF, 0xFA,
        0xFF, 0xFC, 0x00, 0x00, 0x00, 0x02, 0x00, 0x04, 0x00, 0x07, 0x00, 0x09, 0x00, 0x0B, 0x00, 0x05,
        0x00, 0x0C, 0x00, 0xE7, 0x00, 0x9B, 0x00, 0x07, 0x00, 0x0A, 0x00, 0x0C, 0x00, 0x08, 0x01, 0x30,
        0x00, 0x00, 0xFF, 0xFD, 0xFF, 0xFE, 0xFF, 0xFD, 0xFF, 0xF9, 0xFF, 0xF8, 0xFF, 0xFB, 0xFF, 0xF5,
        0xFF, 0xF5, 0x00, 0x00, 0x00, 0x03, 0x00, 0x70, 0xFF, 0xCE, 0x02, 0x60, 0x02, 0xD7, 0x00, 0x44,
        0x00, 0x49, 0x00, 0x4D, 0x00, 0x00, 0x01, 0x01, 0x01, 0x01, 0x01, 0x01, 0x01, 0x01, 0x01, 0x01,
        0x01, 0x01, 0x01, 0x01, 0x01, 0x01, 0x01, 0x01, 0x01, 0x01, 0x01, 0x01, 0x01, 0x01, 0x01, 0x01,
        0x01, 0x01, 0x01, 0x01, 0x01, 0x01, 0x01, 0x01, 0x01, 0x01, 0x01, 0x01, 0x01, 0x01, 0x01, 0x01,
        0x01, 0x01, 0x01, 0x01, 0x01, 0x01, 0x01, 0x01, 0x01, 0x01, 0x01, 0x01, 0x01, 0x01, 0x01, 0x01,
        0x01, 0x01, 0x01, 0x01, 0x01, 0x01, 0x01, 0x01, 0x01, 0x01, 0x01, 0x01, 0x01, 0x01, 0x01, 0x01,
        0x01, 0x01, 0x01, 0x01, 0x00, 0x70, 0x00, 0x01, 0x00, 0x03, 0x00, 0x03, 0x00, 0x05, 0x00, 0x05,
        0x00, 0x07, 0x00, 0x07, 0x00, 0x0C, 0x00, 0x09, 0x00, 0x0A, 0x00, 0x0A, 0x00, 0x0A, 0x00, 0x11,
        0x01, 0x2A, 0x00, 0x0C, 0x00, 0x0A, 0x00, 0x0A, 0x00, 0x0A, 0x00, 0x0E, 0x00, 0x0C, 0x00, 0x0B,
        0x00, 0x08, 0x00, 0x07, 0x00, 0x04, 0x00, 0x01, 0x00, 0x00, 0xFF, 0xFF, 0xFF, 0xFC, 0xFF, 0xFC,
        0xFF, 0xFB, 0xFF, 0xF6, 0xFF, 0xF5, 0xFF, 0xF3, 0xFF, 0xF7, 0xFF, 0xF6, 0xFF, 0xF1, 0xFF, 0xEF,
        0x00, 0x00, 0xFF, 0xFF, 0xFF, 0xFC, 0xFF, 0xFA, 0xFF, 0xF8, 0xFF, 0xF7, 0xFF, 0xF5, 0xFF, 0xF5,
        0xFF, 0x3A, 0xFF, 0xF5, 0xFF, 0xF5, 0xFF, 0xF7, 0xFF, 0xF8, 0xFF, 0xFA, 0xFF, 0xFD, 0xFF, 0xFF,
        0xFF, 0xFF, 0x00, 0x00, 0xFF, 0xEF, 0xFF, 0xF6, 0xFF, 0xF6, 0xFF, 0xF6, 0xFF, 0xF7, 0xFF, 0xF8,
        0xFF, 0xF8, 0xFF, 0xF9, 0xFF, 0xFA, 0xFF, 0xF9, 0xFF, 0xFD, 0xFF, 0xFD, 0xFF, 0xFF, 0x00, 0x64,
        0x00, 0x00, 0x01, 0x28, 0x00, 0x00, 0xFE, 0xD8, 0x00, 0x63, 0x00, 0x00, 0x00, 0x62, 0x00, 0x00,
        0x00, 0x31, 0xFF, 0xEF, 0xFF, 0xF6, 0xFF, 0xF6, 0xFF, 0xF6, 0xFF, 0xF7, 0xFF, 0xF8, 0xFF, 0xF8,
        0xFF, 0xF6, 0xFF, 0xFB, 0xFF, 0xFB, 0xFF, 0xFD, 0xFF, 0xFD, 0xFF, 0xFF, 0x00, 0x00, 0x00, 0x00,
        0x00, 0x02, 0x00, 0x03, 0x00, 0x04, 0x00, 0x08, 0x00, 0x0A, 0x00, 0x0C, 0x00, 0x0D, 0x00, 0x0F,
        0x00, 0x0F, 0x00, 0x11, 0x00, 0xF0, 0x00, 0x11, 0x00, 0x10, 0x00, 0x09, 0x00, 0x0A, 0x00, 0x0C,
        0x00, 0x0C, 0x00, 0x09, 0x00, 0x05, 0x00, 0x04, 0x00, 0x04, 0x00, 0x02, 0x01, 0x25, 0x00, 0x06,
        0x00, 0x0B, 0x00, 0x09, 0x00, 0x08, 0x00, 0x06, 0x00, 0x04, 0x00, 0x01, 0x00, 0x00, 0xFF, 0xFF,
        0xFF, 0xFC, 0xFF, 0xFA, 0xFF, 0xF8, 0xFF, 0xF7, 0xFF, 0xFA, 0xFF, 0xFB, 0xFF, 0xF5, 0xFE, 0xE0,
        0xFF, 0xFE, 0xFF, 0xFE, 0xFF, 0xFC, 0xFF, 0xFC, 0xFF, 0xFA, 0xFF, 0xFA, 0xFF, 0xF8, 0xFF, 0xF8,
        0xFF, 0xF8, 0xFF, 0xF2, 0xFF, 0xF6, 0xFF, 0xF5, 0xFF, 0xEF, 0xFF, 0x13, 0x00, 0xEC, 0x00, 0x00,
        0xFF, 0x12, 0x00, 0x00, 0x01, 0x53, 0x00, 0xED, 0x00, 0x00, 0xFF, 0x13, 0x00, 0x02, 0x00, 0x70,
        0xFF, 0xCE, 0x02, 0x60, 0x02, 0xD7, 0x00, 0x35, 0x00, 0x39, 0x00, 0x00, 0x01, 0x01, 0x01, 0x01,
        0x01, 0x01, 0x01, 0x01, 0x01, 0x01, 0x01, 0x01, 0x01, 0x01, 0x01, 0x01, 0x01, 0x01, 0x01, 0x01,
        0x01, 0x01, 0x01, 0x01, 0x01, 0x01, 0x01, 0x01, 0x01, 0x01, 0x01, 0x01, 0x01, 0x01, 0x01, 0x01,
        0x01, 0x01, 0x01, 0x01, 0x01, 0x01, 0x01, 0x01, 0x01, 0x01, 0x01, 0x01, 0x01, 0x01, 0x01, 0x01,
        0x01, 0x01, 0x01, 0x01, 0x01, 0x01, 0x00, 0x70, 0x00, 0x00, 0x00, 0x02, 0x00, 0x05, 0x00, 0x07,
        0x00, 0x09, 0x00, 0x05, 0x00, 0x05, 0x00, 0x0B, 0x01, 0x60, 0x00, 0x00, 0xFF, 0xF5, 0xFF, 0xF5,
        0xFF, 0xF6, 0xFF, 0xFC, 0xFF, 0xF9, 0xFF, 0xFB, 0xFF, 0xFF, 0xFF, 0xFF, 0x00, 0x01, 0x00, 0x03,
        0x00, 0x06, 0x00, 0x08, 0x00, 0x0A, 0x00, 0x05, 0x00, 0x06, 0x00, 0x0C, 0x00, 0x31, 0x00, 0x0B,
        0x00, 0x06, 0x00, 0x0A, 0x00, 0x09, 0x00, 0x03, 0x00, 0x06, 0x00, 0x04, 0x00, 0x01, 0x00, 0x00,
        0x00, 0x00, 0xFF, 0xFE, 0xFF, 0xFB, 0xFF, 0xF9, 0xFF, 0xF7, 0xFF, 0xFB, 0xFF, 0xF5, 0xFF, 0xF5,
        0xFE, 0x6E, 0xFF, 0xF5, 0xFF, 0xFB, 0xFF, 0xFB, 0xFF, 0xF7, 0xFF, 0xF9, 0xFF, 0xFB, 0xFF, 0xFE,
        0x00, 0x00, 0x00, 0x64, 0x00, 0x00, 0x01, 0x28, 0x00, 0x00, 0x01, 0xA7, 0xFF, 0xFA, 0xFF, 0xF5,
        0xFF, 0xF6, 0xFF, 0xF7, 0xFF, 0xF9, 0xFF, 0xFE, 0xFF, 0xFD, 0xFF, 0xFE, 0x00, 0x00, 0xFE, 0xBD,
        0xFF, 0xFF, 0xFF, 0xFC, 0xFF, 0xFA, 0xFF, 0xFC, 0xFF, 0xF6, 0xFF, 0xF5, 0xFF, 0xFB, 0xFF, 0xF4,
        0xFF, 0xFA, 0xFF, 0xF5, 0xFF, 0xF6, 0xFF, 0xF7, 0xFF, 0xFA, 0xFF, 0xFE, 0xFF, 0xFE, 0xFF, 0xFF,
        0x00, 0x00, 0x00, 0x01, 0x00, 0x01, 0x00, 0x05, 0x00, 0x07, 0x00, 0x05, 0x00, 0x09, 0x00, 0x0B,
        0x00, 0x0B, 0x01, 0xA7, 0x01, 0x03, 0x00, 0x0B, 0x00, 0x0B, 0x00, 0x08, 0x00, 0x07, 0x00, 0x03,
        0x00, 0x04, 0x00, 0x01, 0x00, 0x00, 0xFF, 0xFD, 0xFF, 0xFE, 0xFF, 0xFD, 0xFF, 0xF9, 0xFF, 0xF8,
        0xFF, 0xF5, 0xFF, 0xF5, 0xFF, 0xFB, 0xFF, 0x34, 0x00, 0x99, 0x00, 0x00, 0xFF, 0x67, 0x00, 0x00,
        0x00, 0x02, 0x01, 0x04, 0x00, 0x4C, 0x01, 0xCC, 0x02, 0x58, 0x00, 0x24, 0x00, 0x49, 0x00, 0x00,
        0x01, 0x01, 0x01, 0x01, 0x01, 0x01, 0x01, 0x01, 0x01, 0x01, 0x01, 0x01, 0x01, 0x01, 0x01, 0x01,
        0x01, 0x01, 0x01, 0x01, 0x01, 0x01, 0x01, 0x01, 0x01, 0x01, 0x01, 0x01, 0x01, 0x01, 0x01, 0x01,
        0x01, 0x01, 0x01, 0x01, 0x01, 0x01, 0x01, 0x01, 0x01, 0x01, 0x01, 0x01, 0x01, 0x01, 0x01, 0x01,
        0x01, 0x01, 0x01, 0x01, 0x01, 0x01, 0x01, 0x01, 0x01, 0x01, 0x01, 0x01, 0x01, 0x01, 0x01, 0x01,
        0x01, 0x01, 0x01, 0x01, 0x01, 0x01, 0x01, 0x01, 0x01, 0x01, 0x01, 0x04, 0x00, 0x01, 0x00, 0x01,
        0x00, 0x02, 0x00, 0x06, 0x00, 0x08, 0x00, 0x05, 0x00, 0x05, 0x00, 0x0B, 0x00, 0x0B, 0x00, 0x64,
        0x00, 0x05, 0x00, 0x0C, 0x00, 0x0A, 0x00, 0x09, 0x00, 0x07, 0x00, 0x05, 0x00, 0x02, 0x00, 0x00,
        0xFF, 0xFF, 0xFF, 0xFD, 0xFF, 0xFD, 0xFF, 0xF9, 0xFF, 0xF7, 0xFF, 0xF6, 0xFF, 0xF4, 0xFF, 0xFB,
        0xFF, 0x9C, 0xFF, 0xFB, 0xFF, 0xF4, 0xFF, 0xF6, 0xFF, 0xFB, 0xFF, 0xF8, 0xFF, 0xFA, 0xFF, 0xFE,
        0xFF, 0xFF, 0xFF, 0xFF, 0x00, 0x00, 0x00, 0x01, 0x00, 0x01, 0x00, 0x02, 0x00, 0x06, 0x00, 0x04,
        0x00, 0x09, 0x00, 0x0A, 0x00, 0x06, 0x00, 0x0B, 0x00, 0x64, 0x00, 0x0B, 0x00, 0x06, 0x00, 0x0A,
        0x00, 0x09, 0x00, 0x07, 0x00, 0x05, 0x00, 0x02, 0x00, 0x00, 0x00, 0x00, 0xFF, 0xFE, 0xFF, 0xFB,
        0xFF, 0xF9, 0xFF, 0xF7, 0xFF, 0xF6, 0xFF, 0xF4, 0xFF, 0xFB, 0xFF, 0x9C, 0xFF, 0xF5, 0xFF, 0xFA,
        0xFF, 0xF6, 0xFF, 0xF7, 0xFF, 0xFC, 0xFF, 0xFA, 0xFF, 0xFE, 0xFF, 0xFF, 0xFF, 0xFF, 0x01, 0xD1,
        0xFF, 0xF8, 0xFF, 0xFA, 0xFF, 0xFA, 0xFF, 0xF6, 0xFF, 0xF8, 0xFF, 0xFC, 0xFF, 0xFD, 0xFF, 0xFC,
        0xFF, 0xFF, 0x00, 0x00, 0x00, 0x00, 0x00, 0x03, 0x00, 0x05, 0x00, 0x08, 0x00, 0x09, 0x00, 0x0B,
        0x00, 0x0B, 0x00, 0x55, 0x00, 0x0C, 0x00, 0x0B, 0x00, 0x05, 0x00, 0x0A, 0x00, 0x07, 0x00, 0x05,
        0x00, 0x03, 0x00, 0x00, 0x00, 0x00, 0x00, 0x00, 0xFF, 0xFD, 0xFF, 0xFB, 0xFF, 0xFD, 0xFF, 0xF7,
        0xFF, 0xF6, 0xFF, 0xFA, 0xFF, 0xFB, 0xFF, 0xF7, 0xFE, 0x59, 0xFF, 0xF7, 0xFF, 0xFA, 0xFF, 0xFB,
        0xFF, 0xF6, 0xFF, 0xFB, 0xFF, 0xF9, 0xFF, 0xFB, 0xFF, 0xFE, 0xFF, 0xFE, 0x00, 0x00, 0x00, 0x02,
        0x00, 0x02, 0x00, 0x05, 0x00, 0x07, 0x00, 0x0A, 0x00, 0x0A, 0x00, 0x0C, 0x00, 0x55, 0x00, 0x05,
        0x00, 0x0C, 0x00, 0x0B, 0x00, 0x09, 0x00, 0x08, 0x00, 0x05, 0x00, 0x03, 0x00, 0x00, 0x00, 0x00,
        0xFF, 0xFF, 0xFF, 0xFE, 0xFF, 0xFB, 0xFF, 0xF8, 0xFF, 0xFC, 0xFF, 0xF5, 0xFF, 0xFB, 0xFF, 0xFA,
        0xFF, 0xF8, 0x00, 0x00, 0x00, 0x02, 0x00, 0xD3, 0xFF, 0xCE, 0x01, 0xFD, 0x02, 0x83, 0x00, 0x2B,
        0x00, 0x4F, 0x00, 0x00, 0x01, 0x01, 0x01, 0x01, 0x01, 0x01, 0x01, 0x01, 0x01, 0x01, 0x01, 0x01,
        0x01, 0x01, 0x01, 0x01, 0x01, 0x01, 0x01, 0x01, 0x01, 0x01, 0x01, 0x01, 0x01, 0x01, 0x01, 0x01,
        0x01, 0x01, 0x01, 0x01, 0x01, 0x01, 0x01, 0x01, 0x01, 0x01, 0x01, 0x01, 0x01, 0x01, 0x01, 0x01,
        0x01, 0x01, 0x01, 0x01, 0x01, 0x01, 0x01, 0x01, 0x01, 0x01, 0x01, 0x01, 0x01, 0x01, 0x01, 0x01,
        0x01, 0x01, 0x01, 0x01, 0x01, 0x01, 0x01, 0x01, 0x01, 0x01, 0x01, 0x01, 0x01, 0x01, 0x01, 0x01,
        0x01, 0x01, 0x01, 0x01, 0x01, 0xD4, 0x00, 0x0B, 0x00, 0x05, 0x00, 0x0A, 0x00, 0x07, 0x00, 0x03,
        0x00, 0x04, 0x00, 0x01, 0x00, 0x00, 0xFF, 0xFF, 0xFF, 0xFF, 0xFF, 0xFB, 0xFF, 0xF9, 0xFF, 0xF7,
        0xFF, 0xF6, 0xFF, 0xF5, 0xFF, 0x2E, 0xFF, 0xFA, 0xFF, 0xF5, 0xFF, 0xF7, 0xFF, 0xFB, 0xFF, 0xF9,
        0xFF, 0xFC, 0xFF, 0xFE, 0x00, 0x00, 0x00, 0x00, 0x00, 0x04, 0x00, 0x02, 0x00, 0x07, 0x00, 0x09,
        0x00, 0x05, 0x00, 0x0B, 0x00, 0x0C, 0x00, 0x94, 0x00, 0x00, 0x00, 0x01, 0x00, 0x04, 0x00, 0x03,
        0x00, 0x07, 0x00, 0x05, 0x00, 0x0A, 0x00, 0x06, 0x00, 0x05, 0x00, 0x0C, 0xFF, 0xA0, 0x00, 0x0B,
        0x00, 0x06, 0x00, 0x05, 0x00, 0x09, 0x00, 0x07, 0x00, 0x02, 0x00, 0x04, 0x00, 0x00, 0x00, 0x00,
        0xFF, 0xFE, 0xFF, 0xFC, 0xFF, 0xF9, 0xFF, 0xF7, 0xFF, 0xFB, 0xFF, 0xF5, 0xFF, 0xF4, 0xFF, 0x9D,
        0xFF, 0xFA, 0xFF, 0xF5, 0xFF, 0xFA, 0xFF, 0xF7, 0xFF, 0xFB, 0xFF, 0xF9, 0xFF, 0xFC, 0xFF, 0xFE,
        0x00, 0x00, 0x00, 0x00, 0x00, 0x02, 0x00, 0x04, 0x00, 0x04, 0x00, 0x08, 0x00, 0x09, 0x00, 0x0B,
        0x00, 0x0C, 0x00, 0x63, 0xFF, 0xCE, 0x00, 0x04, 0x00, 0x02, 0x00, 0x07, 0x00, 0x09, 0x00, 0x05,
        0x00, 0x0B, 0x00, 0x06, 0x01, 0x04, 0x00, 0x0B, 0x00, 0x05, 0x00, 0x0B, 0x00, 0x08, 0x00, 0x07,
        0x00, 0x05, 0x00, 0x03, 0x00, 0x00, 0xFF, 0xFF, 0xFF, 0xFC, 0xFF, 0xF9, 0xFF, 0xFC, 0xFF, 0xF7,
        0xFF, 0xF5, 0xFF, 0xFB, 0xFF, 0xF4, 0xFF, 0xFA, 0xFF, 0xF5, 0xFF, 0xFB, 0xFF, 0xF6, 0xFF, 0xF9,
        0xFF, 0xFD, 0xFF, 0xFC, 0xFF, 0xFE, 0x00, 0x00, 0xFF, 0x35, 0xFF, 0xF4, 0xFF, 0xF5, 0xFF, 0xFB,
        0xFF, 0xF7, 0xFF, 0xFD, 0xFF, 0xFA, 0xFF, 0xFE, 0xFF, 0xFE, 0x00, 0x00, 0x01, 0xFC, 0x00, 0x02,
        0x00, 0x03, 0x00, 0x02, 0x00, 0x08, 0x00, 0x09, 0x00, 0x06, 0x00, 0x0B, 0x00, 0x06, 0x00, 0x5A,
        0x00, 0x0C, 0x00, 0x0A, 0x00, 0x0A, 0x00, 0x07, 0x00, 0x03, 0x00, 0x04, 0x00, 0x02, 0x00, 0x00,
        0xFF, 0xFF, 0xFF, 0xFE, 0xFF, 0xFD, 0xFF, 0xFA, 0xFF, 0xFC, 0xFF, 0xF6, 0xFF, 0xF6, 0xFF, 0xFA,
        0xFF, 0xF7, 0xFF, 0xA9, 0xFF, 0xF4, 0xFF, 0xF5, 0xFF, 0xFB, 0xFF, 0xF8, 0xFF, 0xFA, 0xFF, 0xFC,
        0xFF, 0xFE, 0x00, 0x00, 0x00, 0x02, 0x00, 0x70, 0x00, 0xCB, 0x02, 0x60, 0x02, 0x04, 0x00, 0x24,
        0x00, 0x49, 0x00, 0x00, 0x01, 0x01, 0x01, 0x01, 0x01, 0x01, 0x01, 0x01, 0x01, 0x01, 0x01, 0x01,
        0x01, 0x01, 0x01, 0x01, 0x01, 0x01, 0x01, 0x01, 0x01, 0x01, 0x01, 0x01, 0x01, 0x01, 0x01, 0x01,
        0x01, 0x01, 0x01, 0x01, 0x01, 0x01, 0x01, 0x01, 0x01, 0x01, 0x01, 0x01, 0x01, 0x01, 0x01, 0x01,
        0x01, 0x01, 0x01, 0x01, 0x01, 0x01, 0x01, 0x01, 0x01, 0x01, 0x01, 0x01, 0x01, 0x01, 0x01, 0x01,
        0x01, 0x01, 0x01, 0x01, 0x01, 0x01, 0x01, 0x01, 0x01, 0x01, 0x01, 0x01, 0x01, 0x01, 0x02, 0x34,
        0x00, 0x06, 0x00, 0x0B, 0x00, 0x05, 0x00, 0x09, 0x00, 0x03, 0x00, 0x06, 0x00, 0x02, 0x00, 0x02,
        0x00, 0x00, 0xFF, 0xFE, 0xFF, 0xFE, 0xFF, 0xFA, 0xFF, 0xFD, 0xFF, 0xF7, 0xFF, 0xFB, 0xFF, 0xF5,
        0xFF, 0xF4, 0xFE, 0x6E, 0xFF, 0xFA, 0xFF, 0xF5, 0xFF, 0xFB, 0xFF, 0xF7, 0xFF, 0xF9, 0xFF, 0xFE,
        0xFF, 0xFC, 0x00, 0x00, 0x00, 0x00, 0x00, 0x02, 0x00, 0x02, 0x00, 0x06, 0x00, 0x03, 0x00, 0x09,
        0x00, 0x05, 0x00, 0x0B, 0x00, 0x0C, 0x01, 0x8C, 0x00, 0x06, 0x00, 0x0B, 0x00, 0x06, 0x00, 0x09,
        0x00, 0x05, 0x00, 0x07, 0x00, 0x02, 0x00, 0x04, 0x00, 0x00, 0x00, 0x00, 0xFF, 0xFE, 0xFF, 0xFC,
        0xFF, 0xFC, 0xFF, 0xF8, 0xFF, 0xFC, 0xFF, 0xF5, 0xFF, 0xFB, 0xFF, 0xF4, 0xFE, 0x74, 0xFF, 0xFA,
        0xFF, 0xF5, 0xFF, 0xFA, 0xFF, 0xF7, 0xFF, 0xF8, 0xFF, 0xFC, 0xFF, 0xFC, 0xFF, 0xFE, 0x00, 0x00,
        0x00, 0x00, 0x00, 0x02, 0x00, 0x04, 0x00, 0x04, 0x00, 0x08, 0x00, 0x09, 0x00, 0x0B, 0x00, 0x0C,
        0x01, 0x8C, 0x00, 0xCC, 0x00, 0x01, 0x00, 0x04, 0x00, 0x03, 0x00, 0x07, 0x00, 0x05, 0x00, 0x0A,
        0x00, 0x05, 0x00, 0x0C, 0x00, 0x06, 0x00, 0x0B, 0x00, 0x06, 0x00, 0x0A, 0x00, 0x04, 0x00, 0x08,
        0x00, 0x03, 0x00, 0x04, 0x00, 0x01, 0x00, 0x00, 0xFF, 0xFF, 0xFF, 0xFC, 0xFF, 0xFD, 0xFF, 0xF8,
        0xFF, 0xF7, 0xFF, 0xFB, 0xFF, 0xF5, 0xFF, 0xFA, 0xFF, 0xF4, 0xFF, 0xFA, 0xFF, 0xFB, 0xFF, 0xF6,
        0xFF, 0xFB, 0xFF, 0xF9, 0xFF, 0xFD, 0xFF, 0xFC, 0xFF, 0xFE, 0x00, 0x00, 0x00, 0xD4, 0x00, 0x03,
        0x00, 0x02, 0x00, 0x07, 0x00, 0x04, 0x00, 0x09, 0x00, 0x05, 0x00, 0x0C, 0x00, 0x05, 0x00, 0x0C,
        0x00, 0x06, 0x00, 0x0B, 0x00, 0x04, 0x00, 0x09, 0x00, 0x03, 0x00, 0x06, 0x00, 0x01, 0x00, 0x02,
        0x00, 0x00, 0xFF, 0xFF, 0xFF, 0xFE, 0xFF, 0xFD, 0xFF, 0xFA, 0xFF, 0xF7, 0xFF, 0xFC, 0xFF, 0xF5,
        0xFF, 0xFA, 0xFF, 0xFA, 0xFF, 0xF5, 0xFF, 0xFA, 0xFF, 0xF5, 0xFF, 0xFB, 0xFF, 0xF8, 0xFF, 0xF9,
        0xFF, 0xFC, 0xFF, 0xFF, 0x00, 0x00, 0x00, 0x00, 0x00, 0x02, 0x00, 0x70, 0xFF, 0xCE, 0x02, 0x60,
        0x02, 0xD7, 0x00, 0x40, 0x00, 0x61, 0x00, 0x00, 0x01, 0x01, 0x01, 0x01, 0x01, 0x01, 0x01, 0x01,
        0x01, 0x01, 0x01, 0x01, 0x01, 0x01, 0x01, 0x01, 0x01, 0x01, 0x01, 0x01, 0x01, 0x01, 0x01, 0x01,
        0x01, 0x01, 0x01, 0x01, 0x01, 0x01, 0x01, 0x01, 0x01, 0x01, 0x01, 0x01, 0x01, 0x01, 0x01, 0x01,
        0x01, 0x01, 0x01, 0x01, 0x01, 0x01, 0x01, 0x01, 0x01, 0x01, 0x01, 0x01, 0x01, 0x01, 0x01, 0x01,
        0x01, 0x01, 0x01, 0x01, 0x01, 0x01, 0x01, 0x01, 0x01, 0x01, 0x01, 0x01, 0x01, 0x01, 0x01, 0x01,
        0x01, 0x01, 0x01, 0x01, 0x01, 0x01, 0x01, 0x01, 0x01, 0x01, 0x01, 0x01, 0x01, 0x01, 0x01, 0x01,
        0x01, 0x01, 0x01, 0x01, 0x01, 0x01, 0x01, 0x01, 0x01, 0x01, 0x01, 0x0E, 0x00, 0x0B, 0x00, 0x0A,
        0x00, 0x09, 0x00, 0x06, 0x00, 0x02, 0x00, 0x03, 0x00, 0x00, 0x00, 0x00, 0x01, 0x18, 0x00, 0x07,
        0x00, 0x06, 0x00, 0x02, 0x00, 0x01, 0x00, 0x01, 0x00, 0x00, 0xFF, 0xFF, 0xFF, 0xFF, 0xFF, 0xFB,
        0xFF, 0xFD, 0xFF, 0xF9, 0xFF, 0x98, 0xFF, 0xF5, 0xFF, 0xFB, 0xFF, 0xF4, 0xFF, 0xFA, 0xFF, 0xF5,
        0xFF, 0xF5, 0xFF, 0xFB, 0xFE, 0xD7, 0xFF, 0xF8, 0xFF, 0xFD, 0xFF, 0xFC, 0xFF, 0xFE, 0x00, 0x00,
        0x00, 0x02, 0x00, 0x05, 0x00, 0x03, 0x00, 0x08, 0x00, 0x0A, 0x00, 0x0B, 0x00, 0x0B, 0x00, 0x0C,
        0x00, 0x06, 0x00, 0x0A, 0x00, 0x05, 0x01, 0x08, 0x00, 0x31, 0x00, 0x00, 0xFE, 0xE8, 0xFF, 0xF9,
        0xFF, 0xFD, 0xFF, 0xFB, 0xFF, 0xFE, 0x00, 0x00, 0x00, 0x00, 0x00, 0x01, 0x00, 0x04, 0x00, 0x03,
        0x00, 0x03, 0x00, 0x09, 0x00, 0x0A, 0x00, 0x06, 0x00, 0x0B, 0x00, 0x06, 0x00, 0x03, 0x00, 0x0B,
        0x00, 0x0B, 0x00, 0x09, 0x00, 0x04, 0x00, 0x03, 0x00, 0x04, 0x00, 0x02, 0x00, 0x00, 0xFF, 0xFE,
        0xFF, 0xFC, 0xFF, 0xF9, 0xFF, 0xFB, 0xFF, 0xFC, 0xFF, 0xF5, 0xFF, 0xF5, 0xFF, 0xFA, 0xFF, 0xF4,
        0xFF, 0xF5, 0xFF, 0xF7, 0xFF, 0xFB, 0xFF, 0xF9, 0xFF, 0xFC, 0xFF, 0xFE, 0x00, 0x00, 0x00, 0x02,
        0x00, 0x04, 0x00, 0x04, 0x00, 0x08, 0x00, 0x09, 0x00, 0x06, 0x00, 0x0B, 0x00, 0x06, 0x00, 0x78,
        0x00, 0x03, 0x00, 0x06, 0x00, 0x08, 0x00, 0x0A, 0x00, 0x05, 0x00, 0x0B, 0x00, 0x06, 0x00, 0x3E,
        0x00, 0xEE, 0x00, 0x08, 0x00, 0x0A, 0x00, 0x05, 0x00, 0x05, 0x00, 0x0B, 0x00, 0x54, 0x00, 0x0B,
        0x00, 0x05, 0x00, 0x0A, 0x00, 0x05, 0x00, 0x08, 0x00, 0x58, 0x00, 0x05, 0x00, 0x02, 0x00, 0x01,
        0x00, 0x00, 0xFF, 0xFD, 0xFF, 0xFB, 0xFF, 0xFC, 0xFF, 0x02, 0xFF, 0xF8, 0xFF, 0xFB, 0xFF, 0xF5,
        0xFF, 0xFA, 0xFF, 0xF5, 0xFF, 0xF4, 0xFF, 0xF5, 0xFF, 0xFC, 0xFF, 0xF7, 0xFF, 0xFA, 0xFF, 0xFC,
        0xFF, 0xFF, 0x00, 0x01, 0x00, 0x02, 0x00, 0x05, 0x00, 0x04, 0x00, 0xE2, 0xFF, 0xD6, 0xFF, 0xDA,
        0xFF, 0x11, 0xFF, 0xF8, 0xFF, 0xFC, 0xFF, 0xF6, 0xFF, 0xF5, 0xFF, 0xFB, 0xFF, 0xAB, 0xFF, 0xF5,
        0xFF, 0xF5, 0xFF, 0xFB, 0xFF, 0xFB, 0xFF, 0xF8, 0xFF, 0xFA, 0xFF, 0xFE, 0xFF, 0xFE, 0x00, 0x00,
        0xFF, 0x57, 0x00, 0x03, 0x00, 0x05, 0x00, 0x07, 0x00, 0x05, 0x00, 0x05, 0x00, 0x0B, 0x00, 0x05,
        0x00, 0x0C, 0x00, 0x0B, 0x00, 0x0B, 0x00, 0x0A, 0x00, 0x04, 0x00, 0x03, 0x00, 0x05, 0x00, 0x03,
        0x00, 0x00, 0xFF, 0xFF, 0xFF, 0xFC, 0xFF, 0xFA, 0xFF, 0xFC, 0xFF, 0xF6, 0xFF, 0xF5, 0xFF, 0xFB,
        0xFF, 0xF4, 0xFF, 0xF5, 0xFF, 0xF5, 0xFF, 0xFB, 0xFF, 0xF7, 0xFF, 0xFA, 0xFF, 0xFE, 0xFF, 0xFD,
        0x00, 0x00, 0x00, 0x00, 0x00, 0x02, 0x00, 0x70, 0xFF, 0xCE, 0x02, 0x60, 0x02, 0xD7, 0x00, 0x30,
        0x00, 0x33, 0x00, 0x00, 0x01, 0x01, 0x01, 0x01, 0x01, 0x01, 0x01, 0x01, 0x01, 0x01, 0x01, 0x01,
        0x01, 0x01, 0x01, 0x01, 0x01, 0x01, 0x01, 0x01, 0x01, 0x01, 0x01, 0x01, 0x01, 0x01, 0x01, 0x01,
        0x01, 0x01, 0x01, 0x01, 0x01, 0x01, 0x01, 0x01, 0x01, 0x01, 0x01, 0x01, 0x01, 0x01, 0x01, 0x01,
        0x01, 0x01, 0x01, 0x01, 0x01, 0x01, 0x01, 0x01, 0x00, 0x70, 0x00, 0x00, 0x00, 0x04, 0x00, 0x06,
        0x00, 0x08, 0x00, 0x05, 0x00, 0x0A, 0x00, 0x0B, 0x00, 0x0C, 0x00, 0x0C, 0x00, 0x05, 0x00, 0x0A,
        0x00, 0x08, 0x00, 0x05, 0x00, 0x29, 0x00, 0xDE, 0x00, 0x27, 0x00, 0x04, 0x00, 0x07, 0x00, 0x04,
        0x00, 0x0A, 0x00, 0x0B, 0x00, 0x0C, 0x00, 0x0B, 0x00, 0x06, 0x00, 0x0A, 0x00, 0x05, 0x00, 0x08,
        0x00, 0x03, 0x00, 0x05, 0x00, 0x02, 0x00, 0x00, 0xFF, 0xFE, 0xFF, 0x3A, 0xFF, 0xFC, 0xFF, 0xF9,
        0xFF, 0xFC, 0xFF, 0xF6, 0xFF, 0xFA, 0xFF, 0xF5, 0xFF, 0xFA, 0xFF, 0xFA, 0xFF, 0xF5, 0xFF, 0xFA,
        0xFF, 0xF6, 0xFF, 0xFC, 0xFF, 0xF9, 0xFF, 0xFC, 0xFF, 0x38, 0x00, 0xA7, 0x00, 0x51, 0x00, 0x51,
        0x00, 0x03, 0xFF, 0xF4, 0xFF, 0xF5, 0xFF, 0xF6, 0xFF, 0xF7, 0xFF, 0xFD, 0xFF, 0xFB, 0xFF, 0xFD,
        0x00, 0x00, 0x00, 0x03, 0x00, 0x02, 0x00, 0x07, 0x00, 0x08, 0x00, 0x0A, 0x00, 0x8B, 0x00, 0x00,
        0xFF, 0x7B, 0xFF, 0xF5, 0xFF, 0xF7, 0xFF, 0xFC, 0xFF, 0xF9, 0xFF, 0xFC, 0xFF, 0xFF, 0x00, 0x01,
        0x00, 0x02, 0x00, 0x05, 0x00, 0x03, 0x00, 0x09, 0x00, 0x05, 0x00, 0x0A, 0x00, 0x0C, 0x00, 0x06,
        0x00, 0x0B, 0x02, 0xA5, 0x00, 0x0B, 0x00, 0x09, 0x00, 0x04, 0x00, 0x07, 0x00, 0x02, 0x00, 0x03,
        0x00, 0x00, 0x00, 0x00, 0xFF, 0xFD, 0xFF, 0xFE, 0xFF, 0xF9, 0xFF, 0xFC, 0xFF, 0xF7, 0xFF, 0xF5,
        0xFD, 0x55, 0x00, 0xD4, 0x01, 0x15, 0xFE, 0xEB, 0x00, 0x03, 0x00, 0x70, 0xFF, 0xCE, 0x02, 0x60,
        0x02, 0xD7, 0x00, 0x31, 0x00, 0x4A, 0x00, 0x63, 0x00, 0x00, 0x01, 0x01, 0x01, 0x01, 0x01, 0x01,
        0x01, 0x01, 0x01, 0x01, 0x01, 0x01, 0x01, 0x01, 0x01, 0x01, 0x01, 0x01, 0x01, 0x01, 0x01, 0x01,
        0x01, 0x01, 0x01, 0x01, 0x01, 0x01, 0x01, 0x01, 0x01, 0x01, 0x01, 0x01, 0x01, 0x01, 0x01, 0x01,
        0x01, 0x01, 0x01, 0x01, 0x01, 0x01, 0x01, 0x01, 0x01, 0x01, 0x01, 0x01, 0x01, 0x01, 0x01, 0x01,
        0x01, 0x01, 0x01, 0x01, 0x01, 0x01, 0x01, 0x01, 0x01, 0x01, 0x01, 0x01, 0x01, 0x01, 0x01, 0x01,
        0x01, 0x01, 0x01, 0x01, 0x01, 0x01, 0x01, 0x01, 0x01, 0x01, 0x01, 0x01, 0x01, 0x01, 0x01, 0x01,
        0x01, 0x01, 0x01, 0x01, 0x01, 0x01, 0x01, 0x01, 0x01, 0x01, 0x01, 0x01, 0x01, 0x01, 0x00, 0x70,
        0x01, 0x33, 0x00, 0x18, 0x00, 0x0C, 0x00, 0x17, 0x00, 0x0C, 0x00, 0x15, 0x00, 0x14, 0x00, 0x12,
        0x00, 0x09, 0x00, 0x0F, 0x00, 0x0C, 0x00, 0x06, 0x00, 0x08, 0x00, 0x06, 0x00, 0x02, 0x00, 0x01,
        0x00, 0x00, 0xFF, 0xFF, 0xFF, 0xFC, 0xFF, 0xF8, 0xFF, 0xF6, 0xFF, 0xF4, 0xFF, 0xF1, 0xFF, 0xEE,
        0x00, 0x09, 0x00, 0x11, 0x00, 0x0D, 0x00, 0x06, 0x00, 0x0A, 0x00, 0x04, 0x00, 0x06, 0x00, 0x03,
        0x00, 0x00, 0xFF, 0xFD, 0xFF, 0xFE, 0xFF, 0xF8, 0xFF, 0xF6, 0xFF, 0xF4, 0xFF, 0xF1, 0xFF, 0xF7,
        0xFF, 0xEE, 0xFF, 0xEC, 0xFF, 0xF6, 0xFF, 0xF5, 0xFF, 0xE9, 0xFF, 0xE8, 0xFF, 0xF4, 0xFF, 0xE9,
        0xFE, 0xD8, 0x00, 0x64, 0x00, 0x00, 0x00, 0xC2, 0x00, 0x0D, 0x00, 0x12, 0x00, 0x11, 0x00, 0x0A,
        0x00, 0x0A, 0x00, 0x0C, 0x00, 0x07, 0x00, 0x08, 0x00, 0x04, 0x00, 0x02, 0x00, 0x01, 0xFF, 0xFF,
        0xFF, 0xFF, 0xFF, 0xFB, 0xFF, 0xFB, 0xFF, 0xF6, 0xFF, 0xF8, 0xFF, 0xF2, 0xFF, 0xF0, 0xFF, 0xF5,
        0xFF, 0xEE, 0xFF, 0xF3, 0xFF, 0x3E, 0x00, 0x00, 0x00, 0xC2, 0x00, 0x0D, 0x00, 0x12, 0x00, 0x11,
        0x00, 0x0F, 0x00, 0x09, 0x00, 0x08, 0x00, 0x07, 0x00, 0x06, 0x00, 0x04, 0x00, 0x04, 0x00, 0x01,
        0xFF, 0xFF, 0xFF, 0xFE, 0xFF, 0xFC, 0xFF, 0xFB, 0xFF, 0xF6, 0xFF, 0xF4, 0xFF, 0xF6, 0xFF, 0xF0,
        0xFF, 0xF5, 0xFF, 0xEE, 0xFF, 0xF3, 0xFF, 0xCE, 0x00, 0x00, 0x00, 0x03, 0x00, 0x02, 0x00, 0x08,
        0x00, 0x04, 0x00, 0x0C, 0x00, 0x0D, 0x00, 0x11, 0x00, 0x08, 0x00, 0x14, 0x00, 0x14, 0x00, 0x0B,
        0x00, 0x17, 0x00, 0x18, 0x00, 0x0C, 0x00, 0x17, 0x00, 0x26, 0x00, 0x18, 0x00, 0x17, 0x00, 0x18,
        0x00, 0x16, 0x00, 0x15, 0x00, 0x13, 0x00, 0x11, 0x00, 0x09, 0x00, 0x12, 0x00, 0x14, 0x00, 0x0B,
        0x00, 0x16, 0x00, 0x0C, 0x00, 0x17, 0x00, 0x18, 0x00, 0x3D, 0x00, 0x18, 0x00, 0x0C, 0x00, 0x17,
        0x00, 0x16, 0x00, 0x15, 0x00, 0x13, 0x00, 0x09, 0x00, 0x10, 0x00, 0x0E, 0x00, 0x06, 0x00, 0x05,
        0x00, 0x09, 0x00, 0x06, 0x00, 0x02, 0x00, 0x01, 0x00, 0x00, 0xFD, 0x5B, 0x00, 0xEE, 0x00, 0x00,
        0xFF, 0xFF, 0xFF, 0xFC, 0xFF, 0xF9, 0xFF, 0xFA, 0xFF, 0xF9, 0xFF, 0xF2, 0xFF, 0xF6, 0xFF, 0xF0,
        0xFF, 0xF4, 0xFF, 0xF4, 0xFF, 0xF3, 0xFF, 0xD7, 0xFF, 0xF4, 0xFF, 0xEE, 0xFF, 0xF5, 0xFF, 0xF1,
        0xFF, 0xF7, 0xFF, 0xF4, 0xFF, 0xF7, 0xFF, 0xFC, 0xFF, 0xFC, 0xFF, 0xFF, 0x01, 0x53, 0x00, 0xED,
        0x00, 0x00, 0x00, 0x00, 0xFF, 0xFC, 0xFF, 0xF9, 0xFF, 0xF6, 0xFF, 0xF8, 0xFF, 0xF7, 0xFF, 0xF6,
        0xFF, 0xF5, 0xFF, 0xF5, 0xFF, 0xEE, 0xFF, 0xF3, 0xFF, 0xD7, 0xFF, 0xED, 0xFF, 0xF5, 0xFF, 0xF5,
        0xFF, 0xF0, 0xFF, 0xF3, 0xFF, 0xF9, 0xFF, 0xF7, 0xFF, 0xFB, 0xFF, 0xFD, 0xFF, 0xFF, 0x00, 0x00,
        0x00, 0x01, 0x00, 0x70, 0xFF, 0xCE, 0x02, 0x60, 0x02, 0xD7, 0x00, 0x57, 0x00, 0x00, 0x01, 0x01,
        0x01, 0x01, 0x01, 0x01, 0x01, 0x01, 0x01, 0x01, 0x01, 0x01, 0x01, 0x01, 0x01, 0x01, 0x01, 0x01,
        0x01, 0x01, 0x01, 0x01, 0x01, 0x01, 0x01, 0x01, 0x01, 0x01, 0x01, 0x01, 0x01, 0x01, 0x01, 0x01,
        0x01, 0x01, 0x01, 0x01, 0x01, 0x01, 0x01, 0x01, 0x01, 0x01, 0x01, 0x01, 0x01, 0x01, 0x01, 0x01,
        0x01, 0x01, 0x01, 0x01, 0x01, 0x01, 0x01, 0x01, 0x01, 0x01, 0x01, 0x01, 0x01, 0x01, 0x01, 0x01,
        0x01, 0x01, 0x01, 0x01, 0x01, 0x01, 0x01, 0x01, 0x01, 0x01, 0x01, 0x01, 0x01, 0x01, 0x01, 0x01,
        0x01, 0x01, 0x01, 0x01, 0x01, 0x01, 0x02, 0x2E, 0x00, 0x0C, 0x00, 0x05, 0x00, 0x0B, 0x00, 0x04,
        0x00, 0x05, 0x00, 0x07, 0x00, 0x02, 0x00, 0x04, 0x00, 0x00, 0x00, 0x00, 0xFF, 0xFC, 0xFF, 0xFE,
        0xFF, 0xF9, 0xFF, 0xFB, 0xFF, 0xFC, 0xFF, 0xF5, 0xFF, 0xFB, 0xFF, 0xF4, 0xFF, 0x3C, 0xFF, 0xEA,
        0xFF, 0xF5, 0xFF, 0xF5, 0xFF, 0xEC, 0xFF, 0xF7, 0xFF, 0xEE, 0xFF, 0xF1, 0xFF, 0xF3, 0xFF, 0x95,
        0xFF, 0xF6, 0xFF, 0xF9, 0xFF, 0xFB, 0xFF, 0xFE, 0x00, 0x00, 0x00, 0x02, 0x00, 0x05, 0x00, 0x03,
        0x00, 0x04, 0x00, 0x0A, 0x00, 0x6B, 0x00, 0x0D, 0x00, 0x07, 0x00, 0x11, 0x00, 0x12, 0x00, 0x0A,
        0x00, 0x15, 0x00, 0x16, 0x00, 0x15, 0x00, 0xBA, 0x00, 0x0C, 0x00, 0x0B, 0x00, 0x05, 0x00, 0x09,
        0x00, 0x03, 0x00, 0x06, 0x00, 0x02, 0x00, 0x02, 0x00, 0x00, 0xFF, 0xFE, 0xFF, 0xFE, 0xFF, 0xFA,
        0xFF, 0xFD, 0xFF, 0xF7, 0xFF, 0xFB, 0xFF, 0xF5, 0xFF, 0xF4, 0xFF, 0x43, 0xFF, 0xF9, 0xFF, 0xF9,
        0xFF, 0xF9, 0xFF, 0xFA, 0xFF, 0xF8, 0xFF, 0xF9, 0xFF, 0x9C, 0xFF, 0xFA, 0xFF, 0xFC, 0xFF, 0xFD,
        0xFF, 0xFF, 0x00, 0x01, 0x00, 0x03, 0x00, 0x06, 0x00, 0x6B, 0x00, 0x06, 0x00, 0x06, 0x00, 0x06,
        0x00, 0x07, 0x00, 0x07, 0x00, 0x0C, 0x02, 0x72, 0x00, 0x02, 0x00, 0x01, 0x00, 0x06, 0x00, 0x03,
        0x00, 0x04, 0x00, 0x0A, 0x00, 0x05, 0x00, 0x0B, 0x00, 0x06, 0x00, 0x0C, 0x00, 0x0B, 0x00, 0x05,
        0x00, 0x09, 0x00, 0x04, 0x00, 0x04, 0x00, 0x05, 0x00, 0x02, 0x00, 0x01, 0x00, 0x00, 0xFF, 0xFD,
        0xFF, 0xFD, 0xFF, 0xFC, 0xFF, 0xF6, 0xFF, 0xFB, 0xFF, 0xF2, 0xFF, 0xF0, 0xFF, 0xED, 0xFF, 0x2B,
        0xFF, 0xEA, 0xFF, 0xE8, 0xFF, 0xE7, 0xFF, 0xE8, 0xFF, 0xF3, 0xFF, 0xE7, 0xFF, 0xE8, 0xFF, 0xF4,
        0xFF, 0xF4, 0xFF, 0xEA, 0xFF, 0x2A, 0xFF, 0xEE, 0xFF, 0xF8, 0xFF, 0xF1, 0xFF, 0xF3, 0xFF, 0xFB,
        0xFF, 0xF8, 0xFF, 0xFB, 0xFF, 0xFF, 0x00, 0x00, 0x00, 0x01, 0x00, 0x04, 0x00, 0x03, 0x00, 0x07,
        0x00, 0x05, 0x00, 0x0A, 0x00, 0x06, 0x00, 0x0B, 0x00, 0x06, 0x00, 0x0B, 0x00, 0x06, 0x00, 0x0A,
        0x00, 0x05, 0x00, 0x07, 0x00, 0x03, 0x00, 0x04, 0x00, 0x01, 0x00, 0x01, 0x00, 0x01, 0x00, 0x02,
        0x00, 0x03, 0x00, 0x04, 0x00, 0x08, 0x00, 0x0A, 0x00, 0xCA, 0x00, 0x0D, 0x00, 0x0D, 0x00, 0x0E,
        0x00, 0x15, 0x00, 0x0E, 0x00, 0x0D, 0x00, 0x14, 0x00, 0xD5, 0x00, 0x09, 0x00, 0x05, 0x00, 0x04,
        0x00, 0x03, 0x00, 0x02, 0x00, 0x01, 0x00, 0x00, 0x00, 0x02, 0x00, 0x70, 0xFF, 0xCE, 0x02, 0x60,
        0x02, 0xD7, 0x00, 0x3D, 0x00, 0x55, 0x00, 0x00, 0x01, 0x01, 0x01, 0x01, 0x01, 0x01, 0x01, 0x01,
        0x01, 0x01, 0x01, 0x01, 0x01, 0x01, 0x01, 0x01, 0x01, 0x01, 0x01, 0x01, 0x01, 0x01, 0x01, 0x01,
        0x01, 0x01, 0x01, 0x01, 0x01, 0x01, 0x01, 0x01, 0x01, 0x01, 0x01, 0x01, 0x01, 0x01, 0x01, 0x01,
        0x01, 0x01, 0x01, 0x01, 0x01, 0x01, 0x01, 0x01, 0x01, 0x01, 0x01, 0x01, 0x01, 0x01, 0x01, 0x01,
        0x01, 0x01, 0x01, 0x01, 0x01, 0x01, 0x01, 0x01, 0x01, 0x01, 0x01, 0x01, 0x01, 0x01, 0x01, 0x01,
        0x01, 0x01, 0x01, 0x01, 0x01, 0x01, 0x01, 0x01, 0x01, 0x01, 0x01, 0x01, 0x01, 0x01, 0x00, 0x70,
        0x00, 0x00, 0x00, 0x04, 0x00, 0x06, 0x00, 0x03, 0x00, 0x09, 0x00, 0x05, 0x00, 0x0B, 0x00, 0x06,
        0x00, 0xCA, 0x00, 0x0B, 0x00, 0x16, 0x00, 0x15, 0x00, 0x13, 0x00, 0x09, 0x00, 0x11, 0x00, 0x0E,
        0x00, 0x06, 0x00, 0x6B, 0x00, 0x0A, 0x00, 0x07, 0x00, 0x05, 0x00, 0x02, 0xFF, 0xFF, 0xFF, 0xFD,
        0xFF, 0xFA, 0xFF, 0xF7, 0xFF, 0x90, 0xFF, 0xF3, 0xFF, 0xF1, 0xFF, 0xF7, 0xFF, 0xEE, 0xFF, 0xEC,
        0xFF, 0xEA, 0xFF, 0xEA, 0xFF, 0x3C, 0xFF, 0xF4, 0xFF, 0xFB, 0xFF, 0xF5, 0xFF, 0xF7, 0xFF, 0xF9,
        0xFF, 0xFE, 0xFF, 0xFC, 0x00, 0x00, 0x00, 0x00, 0x00, 0x04, 0x00, 0x06, 0x00, 0x03, 0x00, 0x09,
        0x00, 0x0B, 0x00, 0x05, 0x00, 0x0C, 0x00, 0x31, 0x00, 0x00, 0xFF, 0xC9, 0xFF, 0xFA, 0xFF, 0xF5,
        0xFF, 0xF7, 0xFF, 0xF8, 0xFF, 0xFA, 0xFF, 0xFC, 0x00, 0x00, 0x00, 0xC7, 0x00, 0x00, 0x00, 0x28,
        0x00, 0x0B, 0x00, 0x07, 0x00, 0x06, 0x00, 0x09, 0x00, 0x04, 0x00, 0x05, 0x00, 0x68, 0x00, 0x06,
        0x00, 0x04, 0x00, 0x00, 0xFF, 0xFF, 0xFF, 0xFD, 0xFF, 0xFA, 0xFF, 0x98, 0xFF, 0xFB, 0xFF, 0xFC,
        0xFF, 0xFA, 0xFF, 0xFA, 0xFF, 0xF9, 0xFF, 0xF9, 0xFF, 0xF4, 0xFF, 0xFD, 0xFF, 0xFA, 0xFF, 0xF5,
        0xFF, 0xF6, 0xFF, 0xFB, 0xFF, 0xF9, 0xFF, 0xFD, 0xFF, 0xFC, 0xFF, 0xFF, 0x00, 0x00, 0x00, 0x01,
        0x00, 0x05, 0x00, 0x08, 0x00, 0x0B, 0x00, 0x07, 0x00, 0x0F, 0x00, 0x11, 0x00, 0x09, 0x00, 0xD6,
        0x00, 0x16, 0x00, 0x18, 0x00, 0x18, 0x00, 0x19, 0x00, 0x19, 0x00, 0x19, 0x00, 0x18, 0x00, 0x17,
        0x00, 0xE0, 0x00, 0x13, 0x00, 0x10, 0x00, 0x07, 0x00, 0x0C, 0x00, 0x0A, 0x00, 0x07, 0x00, 0x03,
        0x00, 0x00, 0xFF, 0xFF, 0xFF, 0xFE, 0xFF, 0xFB, 0xFF, 0xF8, 0xFF, 0xF7, 0xFF, 0xFB, 0xFF, 0xF5,
        0xFF, 0xFA, 0xFF, 0xF4, 0xFF, 0xF5, 0xFF, 0xF6, 0xFF, 0xFB, 0xFF, 0xF9, 0xFF, 0xFA, 0xFF, 0xFF,
        0xFF, 0xFE, 0x00, 0x00, 0xFD, 0xC0, 0x00, 0x00, 0xFF, 0xFF, 0xFF, 0xFC, 0xFF, 0xFA, 0xFF, 0xF7,
        0xFF, 0xF6, 0xFF, 0xF5, 0xFF, 0xFA, 0x00, 0x2F, 0x02, 0x40, 0x00, 0x00, 0xFF, 0xFE, 0xFF, 0xFE,
        0xFF, 0xFC, 0xFF, 0xF9, 0xFF, 0xFA, 0xFF, 0xF9, 0xFF, 0x2F, 0xFF, 0xEC, 0xFF, 0xEC, 0xFF, 0xF2,
        0xFF, 0xF2, 0xFF, 0xF2, 0xFF, 0xED, 0xFF, 0x2F, 0xFF, 0xF9, 0xFF, 0xFA, 0xFF, 0xFB, 0xFF, 0xFC,
        0xFF, 0xFD, 0xFF, 0xFE, 0xFF, 0xFE, 0x00, 0x00, 0x00, 0x01, 0x00, 0x70, 0xFF, 0xCE, 0x02, 0x60,
        0x02, 0xD7, 0x00, 0x37, 0x00, 0x00, 0x01, 0x01, 0x01, 0x01, 0x01, 0x01, 0x01, 0x01, 0x01, 0x01,
        0x01, 0x01, 0x01, 0x01, 0x01, 0x01, 0x01, 0x01, 0x01, 0x01, 0x01, 0x01, 0x01, 0x01, 0x01, 0x01,
        0x01, 0x01, 0x01, 0x01, 0x01, 0x01, 0x01, 0x01, 0x01, 0x01, 0x01, 0x01, 0x01, 0x01, 0x01, 0x01,
        0x01, 0x01, 0x01, 0x01, 0x01, 0x01, 0x01, 0x01, 0x01, 0x01, 0x01, 0x01, 0x01, 0x01, 0x00, 0x70,
        0x01, 0xC4, 0x00, 0x06, 0x00, 0x0B, 0x00, 0x05, 0x00, 0x09, 0x00, 0x03, 0x00, 0x06, 0x00, 0x02,
        0x00, 0x02, 0x00, 0x00, 0xFF, 0xFE, 0xFF, 0xFE, 0xFF, 0xFA, 0xFF, 0xFD, 0xFF, 0xF7, 0xFF, 0xF5,
        0xFF, 0xF5, 0xFE, 0xA0, 0x00, 0x00, 0x00, 0x94, 0x00, 0x0C, 0x00, 0x0B, 0x00, 0x05, 0x00, 0x09,
        0x00, 0x07, 0x00, 0x02, 0x00, 0x02, 0x00, 0x02, 0x00, 0x00, 0xFF, 0xFE, 0xFF, 0xFC, 0xFF, 0xFC,
        0xFF, 0xF8, 0xFF, 0xFC, 0xFF, 0xF5, 0xFF, 0xFB, 0xFF, 0xF4, 0xFF, 0x6C, 0x00, 0x00, 0x01, 0x5A,
        0x00, 0x0C, 0x00, 0x0B, 0x00, 0x09, 0x00, 0x08, 0x00, 0x06, 0x00, 0x04, 0x00, 0x00, 0xFF, 0xFE,
        0xFF, 0xFE, 0xFF, 0xFA, 0xFF, 0xF8, 0xFF, 0xF7, 0xFF, 0xF5, 0xFF, 0xF4, 0xFE, 0x42, 0xFF, 0xCE,
        0x00, 0x00, 0x00, 0x01, 0x00, 0x04, 0x00, 0x03, 0x00, 0x07, 0x00, 0x05, 0x00, 0x0A, 0x00, 0x06,
        0x00, 0x0B, 0x00, 0x06, 0x00, 0x0B, 0x00, 0x06, 0x00, 0x0A, 0x00, 0x05, 0x00, 0x07, 0x00, 0x05,
        0x00, 0x03, 0x00, 0x00, 0x00, 0xEE, 0x00, 0x00, 0x00, 0x01, 0x00, 0x04, 0x00, 0x03, 0x00, 0x08,
        0x00, 0x09, 0x00, 0x05, 0x00, 0x06, 0x00, 0x0B, 0x00, 0x06, 0x00, 0x0C, 0x00, 0x0B, 0x00, 0x05,
        0x00, 0x08, 0x00, 0x04, 0x00, 0x05, 0x00, 0x01, 0x00, 0x02, 0x00, 0x00, 0x00, 0xED, 0x00, 0x00,
        0x00, 0x02, 0x00, 0x04, 0x00, 0x06, 0x00, 0x09, 0x00, 0x0A, 0x00, 0x0B, 0x00, 0x0C, 0x00, 0x0B,
        0x00, 0x06, 0x00, 0x0A, 0x00, 0x08, 0x00, 0x07, 0x00, 0x04, 0x00, 0x01, 0x00, 0x00, 0x00, 0x00,
        0x00, 0x01, 0x00, 0x70, 0xFF, 0xCE, 0x02, 0x60, 0x02, 0xD7, 0x00, 0x37, 0x00, 0x00, 0x01, 0x01,
        0x01, 0x01, 0x01, 0x01, 0x01, 0x01, 0x01, 0x01, 0x01, 0x01, 0x01, 0x01, 0x01, 0x01, 0x01, 0x01,
        0x01, 0x01, 0x01, 0x01, 0x01, 0x01, 0x01, 0x01, 0x01, 0x01, 0x01, 0x01, 0x01, 0x01, 0x01, 0x01,
        0x01, 0x01, 0x01, 0x01, 0x01, 0x01, 0x01, 0x01, 0x01, 0x01, 0x01, 0x01, 0x01, 0x01, 0x01, 0x01,
        0x01, 0x01, 0x01, 0x01, 0x01, 0x01, 0x00, 0x70, 0x00, 0x01, 0x00, 0x02, 0x00, 0x02, 0x00, 0x06,
        0x00, 0x04, 0x00, 0x0A, 0x00, 0x05, 0x00, 0x0B, 0x00, 0x06, 0x00, 0x0C, 0x00, 0x0B, 0x00, 0x0A,
        0x00, 0x05, 0x00, 0x07, 0x00, 0x03, 0x00, 0x04, 0x00, 0x01, 0x00, 0x00, 0x00, 0xFD, 0x00, 0x0B,
        0x00, 0x06, 0x00, 0x09, 0x00, 0x08, 0x00, 0x04, 0x00, 0x04, 0x00, 0x02, 0x00, 0x00, 0xFF, 0xFE,
        0xFF, 0xFC, 0xFF, 0xFC, 0xFF, 0xF8, 0xFF, 0xFC, 0xFF, 0xF5, 0xFF, 0xFB, 0xFF, 0xF4, 0xFF, 0x09,
        0x00, 0x00, 0x01, 0x60, 0x00, 0x0B, 0x00, 0x06, 0x00, 0x05, 0x00, 0x09, 0x00, 0x03, 0x00, 0x06,
        0x00, 0x02, 0x00, 0x02, 0x00, 0x00, 0xFF, 0xFC, 0xFF, 0xFA, 0xFF, 0xFD, 0xFF, 0xF7, 0xFF, 0xFB,
        0xFF, 0xFA, 0xFF, 0xF5, 0xFE, 0x3C, 0x00, 0x00, 0xFF, 0xF4, 0xFF, 0xFB, 0xFF, 0xFA, 0xFF, 0xF7,
        0xFF, 0xFB, 0xFF, 0xF9, 0xFF, 0xFE, 0xFF, 0xFC, 0x00, 0x00, 0x00, 0x00, 0x00, 0x04, 0x00, 0x06,
        0x00, 0x03, 0x00, 0x09, 0x00, 0x05, 0x00, 0x0B, 0x00, 0x0C, 0x01, 0x75, 0x00, 0x00, 0x00, 0x03,
        0x00, 0x02, 0x00, 0x06, 0x00, 0x09, 0x00, 0x05, 0x00, 0x0B, 0x00, 0x05, 0x00, 0x0C, 0x00, 0x0B,
        0x00, 0x0B, 0x00, 0x05, 0x00, 0x09, 0x00, 0x03, 0x00, 0x05, 0x00, 0x02, 0x00, 0x01, 0x00, 0x00,
        0x00, 0x99, 0x00, 0x01, 0x00, 0x02, 0x00, 0x03, 0x00, 0x03, 0x00, 0x07, 0x00, 0x05, 0x00, 0x0A,
        0x00, 0x05, 0x00, 0x0C, 0x00, 0x0C, 0x00, 0x0B, 0x00, 0x0A, 0x00, 0x04, 0x00, 0x08, 0x00, 0x03,
        0x00, 0x02, 0x00, 0x03, 0x00, 0x00, 0x00, 0x00, 0x00, 0x01, 0x00, 0x70, 0xFF, 0xCE, 0x02, 0x60,
        0x02, 0xD7, 0x00, 0x69, 0x00, 0x00, 0x01, 0x01, 0x01, 0x01, 0x01, 0x01, 0x01, 0x01, 0x01, 0x01,
        0x01, 0x01, 0x01, 0x01, 0x01, 0x01, 0x01, 0x01, 0x01, 0x01, 0x01, 0x01, 0x01, 0x01, 0x01, 0x01,
        0x01, 0x01, 0x01, 0x01, 0x01, 0x01, 0x01, 0x01, 0x01, 0x01, 0x01, 0x01, 0x01, 0x01, 0x01, 0x01,
        0x01, 0x01, 0x01, 0x01, 0x01, 0x01, 0x01, 0x01, 0x01, 0x01, 0x01, 0x01, 0x01, 0x01, 0x01, 0x01,
        0x01, 0x01, 0x01, 0x01, 0x01, 0x01, 0x01, 0x01, 0x01, 0x01, 0x01, 0x01, 0x01, 0x01, 0x01, 0x01,
        0x01, 0x01, 0x01, 0x01, 0x01, 0x01, 0x01, 0x01, 0x01, 0x01, 0x01, 0x01, 0x01, 0x01, 0x01, 0x01,
        0x01, 0x01, 0x01, 0x01, 0x01, 0x01, 0x01, 0x01, 0x01, 0x01, 0x01, 0x01, 0x01, 0x01, 0x01, 0x01,
        0x02, 0x2E, 0x00, 0x0C, 0x00, 0x05, 0x00, 0x0B, 0x00, 0x09, 0x00, 0x03, 0x00, 0x06, 0x00, 0x02,
        0x00, 0x02, 0x00, 0x00, 0xFF, 0xFE, 0xFF, 0xFE, 0xFF, 0xFA, 0xFF, 0xFD, 0xFF, 0xF7, 0xFF, 0xFB,
        0xFF, 0xF5, 0xFF, 0xF4, 0xFF, 0x6A, 0xFF, 0xEC, 0xFF, 0xF6, 0xFF, 0xEB, 0xFF, 0xED, 0xFF, 0xEE,
        0xFF, 0xF0, 0xFF, 0xF9, 0xFF, 0x71, 0xFF, 0xF2, 0xFF, 0xF5, 0xFF, 0xFC, 0xFF, 0xF8, 0xFF, 0xFC,
        0xFF, 0xFF, 0x00, 0x00, 0x00, 0x01, 0x00, 0x02, 0x00, 0x03, 0x00, 0x09, 0x00, 0x0B, 0x00, 0x0E,
        0x00, 0x11, 0x00, 0x12, 0x00, 0x15, 0x00, 0x15, 0x00, 0x0B, 0x00, 0x16, 0x00, 0xC4, 0x00, 0x16,
        0x00, 0x16, 0x00, 0x0A, 0x00, 0x15, 0x00, 0x12, 0x00, 0x11, 0x00, 0x0E, 0x00, 0x0B, 0x00, 0x09,
        0x00, 0x03, 0x00, 0x02, 0x00, 0x01, 0x00, 0x00, 0xFF, 0x34, 0xFF, 0xF4, 0xFF, 0xF6, 0xFF, 0xF7,
        0xFF, 0xF9, 0xFF, 0xFB, 0xFF, 0xFF, 0xFF, 0xFF, 0x00, 0x02, 0x00, 0x05, 0x00, 0x07, 0x00, 0x09,
        0x00, 0x05, 0x00, 0x0B, 0x00, 0x0C, 0x00, 0x62, 0x00, 0x00, 0xFF, 0xFF, 0xFF, 0xFD, 0xFF, 0xFB,
        0xFF, 0xF8, 0xFF, 0xF7, 0xFF, 0xFA, 0xFF, 0xF8, 0xFF, 0xF4, 0xFF, 0x3B, 0xFF, 0xF9, 0xFF, 0xF8,
        0xFF, 0xFA, 0xFF, 0xF9, 0xFF, 0xFB, 0xFF, 0xFB, 0xFF, 0xFC, 0xFF, 0xFE, 0xFF, 0xFE, 0xFF, 0xFF,
        0x00, 0x00, 0x00, 0x02, 0x00, 0x05, 0x00, 0x08, 0x00, 0x07, 0x00, 0x8A, 0x00, 0x08, 0x00, 0x09,
        0x00, 0x0A, 0x00, 0x0B, 0x02, 0x72, 0x00, 0x02, 0x00, 0x01, 0x00, 0x06, 0x00, 0x07, 0x00, 0x05,
        0x00, 0x0A, 0x00, 0x05, 0x00, 0x0C, 0x00, 0x06, 0x00, 0x0B, 0x00, 0x06, 0x00, 0x0A, 0x00, 0x04,
        0x00, 0x08, 0x00, 0x03, 0x00, 0x04, 0x00, 0x01, 0x00, 0x00, 0xFF, 0xFF, 0xFF, 0xFE, 0xFF, 0xFA,
        0xFF, 0xF8, 0xFF, 0xF4, 0xFF, 0xF3, 0xFF, 0xF8, 0xFF, 0x49, 0xFF, 0xED, 0xFF, 0xEB, 0xFF, 0xF4,
        0xFF, 0xE9, 0xFF, 0xE8, 0xFF, 0xF4, 0xFE, 0xE5, 0xFF, 0xEA, 0xFF, 0xF5, 0xFF, 0xF5, 0xFF, 0xEB,
        0xFF, 0xED, 0xFF, 0xEE, 0xFF, 0xF1, 0xFF, 0xF3, 0xFF, 0xF6, 0xFF, 0xF9, 0xFF, 0xFE, 0xFF, 0xFF,
        0x00, 0x00, 0x00, 0x01, 0x00, 0x05, 0x00, 0x04, 0x00, 0x0A, 0x00, 0x0D, 0x00, 0x0F, 0x00, 0x12,
        0x00, 0x13, 0x00, 0x15, 0x00, 0x0B, 0x00, 0x0B, 0x00, 0x16, 0x00, 0xCC, 0x00, 0x00, 0xFF, 0xFD,
        0xFF, 0xFB, 0xFF, 0xF8, 0xFF, 0xF7, 0xFF, 0xF5, 0xFF, 0xFB, 0xFF, 0xF4, 0xFF, 0xF4, 0xFF, 0xF6,
        0xFF, 0xF6, 0xFF, 0xF9, 0xFF, 0xFD, 0xFF, 0xFC, 0xFF, 0xFE, 0x00, 0x00, 0xFF, 0x9B, 0xFF, 0xF7,
        0xFF, 0xF5, 0xFF, 0xF6, 0xFF, 0xF8, 0xFF, 0xF9, 0xFF, 0xFD, 0xFF, 0xFE, 0xFF, 0xFE, 0x00, 0x01,
        0x00, 0x01, 0x00, 0x02, 0x00, 0x03, 0x00, 0x04, 0x00, 0x06, 0x00, 0x05, 0x00, 0x07, 0x00, 0x07,
        0x00, 0x07, 0x00, 0x09, 0x01, 0x0C, 0x00, 0x13, 0x00, 0x12, 0x00, 0x10, 0x00, 0x0B, 0x00, 0xB0,
        0x00, 0x07, 0x00, 0x05, 0x00, 0x03, 0x00, 0x01, 0x00, 0x01, 0x00, 0x70, 0xFF, 0xCE, 0x02, 0x60,
        0x02, 0xD7, 0x00, 0x4D, 0x00, 0x00, 0x01, 0x01, 0x01, 0x01, 0x01, 0x01, 0x01, 0x01, 0x01, 0x01,
        0x01, 0x01, 0x01, 0x01, 0x01, 0x01, 0x01, 0x01, 0x01, 0x01, 0x01, 0x01, 0x01, 0x01, 0x01, 0x01,
        0x01, 0x01, 0x01, 0x01, 0x01, 0x01, 0x01, 0x01, 0x01, 0x01, 0x01, 0x01, 0x01, 0x01, 0x01, 0x01,
        0x01, 0x01, 0x01, 0x01, 0x01, 0x01, 0x01, 0x01, 0x01, 0x01, 0x01, 0x01, 0x01, 0x01, 0x01, 0x01,
        0x01, 0x01, 0x01, 0x01, 0x01, 0x01, 0x01, 0x01, 0x01, 0x01, 0x01, 0x01, 0x01, 0x01, 0x01, 0x01,
        0x01, 0x01, 0x01, 0x01, 0x00, 0x70, 0x00, 0x01, 0x00, 0x02, 0x00, 0x02, 0x00, 0x06, 0x00, 0x04,
        0x00, 0x0A, 0x00, 0x05, 0x00, 0x0B, 0x00, 0x06, 0x00, 0x0C, 0x00, 0x0B, 0x00, 0x05, 0x00, 0x0A,
        0x00, 0x04, 0x00, 0x03, 0x00, 0x05, 0x00, 0x02, 0x00, 0x01, 0x00, 0x00, 0x01, 0x28, 0x00, 0x00,
        0x00, 0x00, 0x00, 0x03, 0x00, 0x02, 0x00, 0x06, 0x00, 0x04, 0x00, 0x0A, 0x00, 0x0B, 0x00, 0x05,
        0x00, 0x06, 0x00, 0x0C, 0x00, 0x05, 0x00, 0x0B, 0x00, 0x05, 0x00, 0x09, 0x00, 0x06, 0x00, 0x02,
        0x00, 0x03, 0x00, 0x00, 0x00, 0x00, 0x00, 0x00, 0xFF, 0xFD, 0xFF, 0xFB, 0xFF, 0xFD, 0xFF, 0xF7,
        0xFF, 0xF6, 0xFF, 0xF5, 0xFF, 0xFA, 0xFF, 0xF4, 0xFF, 0xFB, 0xFF, 0xF5, 0xFF, 0xF6, 0xFF, 0xFC,
        0xFF, 0xFA, 0xFF, 0xFC, 0xFF, 0xFF, 0x00, 0x00, 0xFE, 0xD8, 0x00, 0x00, 0xFF, 0xFF, 0xFF, 0xFE,
        0xFF, 0xFE, 0xFF, 0xFA, 0xFF, 0xF7, 0xFF, 0xFB, 0xFF, 0xFB, 0xFF, 0xF5, 0xFF, 0xFA, 0xFF, 0xF4,
        0xFF, 0xF5, 0xFF, 0xFB, 0xFF, 0xFB, 0xFF, 0xF7, 0xFF, 0xFA, 0xFF, 0xFE, 0xFF, 0xFE, 0xFF, 0xFF,
        0x00, 0x00, 0xFF, 0xF4, 0xFF, 0xFB, 0xFF, 0xFA, 0xFF, 0xF7, 0xFF, 0xFB, 0xFF, 0xF9, 0xFF, 0xFE,
        0xFF, 0xFC, 0x00, 0x00, 0x00, 0x00, 0x00, 0x04, 0x00, 0x02, 0x00, 0x07, 0x00, 0x05, 0x00, 0x04,
        0x00, 0x0B, 0x00, 0x05, 0x00, 0x0C, 0x01, 0x20, 0x00, 0x00, 0xFE, 0xE0, 0xFF, 0xFA, 0xFF, 0xF5,
        0xFF, 0xFA, 0xFF, 0xF7, 0xFF, 0xFB, 0xFF, 0xF9, 0xFF, 0xFC, 0xFF, 0xFE, 0x00, 0x00, 0x00, 0x00,
        0x00, 0x02, 0x00, 0x04, 0x00, 0x04, 0x00, 0x08, 0x00, 0x09, 0x00, 0x06, 0x00, 0x0B, 0x00, 0x06,
        0x02, 0xA5, 0x00, 0x06, 0x00, 0x0B, 0x00, 0x0A, 0x00, 0x05, 0x00, 0x08, 0x00, 0x06, 0x00, 0x03,
        0x00, 0x01, 0xFF, 0xFF, 0xFF, 0xFF, 0xFF, 0xFB, 0xFF, 0xF9, 0xFF, 0xFC, 0xFF, 0xF6, 0xFF, 0xF5,
        0xFF, 0xF5, 0xFE, 0xE0, 0x00, 0x00, 0x01, 0x20, 0x00, 0x0B, 0x00, 0x06, 0x00, 0x05, 0x00, 0x0A,
        0x00, 0x08, 0x00, 0x03, 0x00, 0x03, 0x00, 0x03, 0x00, 0x01, 0xFF, 0xFF, 0xFF, 0xFD, 0xFF, 0xFD,
        0xFF, 0xFD, 0xFF, 0xF8, 0xFF, 0xF6, 0xFF, 0xFB, 0xFF, 0xFA, 0xFF, 0xF5, 0x00, 0x01, 0x00, 0x70,
        0xFF, 0xCE, 0x02, 0x60, 0x02, 0xD7, 0x00, 0x49, 0x00, 0x00, 0x01, 0x01, 0x01, 0x01, 0x01, 0x01,
        0x01, 0x01, 0x01, 0x01, 0x01, 0x01, 0x01, 0x01, 0x01, 0x01, 0x01, 0x01, 0x01, 0x01, 0x01, 0x01,
        0x01, 0x01, 0x01, 0x01, 0x01, 0x01, 0x01, 0x01, 0x01, 0x01, 0x01, 0x01, 0x01, 0x01, 0x01, 0x01,
        0x01, 0x01, 0x01, 0x01, 0x01, 0x01, 0x01, 0x01, 0x01, 0x01, 0x01, 0x01, 0x01, 0x01, 0x01, 0x01,
        0x01, 0x01, 0x01, 0x01, 0x01, 0x01, 0x01, 0x01, 0x01, 0x01, 0x01, 0x01, 0x01, 0x01, 0x01, 0x01,
        0x01, 0x01, 0x01, 0x01, 0x00, 0x70, 0x00, 0x02, 0x00, 0x04, 0x00, 0x04, 0x00, 0x08, 0x00, 0x09,
        0x00, 0x06, 0x00, 0x05, 0x00, 0x0C, 0x01, 0x92, 0x00, 0x0B, 0x00, 0x06, 0x00, 0x05, 0x00, 0x09,
        0x00, 0x03, 0x00, 0x06, 0x00, 0x02, 0x00, 0x02, 0x00, 0x00, 0xFF, 0xFE, 0xFF, 0xFE, 0xFF, 0xFA,
        0xFF, 0xFD, 0xFF, 0xF7, 0xFF, 0xFB, 0xFF, 0xF5, 0xFF, 0xF4, 0xFF, 0x6C, 0x00, 0x00, 0x00, 0x94,
        0x00, 0x0C, 0x00, 0x05, 0x00, 0x0B, 0x00, 0x09, 0x00, 0x03, 0x00, 0x06, 0x00, 0x02, 0x00, 0x02,
        0x00, 0x00, 0xFF, 0xFE, 0xFF, 0xFE, 0xFF, 0xFA, 0xFF, 0xFD, 0xFF, 0xF7, 0xFF, 0xF5, 0xFF, 0xFB,
        0xFF, 0xF4, 0xFE, 0x74, 0xFF, 0xF4, 0xFF, 0xFB, 0xFF, 0xF5, 0xFF, 0xF7, 0xFF, 0xF9, 0xFF, 0xFC,
        0xFF, 0xFE, 0x00, 0x00, 0x00, 0x04, 0x00, 0x02, 0x00, 0x07, 0x00, 0x09, 0x00, 0x0B, 0x00, 0x05,
        0x00, 0x0C, 0x00, 0x94, 0x00, 0x00, 0xFF, 0x6C, 0xFF, 0xF4, 0xFF, 0xF5, 0xFF, 0xFB, 0xFF, 0xF7,
        0xFF, 0xF9, 0xFF, 0xFE, 0xFF, 0xFC, 0x00, 0x00, 0xFF, 0xFD, 0xFF, 0xF5, 0xFF, 0xF5, 0xFF, 0xFB,
        0xFF, 0xF7, 0xFF, 0xFA, 0xFF, 0xFE, 0xFF, 0xFE, 0xFF, 0xFF, 0x00, 0x00, 0x00, 0x03, 0x00, 0x02,
        0x00, 0x03, 0x00, 0x07, 0x00, 0x05, 0x00, 0x0A, 0x00, 0x06, 0x00, 0x0B, 0x00, 0x06, 0x00, 0x0B,
        0x00, 0x06, 0x00, 0x0A, 0x00, 0x05, 0x00, 0x07, 0x00, 0x03, 0x00, 0x04, 0x00, 0x01, 0x00, 0x00,
        0x02, 0x40, 0x00, 0x00, 0x00, 0x02, 0x00, 0x01, 0x00, 0x06, 0x00, 0x07, 0x00, 0x05, 0x00, 0x0A,
        0x00, 0x05, 0x00, 0x0C, 0x00, 0x06, 0x00, 0x0B, 0x00, 0x06, 0x00, 0x0A, 0x00, 0x04, 0x00, 0x08,
        0x00, 0x05, 0x00, 0x02, 0x00, 0x01, 0x00, 0x00, 0xFF, 0xFF, 0xFF, 0xFE, 0xFF, 0xFB, 0xFF, 0xF8,
        0xFF, 0xF7, 0xFF, 0xF5, 0xFF, 0xF5, 0xFF, 0xF4, 0xFF, 0xF5, 0xFF, 0xFB, 0xFF, 0xF6, 0xFF, 0xF9,
        0xFF, 0xFA, 0xFF, 0xFF, 0xFF, 0xFE, 0x00, 0x00, 0xFD, 0xC0, 0x00, 0x00, 0xFF, 0xFF, 0xFF, 0xFC,
        0xFF, 0xFD, 0xFF, 0xF9, 0xFF, 0xF6, 0xFF, 0xFB, 0xFF, 0xF5, 0xFF, 0xFA, 0x00, 0x01, 0x00, 0xA1,
        0xFF, 0xCE, 0x02, 0x2F, 0x02, 0xD7, 0x00, 0x4F, 0x00, 0x00, 0x01, 0x01, 0x01, 0x01, 0x01, 0x01,
        0x01, 0x01, 0x01, 0x01, 0x01, 0x01, 0x01, 0x01, 0x01, 0x01, 0x01, 0x01, 0x01, 0x01, 0x01, 0x01,
        0x01, 0x01, 0x01, 0x01, 0x01, 0x01, 0x01, 0x01, 0x01, 0x01, 0x01, 0x01, 0x01, 0x01, 0x01, 0x01,
        0x01, 0x01, 0x01, 0x01, 0x01, 0x01, 0x01, 0x01, 0x01, 0x01, 0x01, 0x01, 0x01, 0x01, 0x01, 0x01,
        0x01, 0x01, 0x01, 0x01, 0x01, 0x01, 0x01, 0x01, 0x01, 0x01, 0x01, 0x01, 0x01, 0x01, 0x01, 0x01,
        0x01, 0x01, 0x01, 0x01, 0x01, 0x01, 0x01, 0x01, 0x01, 0x01, 0x02, 0x2F, 0xFF, 0xFF, 0xFF, 0xFE,
        0xFF, 0xFB, 0xFF, 0xF8, 0xFF, 0xFC, 0xFF, 0xF5, 0xFF, 0xFB, 0xFF, 0xF4, 0xFF, 0xFB, 0xFF, 0xF4,
        0xFF, 0xFB, 0xFF, 0xF5, 0xFF, 0xFC, 0xFF, 0xF8, 0xFF, 0xFD, 0xFF, 0xFC, 0xFF, 0xFF, 0x00, 0x00,
        0x00, 0x00, 0xFF, 0xFD, 0xFF, 0xFA, 0xFF, 0xFC, 0xFF, 0xF7, 0xFF, 0xFA, 0xFF, 0xF9, 0xFF, 0xF4,
        0xFF, 0x9A, 0xFF, 0xF4, 0xFF, 0xF9, 0xFF, 0xFA, 0xFF, 0xF7, 0xFF, 0xFA, 0xFF, 0xFB, 0xFF, 0xFE,
        0x00, 0x00, 0x00, 0x00, 0x00, 0x00, 0xFF, 0xFD, 0xFF, 0xFB, 0xFF, 0xF8, 0xFF, 0xFC, 0xFF, 0xF5,
        0xFF, 0xFB, 0xFF, 0xF4, 0xFF, 0xF5, 0xFF, 0xFA, 0xFF, 0xFB, 0xFF, 0xF5, 0xFF, 0xF8, 0xFF, 0xF9,
        0xFF, 0xFE, 0xFF, 0xFD, 0x00, 0x00, 0x00, 0x00, 0x00, 0x02, 0x00, 0x05, 0x00, 0x08, 0x00, 0x05,
        0x00, 0x06, 0x00, 0x0E, 0x00, 0x11, 0x00, 0x09, 0x00, 0x14, 0x00, 0x0A, 0x00, 0x16, 0x00, 0x16,
        0x00, 0x6C, 0x00, 0x15, 0x00, 0x0B, 0x00, 0x0B, 0x00, 0x15, 0x00, 0x0A, 0x00, 0x13, 0x00, 0x11,
        0x00, 0x0E, 0x00, 0x0B, 0x00, 0x08, 0x00, 0x05, 0x00, 0x02, 0x02, 0xA5, 0x00, 0x0B, 0x00, 0x06,
        0x00, 0x0A, 0x00, 0x09, 0x00, 0x04, 0x00, 0x06, 0x00, 0x02, 0x00, 0x02, 0x00, 0x00, 0xFF, 0xFE,
        0xFF, 0xFE, 0xFF, 0xFA, 0xFF, 0xFC, 0xFF, 0xF7, 0xFF, 0xFB, 0xFF, 0xF5, 0xFF, 0xF5, 0xFD, 0xC1,
        0xFF, 0xF7, 0xFF, 0xF5, 0xFF, 0xF6, 0xFF, 0xFB, 0xFF, 0xF8, 0xFF, 0xFC, 0xFF, 0xFE, 0xFF, 0xFE,
        0x00, 0x00, 0x00, 0x02, 0x00, 0x02, 0x00, 0x04, 0x00, 0x08, 0x00, 0x09, 0x00, 0x0A, 0x00, 0x07,
        0x00, 0x09, 0x00, 0x98, 0x00, 0x06, 0x00, 0x0B, 0x00, 0x0A, 0x00, 0x09, 0x00, 0x04, 0x00, 0x06,
        0x00, 0x02, 0x00, 0x02, 0xFF, 0xFF, 0xFF, 0xFF, 0xFF, 0xFE, 0xFF, 0xFA, 0xFF, 0xF8, 0xFF, 0xF6,
        0xFF, 0xFB, 0xFF, 0xF5, 0xFF, 0xFA, 0xFF, 0x66, 0xFF, 0xEA, 0xFF, 0xEA, 0xFF, 0xEB, 0xFF, 0xF6,
        0xFF, 0xF7, 0xFF, 0xEE, 0xFF, 0xF1, 0xFF, 0xF9, 0xFF, 0xF5, 0xFF, 0xFB, 0xFF, 0xF9, 0xFF, 0xFD,
        0x00, 0x00, 0x00, 0x01, 0x00, 0x02, 0x00, 0x03, 0x00, 0x09, 0x00, 0x05, 0x00, 0x0D, 0x00, 0x0F,
        0x00, 0x12, 0x00, 0x13, 0x00, 0x15, 0x00, 0x16, 0x00, 0x16, 0x00, 0x00, 0x00, 0x01, 0x00, 0x70,
        0xFF, 0xCE, 0x02, 0x60, 0x02, 0xD7, 0x00, 0x47, 0x00, 0x00, 0x01, 0x01, 0x01, 0x01, 0x01, 0x01,
        0x01, 0x01, 0x01, 0x01, 0x01, 0x01, 0x01, 0x01, 0x01, 0x01, 0x01, 0x01, 0x01, 0x01, 0x01, 0x01,
        0x01, 0x01, 0x01, 0x01, 0x01, 0x01, 0x01, 0x01, 0x01, 0x01, 0x01, 0x01, 0x01, 0x01, 0x01, 0x01,
        0x01, 0x01, 0x01, 0x01, 0x01, 0x01, 0x01, 0x01, 0x01, 0x01, 0x01, 0x01, 0x01, 0x01, 0x01, 0x01,
        0x01, 0x01, 0x01, 0x01, 0x01, 0x01, 0x01, 0x01, 0x01, 0x01, 0x01, 0x01, 0x01, 0x01, 0x01, 0x01,
        0x01, 0x01, 0x00, 0x70, 0x00, 0x01, 0x00, 0x02, 0x00, 0x02, 0x00, 0x06, 0x00, 0x04, 0x00, 0x0A,
        0x00, 0x05, 0x00, 0x0B, 0x00, 0x06, 0x00, 0x0C, 0x00, 0x0B, 0x00, 0x0A, 0x00, 0x05, 0x00, 0x07,
        0x00, 0x03, 0x00, 0x04, 0x00, 0x01, 0x00, 0x00, 0x01, 0x39, 0x00, 0x0A, 0x00, 0x0B, 0x00, 0x0C,
        0x00, 0x05, 0x00, 0x0C, 0x00, 0x0A, 0x00, 0x09, 0x00, 0x07, 0x00, 0x03, 0x00, 0x04, 0x00, 0x00,
        0xFF, 0xFE, 0xFF, 0xFE, 0xFF, 0xFB, 0xFF, 0xF8, 0xFE, 0xA1, 0x01, 0x63, 0x00, 0x04, 0x00, 0x05,
        0x00, 0x02, 0x00, 0x02, 0x00, 0x00, 0xFF, 0xFE, 0xFF, 0xFE, 0xFF, 0xFA, 0xFF, 0xF8, 0xFF, 0xF6,
        0xFF, 0xFB, 0xFF, 0xF4, 0xFF, 0xF5, 0xFF, 0xFA, 0xFF, 0xF5, 0xFF, 0xFB, 0xFE, 0xC2, 0x00, 0x00,
        0xFF, 0xFF, 0xFF, 0xFC, 0xFF, 0xFD, 0xFF, 0xF9, 0xFF, 0xFB, 0xFF, 0xF6, 0xFF, 0xFA, 0xFF, 0xF5,
        0xFF, 0xFA, 0xFF, 0xF5, 0xFF, 0xFA, 0xFF, 0xF6, 0xFF, 0xFB, 0xFF, 0xF9, 0xFF, 0xFD, 0xFF, 0xFC,
        0xFF, 0xFF, 0x00, 0x00, 0xFF, 0xF4, 0xFF, 0xFB, 0xFF, 0xFA, 0xFF, 0xF7, 0xFF, 0xFB, 0xFF, 0xF9,
        0xFF, 0xFE, 0xFF, 0xFC, 0x00, 0x00, 0x00, 0x00, 0x00, 0x04, 0x00, 0x06, 0x00, 0x03, 0x00, 0x09,
        0x00, 0x05, 0x00, 0x0B, 0x00, 0x0C, 0x00, 0xE5, 0xFE, 0xF5, 0xFF, 0xF9, 0xFF, 0xFC, 0xFF, 0xFF,
        0x00, 0x00, 0x00, 0x02, 0x00, 0x06, 0x00, 0x07, 0x00, 0x09, 0x00, 0x06, 0x00, 0x0B, 0x00, 0x0B,
        0x00, 0x0C, 0x00, 0x06, 0x00, 0x0A, 0x00, 0x08, 0x01, 0x2C, 0x01, 0x31, 0x00, 0x04, 0x00, 0x0A,
        0x00, 0x06, 0x00, 0x0B, 0x00, 0x06, 0x00, 0x0C, 0x00, 0x05, 0x00, 0x0A, 0x00, 0x09, 0x00, 0x06,
        0x00, 0x02, 0x00, 0x03, 0x00, 0x00, 0xFF, 0xFF, 0xFF, 0xFC, 0xFF, 0xFD, 0xFE, 0xF1, 0x00, 0xE5,
        0x00, 0x0B, 0x00, 0x0B, 0x00, 0x05, 0x00, 0x09, 0x00, 0x04, 0x00, 0x06, 0x00, 0x02, 0x00, 0x02,
        0x00, 0x00, 0xFF, 0xFE, 0xFF, 0xFE, 0xFF, 0xFA, 0xFF, 0xFC, 0xFF, 0xF7, 0xFF, 0xFB, 0xFF, 0xF5,
        0xFF, 0xF5, 0x00, 0x00, 0x00, 0x01, 0x00, 0x70, 0xFF, 0xCE, 0x02, 0x60, 0x02, 0xD7, 0x00, 0x23,
        0x00, 0x00, 0x01, 0x01, 0x01, 0x01, 0x01, 0x01, 0x01, 0x01, 0x01, 0x01, 0x01, 0x01, 0x01, 0x01,
        0x01, 0x01, 0x01, 0x01, 0x01, 0x01, 0x01, 0x01, 0x01, 0x01, 0x01, 0x01, 0x01, 0x01, 0x01, 0x01,
        0x01, 0x01, 0x01, 0x01, 0x01, 0x01, 0x00, 0xD4, 0xFF, 0xFF, 0xFF, 0xFE, 0xFF, 0xFE, 0xFF, 0xFA,
        0xFF, 0xF7, 0xFF, 0xF6, 0xFF, 0xFA, 0xFF, 0xF5, 0xFF, 0xFA, 0xFF, 0xF5, 0xFF, 0xFA, 0xFF, 0xF6,
        0xFF, 0xFB, 0xFF, 0xF9, 0xFF, 0xFB, 0xFF, 0xFD, 0x00, 0x00, 0x01, 0xC4, 0x00, 0x06, 0x00, 0x0B,
        0x00, 0x05, 0x00, 0x09, 0x00, 0x03, 0x00, 0x06, 0x00, 0x02, 0x00, 0x02, 0x00, 0x00, 0xFF, 0xFE,
        0xFF, 0xFE, 0xFF, 0xFA, 0xFF, 0xFD, 0xFF, 0xF7, 0xFF, 0xF5, 0xFF, 0xF5, 0xFE, 0xA0, 0x02, 0xA5,
        0x00, 0x0B, 0x00, 0x06, 0x00, 0x05, 0x00, 0x0A, 0x00, 0x08, 0x00, 0x06, 0x00, 0x02, 0x00, 0x02,
        0x00, 0x00, 0xFF, 0xFE, 0xFF, 0xFE, 0xFF, 0xFA, 0xFF, 0xFC, 0xFF, 0xF7, 0xFF, 0xF6, 0xFF, 0xF5,
        0xFD, 0x23, 0x00, 0x00, 0x00, 0x01, 0x00, 0x04, 0x00, 0x03, 0x00, 0x07, 0x00, 0x05, 0x00, 0x0A,
        0x00, 0x06, 0x00, 0x0B, 0x00, 0x06, 0x00, 0x0B, 0x00, 0x06, 0x00, 0x0A, 0x00, 0x05, 0x00, 0x07,
        0x00, 0x05, 0x00, 0x03, 0x00, 0x00, 0x00, 0x00, 0x00, 0x01, 0x00, 0x70, 0xFF, 0xCE, 0x02, 0x60,
        0x02, 0xD7, 0x00, 0x38, 0x00, 0x00, 0x01, 0x01, 0x01, 0x01, 0x01, 0x01, 0x01, 0x01, 0x01, 0x01,
        0x01, 0x01, 0x01, 0x01, 0x01, 0x01, 0x01, 0x01, 0x01, 0x01, 0x01, 0x01, 0x01, 0x01, 0x01, 0x01,
        0x01, 0x01, 0x01, 0x01, 0x01, 0x01, 0x01, 0x01, 0x01, 0x01, 0x01, 0x01, 0x01, 0x01, 0x01, 0x01,
        0x01, 0x01, 0x01, 0x01, 0x01, 0x01, 0x01, 0x01, 0x01, 0x01, 0x01, 0x01, 0x01, 0x01, 0x01, 0x00,
        0x70, 0x00, 0x00, 0x00, 0x01, 0x00, 0x04, 0x00, 0x06, 0x00, 0x09, 0x00, 0x0A, 0x00, 0x0B, 0x00,
        0x06, 0x00, 0x0C, 0x00, 0x0B, 0x00, 0x0A, 0x00, 0x05, 0x00, 0x07, 0x00, 0x03, 0x00, 0x04, 0x00,
        0x01, 0x00, 0x00, 0x00, 0x62, 0x00, 0x00, 0x00, 0x03, 0x00, 0x05, 0x00, 0x07, 0x00, 0x0A, 0x00,
        0x0B, 0x00, 0x0B, 0x00, 0x06, 0x00, 0x0B, 0x00, 0x0B, 0x00, 0x0A, 0x00, 0x07, 0x00, 0x05, 0x00,
        0x03, 0x00, 0x00, 0x00, 0x62, 0x00, 0x00, 0x00, 0x01, 0x00, 0x02, 0x00, 0x05, 0x00, 0x07, 0x00,
        0x0A, 0x00, 0x05, 0x00, 0x0B, 0x00, 0x0C, 0x00, 0x0B, 0x00, 0x0B, 0x00, 0x0A, 0x00, 0x04, 0x00,
        0x03, 0x00, 0x05, 0x00, 0x03, 0x00, 0x00, 0x00, 0x00, 0xFF, 0x82, 0xFF, 0x86, 0xFF, 0x86, 0xFF,
        0x82, 0x00, 0x77, 0xFF, 0x83, 0xFF, 0xFA, 0xFF, 0xF5, 0xFF, 0xF7, 0xFF, 0xF8, 0xFF, 0xFA, 0xFF,
        0xFC, 0x00, 0x00, 0x00, 0x00, 0x00, 0x04, 0x00, 0x06, 0x00, 0x03, 0x00, 0x09, 0x00, 0x05, 0x00,
        0x0B, 0x00, 0x0C, 0x02, 0x4C, 0xFF, 0x75, 0xFF, 0xE0, 0xFF, 0xF5, 0xFF, 0xF5, 0xFF, 0xF7, 0xFF,
        0xF9, 0xFF, 0xFC, 0xFF, 0xFE, 0x00, 0x00, 0x00, 0x02, 0x00, 0x04, 0x00, 0x07, 0x00, 0x09, 0x00,
        0x0B, 0x00, 0x0B, 0x00, 0x20, 0x00, 0x8B, 0xFD, 0xB4, 0xFF, 0xF4, 0xFF, 0xFB, 0xFF, 0xF5, 0xFF,
        0xF7, 0xFF, 0xF9, 0xFF, 0xFE, 0xFF, 0xFC, 0x00, 0x00, 0x00, 0x02, 0x00, 0x04, 0x00, 0x07, 0x00,
        0x05, 0x00, 0x04, 0x00, 0x0B, 0x00, 0x0B, 0x00, 0x7D, 0x02, 0x60, 0x00, 0x00, 0xFF, 0x52, 0x00,
        0xAE, 0x00, 0x00, 0x00, 0x00, 0x01, 0x00, 0x70, 0xFF, 0xCE, 0x02, 0x60, 0x02, 0xD7, 0x00, 0x2D,
        0x00, 0x00, 0x01, 0x01, 0x01, 0x01, 0x01, 0x01, 0x01, 0x01, 0x01, 0x01, 0x01, 0x01, 0x01, 0x01,
        0x01, 0x01, 0x01, 0x01, 0x01, 0x01, 0x01, 0x01, 0x01, 0x01, 0x01, 0x01, 0x01, 0x01, 0x01, 0x01,
        0x01, 0x01, 0x01, 0x01, 0x01, 0x01, 0x01, 0x01, 0x01, 0x01, 0x01, 0x01, 0x01, 0x01, 0x01, 0x01,
        0x00, 0x70, 0x00, 0x01, 0x00, 0x04, 0x00, 0x03, 0x00, 0x07, 0x00, 0x05, 0x00, 0x0A, 0x00, 0x0B,
        0x00, 0x06, 0x00, 0x0C, 0x00, 0x0B, 0x00, 0x0A, 0x00, 0x05, 0x00, 0x07, 0x00, 0x03, 0x00, 0x04,
        0x00, 0x01, 0x00, 0x00, 0xFF, 0xCE, 0x00, 0x32, 0xFF, 0xD1, 0x01, 0x37, 0x00, 0x84, 0x00, 0x00,
        0xFF, 0xFF, 0xFF, 0xFE, 0xFF, 0xFB, 0xFF, 0xF9, 0xFF, 0xFB, 0xFF, 0xF6, 0xFF, 0xFA, 0xFF, 0xF5,
        0xFF, 0xFA, 0xFF, 0xF5, 0xFF, 0xFA, 0xFF, 0xF6, 0xFF, 0xF7, 0xFF, 0xFA, 0xFF, 0xFC, 0xFF, 0xFF,
        0x00, 0x00, 0x00, 0x32, 0xFF, 0xCF, 0x00, 0x2E, 0xFE, 0xC9, 0xFF, 0x7C, 0x00, 0x00, 0xFF, 0xF4,
        0xFF, 0xF5, 0xFF, 0xFB, 0xFF, 0xF7, 0xFF, 0xFD, 0xFF, 0xFA, 0xFF, 0xFC, 0x00, 0x00, 0x00, 0x00,
        0x00, 0x04, 0x00, 0x06, 0x00, 0x03, 0x00, 0x09, 0x00, 0x05, 0x00, 0x0B, 0x00, 0x06, 0x02, 0xAB,
        0xFF, 0xCD, 0x00, 0x00, 0x00, 0x1F, 0xFD, 0x3D, 0x00, 0x00, 0x02, 0xD7, 0x00, 0x0B, 0x00, 0x06,
        0x00, 0x0A, 0x00, 0x09, 0x00, 0x04, 0x00, 0x06, 0x00, 0x02, 0x00, 0x02, 0x00, 0x00, 0xFF, 0xFE,
        0xFF, 0xFE, 0xFF, 0xFA, 0xFF, 0xF8, 0xFF, 0xF6, 0xFF, 0xF5, 0xFF, 0xFB, 0xFD, 0x55, 0x00, 0x32,
        0x00, 0x00, 0xFF, 0xE2, 0x02, 0xC3, 0x00, 0x00, 0x00, 0x02, 0x00, 0x70, 0xFF, 0xCE, 0x02, 0x60,
        0x02, 0xD7, 0x00, 0x1B, 0x00, 0x56, 0x00, 0x00, 0x01, 0x01, 0x01, 0x01, 0x01, 0x01, 0x01, 0x01,
        0x01, 0x01, 0x01, 0x01, 0x01, 0x01, 0x01, 0x01, 0x01, 0x01, 0x01, 0x01, 0x01, 0x01, 0x01, 0x01,
        0x01, 0x01, 0x01, 0x01, 0x01, 0x01, 0x01, 0x01, 0x01, 0x01, 0x01, 0x01, 0x01, 0x01, 0x01, 0x01,
        0x01, 0x01, 0x01, 0x01, 0x01, 0x01, 0x01, 0x01, 0x01, 0x01, 0x01, 0x01, 0x01, 0x01, 0x01, 0x01,
        0x01, 0x01, 0x01, 0x01, 0x01, 0x01, 0x01, 0x01, 0x01, 0x01, 0x01, 0x01, 0x01, 0x01, 0x01, 0x01,
        0x01, 0x01, 0x01, 0x01, 0x01, 0x01, 0x01, 0x01, 0x01, 0x01, 0x01, 0x01, 0x01, 0x01, 0x01, 0x01,
        0x63, 0xFF, 0xF1, 0x00, 0x06, 0x00, 0x04, 0x00, 0x0A, 0x00, 0x0A, 0x00, 0x04, 0x00, 0x06, 0xFF,
        0xF1, 0x00, 0x8C, 0x00, 0x01, 0x00, 0x02, 0xFF, 0xFF, 0xFF, 0xFE, 0xFF, 0x74, 0x00, 0x0F, 0xFF,
        0xFA, 0xFF, 0xFC, 0xFF, 0xF6, 0xFF, 0xF6, 0xFF, 0xFC, 0xFF, 0xFA, 0x00, 0x0F, 0xFF, 0x74, 0xFF,
        0xFF, 0xFF, 0xFE, 0x00, 0x01, 0x00, 0x02, 0xFF, 0xA3, 0xFF, 0xFD, 0xFF, 0xFD, 0xFF, 0xFE, 0xFF,
        0xFE, 0x00, 0x00, 0x00, 0x02, 0x00, 0x04, 0x00, 0x02, 0x00, 0x95, 0x00, 0x07, 0x00, 0x0C, 0x00,
        0x09, 0x00, 0x0A, 0x00, 0x0A, 0x00, 0x0B, 0x00, 0x0A, 0x00, 0x0B, 0x00, 0x0B, 0x00, 0x0B, 0x00,
        0x0B, 0x00, 0x0A, 0x00, 0x0B, 0x00, 0x0A, 0x00, 0x0A, 0x00, 0x10, 0x00, 0x09, 0x00, 0x06, 0x00,
        0x90, 0x00, 0x03, 0x00, 0x03, 0x00, 0x02, 0x00, 0x02, 0x00, 0x00, 0xFF, 0xFE, 0xFF, 0xFE, 0xFF,
        0xFD, 0xFF, 0xFD, 0xFF, 0x70, 0xFF, 0xFA, 0xFF, 0xFC, 0xFF, 0xF4, 0xFF, 0xF7, 0xFF, 0xF6, 0xFF,
        0xF6, 0xFF, 0xF5, 0xFF, 0xF6, 0xFF, 0xF5, 0xFF, 0xF5, 0xFF, 0xF5, 0xFF, 0xF5, 0xFF, 0xF6, 0xFF,
        0xF5, 0xFF, 0xF6, 0xFF, 0xF6, 0xFF, 0xF7, 0xFF, 0xF4, 0xFF, 0xF9, 0xFF, 0xFD, 0x02, 0x7D, 0xFF,
        0xEE, 0x00, 0x04, 0x00, 0x02, 0x00, 0x01, 0xFF, 0xFF, 0xFF, 0xFE, 0xFF, 0xFC, 0x00, 0x12, 0xFE,
        0xEF, 0xFF, 0xF7, 0xFF, 0xF3, 0xFF, 0xF2, 0xFF, 0xF1, 0xFE, 0xEF, 0x00, 0x12, 0xFF, 0xFC, 0xFF,
        0xFE, 0xFF, 0xFE, 0x00, 0x02, 0x00, 0x02, 0x00, 0x04, 0xFF, 0xEE, 0x01, 0x11, 0x00, 0x08, 0x00,
        0x0E, 0x00, 0x0E, 0x00, 0x0F, 0x00, 0x28, 0xFF, 0xF8, 0xFF, 0xF1, 0xFF, 0xF4, 0xFF, 0xE7, 0xFF,
        0xE8, 0xFF, 0xF4, 0xFF, 0xE9, 0xFF, 0xF8, 0xFE, 0xE0, 0xFF, 0xF7, 0xFF, 0xF7, 0xFF, 0xFB, 0xFF,
        0xFB, 0xFF, 0xFC, 0xFF, 0xFD, 0xFF, 0xFD, 0xFF, 0xFF, 0x00, 0x00, 0x00, 0x00, 0x00, 0x01, 0x00,
        0x03, 0x00, 0x03, 0x00, 0x04, 0x00, 0x05, 0x00, 0x0A, 0x00, 0x08, 0x00, 0x0A, 0x01, 0x17, 0x00,
        0x08, 0x00, 0x0F, 0x00, 0x0C, 0x00, 0x18, 0x00, 0x0C, 0x00, 0x19, 0x00, 0x0C, 0x00, 0x0F, 0x00,
        0x08, 0x01, 0x17, 0x00, 0x0A, 0x00, 0x04, 0x00, 0x09, 0x00, 0x05, 0x00, 0x05, 0x00, 0x04, 0x00,
        0x03, 0x00, 0x02, 0x00, 0x02, 0x00, 0x00, 0x00, 0x00, 0xFF, 0xFE, 0xFF, 0xFE, 0xFF, 0xFD, 0xFF,
        0xFC, 0xFF, 0xFB, 0xFF, 0xFB, 0xFF, 0xF7, 0xFF, 0xF7, 0xFF, 0xFB, 0x00, 0x00, 0x02, 0x00, 0x70,
        0xFF, 0xCE, 0x02, 0x60, 0x02, 0xD7, 0x00, 0x2B, 0x00, 0x40, 0x00, 0x00, 0x01, 0x01, 0x01, 0x01,
        0x01, 0x01, 0x01, 0x01, 0x01, 0x01, 0x01, 0x01, 0x01, 0x01, 0x01, 0x01, 0x01, 0x01, 0x01, 0x01,
        0x01, 0x01, 0x01, 0x01, 0x01, 0x01, 0x01, 0x01, 0x01, 0x01, 0x01, 0x01, 0x01, 0x01, 0x01, 0x01,
        0x01, 0x01, 0x01, 0x01, 0x01, 0x01, 0x01, 0x01, 0x01, 0x01, 0x01, 0x01, 0x01, 0x01, 0x01, 0x01,
        0x01, 0x01, 0x01, 0x01, 0x01, 0x01, 0x01, 0x01, 0x01, 0x01, 0x01, 0x01, 0x01, 0x00, 0x70, 0x00,
        0x00, 0x00, 0x01, 0x00, 0x04, 0x00, 0x03, 0x00, 0x07, 0x00, 0x05, 0x00, 0x0A, 0x00, 0x0B, 0x00,
        0x06, 0x00, 0x0C, 0x00, 0x0B, 0x00, 0x0A, 0x00, 0x09, 0x00, 0x06, 0x00, 0x04, 0x00, 0x01, 0x00,
        0x00, 0x00, 0xF6, 0x00, 0x16, 0x00, 0x0B, 0x00, 0x15, 0x00, 0x15, 0x00, 0x13, 0x00, 0x10, 0x00,
        0x0E, 0x00, 0x0B, 0x00, 0x09, 0x00, 0x05, 0x00, 0x01, 0x00, 0x00, 0xFF, 0xFF, 0xFF, 0xFE, 0xFF,
        0xF9, 0xFF, 0xFB, 0xFF, 0xF5, 0xFF, 0xF2, 0xFF, 0xF8, 0xFF, 0xEE, 0xFF, 0xED, 0xFF, 0xEB, 0xFF,
        0xEA, 0xFF, 0xF5, 0xFE, 0x9B, 0x00, 0x64, 0x00, 0x00, 0x00, 0xF9, 0x00, 0x0B, 0x00, 0x07, 0x00,
        0x07, 0x00, 0x08, 0x00, 0x07, 0x00, 0x03, 0x00, 0x02, 0x00, 0x01, 0x00, 0x01, 0xFF, 0xFF, 0xFF,
        0xFE, 0xFF, 0xFC, 0xFF, 0xFC, 0xFF, 0xF8, 0xFF, 0xF9, 0xFF, 0xF6, 0xFF, 0xF9, 0xFF, 0xF7, 0x02,
        0x72, 0xFD, 0x8E, 0xFF, 0xF4, 0xFF, 0xF5, 0xFF, 0xFB, 0xFF, 0xF7, 0xFF, 0xFD, 0xFF, 0xFA, 0xFF,
        0xFC, 0x00, 0x00, 0x00, 0x00, 0x00, 0x04, 0x00, 0x06, 0x00, 0x08, 0x00, 0x09, 0x00, 0x0B, 0x00,
        0x0C, 0x00, 0xF6, 0x00, 0x00, 0x00, 0x01, 0x00, 0x02, 0x00, 0x07, 0x00, 0x0A, 0x00, 0x0D, 0x00,
        0x0F, 0x00, 0x12, 0x00, 0x13, 0x00, 0x15, 0x00, 0x16, 0x00, 0x16, 0x00, 0xB5, 0x00, 0x16, 0x00,
        0x0B, 0x00, 0x15, 0x00, 0x0B, 0x00, 0x13, 0x00, 0x12, 0x00, 0x08, 0x00, 0x0E, 0x00, 0x0B, 0x00,
        0x09, 0x00, 0x05, 0x00, 0x01, 0x00, 0x00, 0xFE, 0x84, 0x01, 0x17, 0x00, 0x00, 0xFF, 0xFE, 0xFF,
        0xFD, 0xFF, 0xFD, 0xFF, 0xF8, 0xFF, 0xF7, 0xFF, 0xF9, 0xFF, 0xF9, 0xFF, 0xF9, 0xFF, 0x4A, 0xFF,
        0xF7, 0xFF, 0xF9, 0xFF, 0xF6, 0xFF, 0xFA, 0xFF, 0xF8, 0xFF, 0xFB, 0xFF, 0xFC, 0xFF, 0xFE, 0x00,
        0x00, 0x00, 0x00, 0x00, 0x00, 0x02, 0x00, 0x70, 0xFF, 0xCE, 0x02, 0x60, 0x02, 0xD5, 0x00, 0x56,
        0x00, 0x7D, 0x00, 0x00, 0x01, 0x01, 0x01, 0x01, 0x01, 0x01, 0x01, 0x01, 0x01, 0x01, 0x01, 0x01,
        0x01, 0x01, 0x01, 0x01, 0x01, 0x01, 0x01, 0x01, 0x01, 0x01, 0x01, 0x01, 0x01, 0x01, 0x01, 0x01,
        0x01, 0x01, 0x01, 0x01, 0x01, 0x01, 0x01, 0x01, 0x01, 0x01, 0x01, 0x01, 0x01, 0x01, 0x01, 0x01,
        0x01, 0x01, 0x01, 0x01, 0x01, 0x01, 0x01, 0x01, 0x01, 0x01, 0x01, 0x01, 0x01, 0x01, 0x01, 0x01,
        0x01, 0x01, 0x01, 0x01, 0x01, 0x01, 0x01, 0x01, 0x01, 0x01, 0x01, 0x01, 0x01, 0x01, 0x01, 0x01,
        0x01, 0x01, 0x01, 0x01, 0x01, 0x01, 0x01, 0x01, 0x01, 0x01, 0x01, 0x01, 0x01, 0x01, 0x01, 0x01,
        0x01, 0x01, 0x01, 0x01, 0x01, 0x01, 0x01, 0x01, 0x01, 0x01, 0x01, 0x01, 0x01, 0x01, 0x01, 0x01,
        0x01, 0x01, 0x01, 0x01, 0x01, 0x01, 0x01, 0x01, 0x01, 0x01, 0x01, 0x01, 0x01, 0x01, 0x01, 0x01,
        0x01, 0x01, 0x00, 0x70, 0x00, 0x01, 0x00, 0x01, 0x00, 0x03, 0x00, 0x04, 0x00, 0x04, 0x00, 0x06,
        0x00, 0x06, 0x00, 0x06, 0x00, 0x08, 0x00, 0x08, 0x00, 0x09, 0x00, 0x09, 0x00, 0x0A, 0x00, 0x0A,
        0x00, 0x0A, 0x00, 0x0A, 0x00, 0x0B, 0x00, 0x0A, 0x00, 0x0B, 0x00, 0x0A, 0x00, 0x0A, 0x00, 0x0A,
        0x00, 0x0A, 0x00, 0x09, 0x00, 0x08, 0x00, 0x52, 0x00, 0x1C, 0x00, 0x07, 0x00, 0x05, 0x00, 0x0A,
        0x00, 0x0B, 0x00, 0x0C, 0x00, 0x61, 0x00, 0x06, 0x00, 0x0B, 0x00, 0x0B, 0x00, 0x09, 0x00, 0x07,
        0x00, 0x04, 0x00, 0x02, 0x00, 0x00, 0xFF, 0xFE, 0xFF, 0xFC, 0xFF, 0xFC, 0xFF, 0xF8, 0xFF, 0xF7,
        0xFF, 0xF5, 0xFF, 0xF4, 0xFF, 0xC1, 0xFF, 0xE7, 0x00, 0x7C, 0x00, 0x07, 0x00, 0x03, 0x00, 0x03,
        0x00, 0x01, 0x00, 0x00, 0x00, 0x00, 0xFF, 0xFF, 0xFF, 0xFD, 0xFF, 0xFD, 0xFF, 0xFC, 0xFF, 0xFB,
        0xFF, 0xFA, 0xFF, 0xFA, 0xFF, 0xF8, 0xFF, 0xF9, 0xFF, 0xF7, 0xFF, 0xF7, 0xFF, 0xF6, 0xFF, 0xF7,
        0xFF, 0xF5, 0xFF, 0xF6, 0xFF, 0xF5, 0xFF, 0xF6, 0xFF, 0xF5, 0xFF, 0xF5, 0xFF, 0xF6, 0xFF, 0xF6,
        0xFF, 0xF6, 0xFF, 0xF6, 0xFF, 0xF7, 0xFE, 0xE2, 0xFF, 0xF9, 0xFF, 0xFA, 0xFF, 0xFD, 0xFF, 0xFF,
        0x00, 0x64, 0x00, 0x00, 0x01, 0x06, 0x00, 0x05, 0x00, 0x05, 0x00, 0x06, 0x00, 0x05, 0x00, 0x05,
        0x00, 0x04, 0x00, 0x02, 0x00, 0x01, 0x00, 0x01, 0xFF, 0xB2, 0xFF, 0xE6, 0xFF, 0xFA, 0xFF, 0xF7,
        0xFF, 0xF6, 0xFF, 0xF4, 0xFF, 0xFA, 0xFF, 0xF5, 0xFF, 0xFA, 0xFF, 0xFB, 0xFF, 0xF6, 0xFF, 0xF7,
        0xFF, 0xFA, 0xFF, 0xFE, 0xFF, 0xFE, 0x00, 0x00, 0x00, 0x03, 0x00, 0x24, 0xFF, 0x94, 0xFF, 0xFD,
        0xFF, 0xFB, 0xFF, 0xFB, 0xFF, 0xFB, 0xFF, 0xFC, 0xFF, 0xFC, 0xFF, 0xFF, 0xFF, 0xFF, 0x00, 0x44,
        0xFF, 0xF5, 0xFF, 0xF6, 0xFF, 0xF6, 0xFF, 0xF6, 0xFF, 0xF6, 0xFF, 0xF7, 0xFF, 0xF7, 0xFF, 0xF8,
        0xFF, 0xF9, 0xFF, 0xF9, 0xFF, 0xFA, 0xFF, 0xFB, 0xFF, 0xFB, 0xFF, 0xFD, 0xFF, 0xFD, 0xFF, 0xFE,
        0x00, 0x00, 0x00, 0x00, 0x00, 0x01, 0x00, 0x02, 0x00, 0x03, 0x00, 0x03, 0x00, 0x05, 0x00, 0x05,
        0x00, 0x06, 0x00, 0x45, 0xFF, 0xB9, 0xFF, 0xF6, 0xFF, 0xFC, 0xFF, 0xF9, 0xFF, 0xFC, 0xFF, 0xFF,
        0x00, 0x00, 0x00, 0x00, 0x00, 0x03, 0x00, 0x05, 0x00, 0x07, 0x00, 0x0A, 0x00, 0x0B, 0x00, 0x0B,
        0x00, 0x0C, 0x00, 0x05, 0x00, 0x0B, 0x00, 0x05, 0x00, 0x09, 0x00, 0x06, 0x00, 0x04, 0x00, 0x01,
        0x00, 0x00, 0x00, 0x41, 0x00, 0x68, 0x00, 0x09, 0x00, 0x04, 0x00, 0x0B, 0x00, 0x0B, 0x01, 0x5E,
        0x00, 0x0A, 0x00, 0x0A, 0x00, 0x0B, 0x00, 0x0A, 0x00, 0x0A, 0x00, 0x09, 0x00, 0x09, 0x00, 0x09,
        0x00, 0x08, 0x00, 0x07, 0x00, 0x06, 0x00, 0x06, 0x00, 0x05, 0x00, 0x04, 0x00, 0x03, 0x00, 0x03,
        0x00, 0x01, 0x00, 0x00, 0x00, 0x00, 0xFF, 0xFF, 0xFF, 0xFD, 0xFF, 0xFD, 0xFF, 0xFC, 0xFF, 0xFB,
        0xFF, 0xFA, 0xFF, 0x0E, 0xFF, 0xF9, 0xFF, 0xF6, 0xFF, 0xF6, 0xFF, 0xF5, 0xFE, 0xA1, 0x01, 0x48,
        0x00, 0xDD, 0x00, 0x02, 0x00, 0x02, 0xFF, 0xFF, 0xFF, 0xFF, 0xFF, 0xFD, 0xFF, 0xFB, 0xFF, 0xFB,
        0xFF, 0xFB, 0xFE, 0xB8, 0xFF, 0xC0, 0x00, 0x41, 0x00, 0x09, 0x00, 0x08, 0x00, 0x06, 0x00, 0x03,
        0x00, 0x00, 0xFF, 0xFF, 0xFF, 0xFF, 0xFF, 0xFD, 0xFF, 0xFA, 0xFF, 0xF8, 0xFF, 0xF6, 0xFF, 0xFB,
        0xFF, 0xF4, 0xFF, 0xF4, 0xFF, 0xF5, 0xFF, 0xA6, 0xFF, 0xA7, 0xFF, 0xFE, 0xFF, 0xFF, 0x00, 0x01,
        0x00, 0x02, 0x00, 0x02, 0x00, 0x04, 0x00, 0x03, 0x00, 0x05, 0x00, 0x00, 0x00, 0x02, 0x00, 0x70,
        0xFF, 0xCE, 0x02, 0x60, 0x02, 0xD7, 0x00, 0x3E, 0x00, 0x51, 0x00, 0x00, 0x01, 0x01, 0x01, 0x01,
        0x01, 0x01, 0x01, 0x01, 0x01, 0x01, 0x01, 0x01, 0x01, 0x01, 0x01, 0x01, 0x01, 0x01, 0x01, 0x01,
        0x01, 0x01, 0x01, 0x01, 0x01, 0x01, 0x01, 0x01, 0x01, 0x01, 0x01, 0x01, 0x01, 0x01, 0x01, 0x01,
        0x01, 0x01, 0x01, 0x01, 0x01, 0x01, 0x01, 0x01, 0x01, 0x01, 0x01, 0x01, 0x01, 0x01, 0x01, 0x01,
        0x01, 0x01, 0x01, 0x01, 0x01, 0x01, 0x01, 0x01, 0x01, 0x01, 0x01, 0x01, 0x01, 0x01, 0x01, 0x01,
        0x01, 0x01, 0x01, 0x01, 0x01, 0x01, 0x01, 0x01, 0x01, 0x01, 0x01, 0x01, 0x01, 0x01, 0x00, 0x70,
        0x00, 0x00, 0x00, 0x01, 0x00, 0x04, 0x00, 0x03, 0x00, 0x07, 0x00, 0x05, 0x00, 0x0A, 0x00, 0x0B,
        0x00, 0x06, 0x00, 0x0C, 0x00, 0x0B, 0x00, 0x0A, 0x00, 0x05, 0x00, 0x07, 0x00, 0x05, 0x00, 0x03,
        0x00, 0x00, 0x00, 0x46, 0x00, 0xE8, 0x00, 0x08, 0x00, 0x09, 0x00, 0x05, 0x00, 0x0B, 0x00, 0x0B,
        0x00, 0x0C, 0x00, 0x0B, 0x00, 0x0A, 0x00, 0x08, 0x00, 0x05, 0x00, 0x04, 0x00, 0x00, 0x00, 0x00,
        0xFF, 0xFC, 0xFF, 0x32, 0x00, 0x3C, 0x00, 0x16, 0x00, 0x16, 0x00, 0x0A, 0x00, 0x15, 0x00, 0x09,
        0x00, 0x0A, 0x00, 0x10, 0x00, 0x07, 0x00, 0x0D, 0x00, 0x05, 0x00, 0x09, 0x00, 0x05, 0x00, 0x01,
        0x00, 0x00, 0xFF, 0xFF, 0xFF, 0xFB, 0xFF, 0xF7, 0xFF, 0xFB, 0xFF, 0xF3, 0xFF, 0xF1, 0xFF, 0xEE,
        0xFF, 0xF7, 0xFF, 0xEB, 0xFF, 0xEB, 0xFF, 0xF5, 0xFF, 0xEA, 0xFE, 0xA6, 0x00, 0x64, 0x00, 0x00,
        0x00, 0xF9, 0x00, 0x0B, 0x00, 0x0A, 0x00, 0x09, 0x00, 0x08, 0x00, 0x04, 0x00, 0x02, 0x00, 0x02,
        0x00, 0x00, 0xFF, 0xFE, 0xFF, 0xFC, 0xFF, 0xF9, 0xFF, 0xF8, 0xFF, 0xF9, 0xFF, 0xF9, 0xFF, 0xF5,
        0xFF, 0x69, 0x02, 0x72, 0xFD, 0x88, 0xFF, 0xFA, 0xFF, 0xF5, 0xFF, 0xFB, 0xFF, 0xF7, 0xFF, 0xFD,
        0xFF, 0xFA, 0xFF, 0xFC, 0x00, 0x00, 0x00, 0x00, 0x00, 0x04, 0x00, 0x06, 0x00, 0x03, 0x00, 0x09,
        0x00, 0x0B, 0x00, 0x0B, 0x01, 0x7B, 0x00, 0x00, 0xFE, 0x72, 0xFF, 0xF6, 0xFF, 0xF9, 0xFF, 0xFD,
        0xFF, 0xFC, 0xFF, 0xFF, 0x00, 0x01, 0x00, 0x04, 0x00, 0x07, 0x00, 0x08, 0x00, 0x0A, 0x00, 0x0C,
        0x00, 0x05, 0x00, 0x0C, 0x00, 0x0B, 0x01, 0x61, 0x00, 0x00, 0x00, 0x01, 0x00, 0x05, 0x00, 0x04,
        0x00, 0x0A, 0x00, 0x06, 0x00, 0x07, 0x00, 0x0F, 0x00, 0x08, 0x00, 0x13, 0x00, 0x0A, 0x00, 0x15,
        0x00, 0x16, 0x00, 0x16, 0x00, 0x36, 0x00, 0x16, 0x00, 0x16, 0x00, 0x15, 0x00, 0x0A, 0x00, 0x12,
        0x00, 0x11, 0x00, 0x0E, 0x00, 0x06, 0x00, 0x0A, 0x00, 0x06, 0x00, 0x03, 0x00, 0x01, 0x00, 0x00,
        0xFF, 0x02, 0x00, 0x99, 0x00, 0x00, 0xFF, 0xFE, 0xFF, 0xFC, 0xFF, 0xF9, 0xFF, 0xF7, 0xFF, 0xFA,
        0xFF, 0xF9, 0xFF, 0xF5, 0xFF, 0xC4, 0xFF, 0xF5, 0xFF, 0xF6, 0xFF, 0xF7, 0xFF, 0xF8, 0xFF, 0xFC,
        0xFF, 0xFE, 0xFF, 0xFE, 0xFF, 0xFF, 0x00, 0x00, 0x00, 0x01, 0x00, 0x6F, 0xFF, 0xCE, 0x02, 0x61,
        0x02, 0xD7, 0x00, 0x7C, 0x00, 0x00, 0x01, 0x01, 0x01, 0x01, 0x01, 0x01, 0x01, 0x01, 0x01, 0x01,
        0x01, 0x01, 0x01, 0x01, 0x01, 0x01, 0x01, 0x01, 0x01, 0x01, 0x01, 0x01, 0x01, 0x01, 0x01, 0x01,
        0x01, 0x01, 0x01, 0x01, 0x01, 0x01, 0x01, 0x01, 0x01, 0x01, 0x01, 0x01, 0x01, 0x01, 0x01, 0x01,
        0x01, 0x01, 0x01, 0x01, 0x01, 0x01, 0x01, 0x01, 0x01, 0x01, 0x01, 0x01, 0x01, 0x01, 0x01, 0x01,
        0x01, 0x01, 0x01, 0x01, 0x01, 0x01, 0x01, 0x01, 0x01, 0x01, 0x01, 0x01, 0x01, 0x01, 0x01, 0x01,
        0x01, 0x01, 0x01, 0x01, 0x01, 0x01, 0x01, 0x01, 0x01, 0x01, 0x01, 0x01, 0x01, 0x01, 0x01, 0x01,
        0x01, 0x01, 0x01, 0x01, 0x01, 0x01, 0x01, 0x01, 0x01, 0x01, 0x01, 0x01, 0x01, 0x01, 0x01, 0x01,
        0x01, 0x01, 0x01, 0x01, 0x01, 0x01, 0x01, 0x01, 0x01, 0x01, 0x01, 0x01, 0x01, 0x01, 0x01, 0x01,
        0x01, 0x01, 0x01, 0x01, 0xFC, 0x00, 0x01, 0x00, 0x05, 0x00, 0x03, 0x00, 0x08, 0x00, 0x05, 0x00,
        0x0A, 0x00, 0x05, 0x00, 0x0C, 0x00, 0x0C, 0x00, 0x0B, 0x00, 0x05, 0x00, 0x09, 0x00, 0x07, 0x00,
        0x05, 0x00, 0x02, 0x00, 0x00, 0xFF, 0xFF, 0xFF, 0xFE, 0xFF, 0xF9, 0xFF, 0xF7, 0xFF, 0xF3, 0xFF,
        0xF1, 0xFF, 0xEF, 0xFF, 0xED, 0xFF, 0xEC, 0xFF, 0xF6, 0xFF, 0xEB, 0xFF, 0x05, 0xFF, 0xF4, 0xFF,
        0xF6, 0xFF, 0xF6, 0xFF, 0xF6, 0xFF, 0xF7, 0xFF, 0xF6, 0xFF, 0xF8, 0xFF, 0xF4, 0xFF, 0xF9, 0xFF,
        0xFA, 0xFF, 0xFB, 0xFF, 0xFA, 0xFF, 0xFB, 0xFF, 0xFE, 0x00, 0x00, 0x00, 0x01, 0x00, 0x03, 0x00,
        0x05, 0x00, 0x08, 0x00, 0x06, 0x01, 0x73, 0x00, 0x02, 0x00, 0x01, 0xFF, 0xFF, 0xFF, 0xFD, 0xFF,
        0xFC, 0xFF, 0xFB, 0xFF, 0x09, 0xFF, 0xF7, 0xFF, 0xF8, 0xFF, 0xFC, 0xFF, 0xFA, 0xFF, 0xFC, 0xFF,
        0xFC, 0xFF, 0xFF, 0xFF, 0xFD, 0xFF, 0xFD, 0xFF, 0xF9, 0xFF, 0xF7, 0xFF, 0xF6, 0xFF, 0xF5, 0xFF,
        0xFA, 0xFF, 0xF4, 0xFF, 0xFB, 0xFF, 0xF5, 0xFF, 0xF7, 0xFF, 0xFC, 0xFF, 0xFA, 0xFF, 0xFD, 0xFF,
        0xFF, 0x00, 0x01, 0x00, 0x02, 0x00, 0x07, 0x00, 0x09, 0x00, 0x0D, 0x00, 0x0F, 0x00, 0x08, 0x00,
        0x12, 0x00, 0x14, 0x00, 0x14, 0x00, 0x15, 0x00, 0xFB, 0x00, 0x0C, 0x00, 0x0A, 0x00, 0x10, 0x00,
        0x09, 0x00, 0x0A, 0x00, 0x08, 0x00, 0x09, 0x00, 0x07, 0x00, 0x07, 0x00, 0x06, 0x00, 0x05, 0x00,
        0x06, 0x00, 0x05, 0x00, 0x02, 0xFF, 0xFF, 0xFF, 0xFE, 0xFF, 0xFB, 0xFF, 0xFC, 0xFF, 0xFB, 0xFF,
        0xFA, 0xFE, 0x8D, 0xFF, 0xFE, 0xFF, 0xFF, 0x00, 0x01, 0x00, 0x02, 0x00, 0x03, 0x00, 0x05, 0x00,
        0xFD, 0x00, 0x08, 0x00, 0x05, 0x00, 0x09, 0x00, 0x05, 0x00, 0x02, 0x00, 0x02, 0x02, 0x4E, 0xFF,
        0xF5, 0xFF, 0xF5, 0xFF, 0xFB, 0xFF, 0xF7, 0xFF, 0xFD, 0xFF, 0xFA, 0xFF, 0xFE, 0xFF, 0xFF, 0x00,
        0x01, 0x00, 0x04, 0x00, 0x03, 0x00, 0x07, 0x00, 0x09, 0x00, 0x0B, 0x00, 0x0B, 0x00, 0x06, 0x00,
        0x13, 0x00, 0x0B, 0x00, 0x14, 0x00, 0x13, 0x00, 0x11, 0x00, 0x0F, 0x00, 0x0C, 0x00, 0x0A, 0x00,
        0x07, 0x00, 0x02, 0x00, 0x01, 0x00, 0x00, 0xFF, 0xFF, 0xFF, 0xFF, 0xFF, 0xFD, 0xFF, 0xFD, 0xFF,
        0xFB, 0xFF, 0xFB, 0xFF, 0xFA, 0xFF, 0xF5, 0xFF, 0xF8, 0xFF, 0xF7, 0xFF, 0xF7, 0xFF, 0xF2, 0xFF,
        0xF0, 0xFF, 0xF1, 0xFF, 0xF6, 0xFF, 0xF5, 0xFF, 0xF0, 0xFF, 0xF2, 0xFF, 0xF1, 0xFF, 0xF7, 0xFE,
        0x25, 0xFF, 0xFB, 0xFF, 0xFC, 0xFF, 0xFB, 0xFF, 0xFD, 0xFF, 0xFD, 0xFF, 0xFF, 0x00, 0x00, 0x00,
        0x01, 0x00, 0x03, 0x00, 0x03, 0x00, 0x05, 0x00, 0x05, 0x00, 0x0A, 0x00, 0x0F, 0x00, 0x0C, 0x00,
        0x05, 0x00, 0x09, 0x00, 0x08, 0x00, 0x06, 0x00, 0x03, 0x00, 0x00, 0xFF, 0xFF, 0xFF, 0xFE, 0xFF,
        0xFB, 0xFF, 0xF9, 0xFF, 0xFB, 0xFF, 0xF6, 0xFF, 0xF5, 0xFF, 0xF5, 0xFF, 0xEC, 0xFF, 0xF6, 0xFF,
        0xEC, 0xFF, 0xED, 0xFF, 0xEF, 0xFF, 0xF1, 0xFF, 0xF9, 0xFF, 0xF5, 0xFF, 0xF8, 0xFF, 0xFB, 0xFF,
        0xFF, 0x00, 0x00, 0x00, 0x00, 0x00, 0x02, 0x00, 0x05, 0x00, 0x04, 0x00, 0x05, 0x00, 0x05, 0x00,
        0x07, 0x00, 0x07, 0x00, 0x08, 0x00, 0x09, 0x00, 0x09, 0x00, 0x0E, 0x00, 0x10, 0x00, 0x0F, 0x00,
        0x10, 0x00, 0x0F, 0x00, 0x10, 0x00, 0x09, 0x00, 0x0A, 0x00, 0x09, 0x01, 0xDB, 0x00, 0x04, 0x00,
        0x03, 0x00, 0x04, 0x00, 0x04, 0x00, 0x03, 0x00, 0x02, 0x00, 0x00, 0xFF, 0xFF, 0xFF, 0xFE, 0xFF,
        0xF9, 0xFF, 0xFA, 0xFF, 0xFB, 0xFF, 0xF6, 0x00, 0x00, 0x01, 0x00, 0x70, 0xFF, 0xCE, 0x02, 0x60,
        0x02, 0xD7, 0x00, 0x35, 0x00, 0x00, 0x01, 0x01, 0x01, 0x01, 0x01, 0x01, 0x01, 0x01, 0x01, 0x01,
        0x01, 0x01, 0x01, 0x01, 0x01, 0x01, 0x01, 0x01, 0x01, 0x01, 0x01, 0x01, 0x01, 0x01, 0x01, 0x01,
        0x01, 0x01, 0x01, 0x01, 0x01, 0x01, 0x01, 0x01, 0x01, 0x01, 0x01, 0x01, 0x01, 0x01, 0x01, 0x01,
        0x01, 0x01, 0x01, 0x01, 0x01, 0x01, 0x01, 0x01, 0x01, 0x01, 0x01, 0x01, 0x00, 0x70, 0x00, 0x00,
        0x00, 0x01, 0x00, 0x04, 0x00, 0x06, 0x00, 0x09, 0x00, 0x0A, 0x00, 0x06, 0x00, 0x0B, 0x00, 0x0C,
        0x00, 0x0B, 0x00, 0x0A, 0x00, 0x05, 0x00, 0x07, 0x00, 0x05, 0x00, 0x03, 0x00, 0x00, 0x00, 0x62,
        0x00, 0x00, 0x00, 0x03, 0x00, 0x02, 0x00, 0x03, 0x00, 0x07, 0x00, 0x05, 0x00, 0x0A, 0x00, 0x0B,
        0x00, 0x06, 0x00, 0x0C, 0x00, 0x05, 0x00, 0x0B, 0x00, 0x0A, 0x00, 0x07, 0x00, 0x03, 0x00, 0x02,
        0x00, 0x03, 0x00, 0x00, 0x00, 0x62, 0x00, 0x00, 0x00, 0x03, 0x00, 0x02, 0x00, 0x06, 0x00, 0x09,
        0x00, 0x0A, 0x00, 0x0B, 0x00, 0x0C, 0x00, 0x0B, 0x00, 0x0B, 0x00, 0x0A, 0x00, 0x07, 0x00, 0x05,
        0x00, 0x03, 0x00, 0x00, 0x00, 0x00, 0xFE, 0x10, 0x02, 0x72, 0xFF, 0xD8, 0xFF, 0xFB, 0xFF, 0xF5,
        0xFF, 0xF6, 0xFF, 0xF8, 0xFF, 0xFA, 0xFF, 0xFE, 0xFF, 0xFE, 0x00, 0x01, 0x00, 0x03, 0x00, 0x06,
        0x00, 0x04, 0x00, 0x09, 0x00, 0x0A, 0x00, 0x0B, 0x00, 0x28, 0x00, 0x00, 0xFD, 0x88, 0xFF, 0xF5,
        0xFF, 0xFA, 0xFF, 0xFB, 0xFF, 0xF7, 0xFF, 0xFD, 0xFF, 0xFA, 0xFF, 0xFC, 0x00, 0x00, 0x00, 0x00,
        0x00, 0x02, 0x00, 0x04, 0x00, 0x07, 0x00, 0x09, 0x00, 0x05, 0x00, 0x06, 0x00, 0x0B, 0x02, 0x78,
        0x00, 0x00, 0xFF, 0xD8, 0xFF, 0xF5, 0xFF, 0xFB, 0xFF, 0xF6, 0xFF, 0xF8, 0xFF, 0xFA, 0xFF, 0xFD,
        0xFF, 0xFF, 0x00, 0x02, 0x00, 0x05, 0x00, 0x07, 0x00, 0x08, 0x00, 0x0B, 0x00, 0x0B, 0x00, 0x06,
        0x00, 0x87, 0x00, 0x00, 0x00, 0x01, 0x00, 0x70, 0xFF, 0xCE, 0x02, 0x60, 0x02, 0xD7, 0x00, 0x4D,
        0x00, 0x00, 0x01, 0x01, 0x01, 0x01, 0x01, 0x01, 0x01, 0x01, 0x01, 0x01, 0x01, 0x01, 0x01, 0x01,
        0x01, 0x01, 0x01, 0x01, 0x01, 0x01, 0x01, 0x01, 0x01, 0x01, 0x01, 0x01, 0x01, 0x01, 0x01, 0x01,
        0x01, 0x01, 0x01, 0x01, 0x01, 0x01, 0x01, 0x01, 0x01, 0x01, 0x01, 0x01, 0x01, 0x01, 0x01, 0x01,
        0x01, 0x01, 0x01, 0x01, 0x01, 0x01, 0x01, 0x01, 0x01, 0x01, 0x01, 0x01, 0x01, 0x01, 0x01, 0x01,
        0x01, 0x01, 0x01, 0x01, 0x01, 0x01, 0x01, 0x01, 0x01, 0x01, 0x01, 0x01, 0x01, 0x01, 0x01, 0x01,
        0x00, 0xD4, 0xFF, 0xFF, 0xFF, 0xFE, 0xFF, 0xFE, 0xFF, 0xFA, 0xFF, 0xF7, 0xFF, 0xF6, 0xFF, 0xFA,
        0xFF, 0xF5, 0xFF, 0xFA, 0xFF, 0xF5, 0xFF, 0xFA, 0xFF, 0xF6, 0xFF, 0xFB, 0xFF, 0xF9, 0xFF, 0xFB,
        0xFF, 0xFD, 0x00, 0x00, 0x00, 0x01, 0x00, 0x05, 0x00, 0x09, 0x00, 0x0B, 0x00, 0x0E, 0x00, 0x08,
        0x00, 0x12, 0x00, 0x13, 0x00, 0x0B, 0x00, 0x15, 0x00, 0x0B, 0x00, 0x16, 0x00, 0xC4, 0x00, 0x16,
        0x00, 0x16, 0x00, 0x0A, 0x00, 0x15, 0x00, 0x12, 0x00, 0x11, 0x00, 0x0E, 0x00, 0x0B, 0x00, 0x05,
        0x00, 0x07, 0x00, 0x02, 0x00, 0x01, 0x00, 0x00, 0xFF, 0xFD, 0xFF, 0xFE, 0xFF, 0xFD, 0xFF, 0xF9,
        0xFF, 0xFB, 0xFF, 0xF6, 0xFF, 0xFA, 0xFF, 0xF5, 0xFF, 0xF4, 0xFF, 0xF5, 0xFF, 0xF6, 0xFF, 0xFB,
        0xFF, 0xF9, 0xFF, 0xFD, 0xFF, 0xFC, 0xFF, 0xFF, 0x00, 0x00, 0xFF, 0xFE, 0xFF, 0xFE, 0xFF, 0xFD,
        0xFF, 0xF9, 0xFF, 0xFB, 0xFF, 0xF9, 0xFF, 0xF6, 0xFF, 0xF5, 0xFF, 0x36, 0xFF, 0xF9, 0xFF, 0xF5,
        0xFF, 0xF6, 0xFF, 0xFB, 0xFF, 0xF9, 0xFF, 0xFD, 0xFF, 0xFD, 0xFF, 0xFF, 0x02, 0xA5, 0x00, 0x0B,
        0x00, 0x06, 0x00, 0x05, 0x00, 0x0A, 0x00, 0x08, 0x00, 0x06, 0x00, 0x02, 0x00, 0x02, 0x00, 0x00,
        0xFF, 0xFE, 0xFF, 0xFE, 0xFF, 0xFA, 0xFF, 0xFC, 0xFF, 0xF7, 0xFF, 0xF6, 0xFF, 0xF5, 0xFD, 0xAE,
        0xFF, 0xF5, 0xFF, 0xEA, 0xFF, 0xEB, 0xFF, 0xED, 0xFF, 0xEE, 0xFF, 0xF8, 0xFF, 0xF2, 0xFF, 0xF5,
        0xFF, 0xFB, 0xFF, 0xF9, 0xFF, 0xFE, 0xFF, 0xFF, 0x00, 0x00, 0x00, 0x01, 0x00, 0x05, 0x00, 0x04,
        0x00, 0x0A, 0x00, 0x0D, 0x00, 0x0F, 0x00, 0x12, 0x00, 0x13, 0x00, 0x0B, 0x00, 0x15, 0x00, 0x0B,
        0x00, 0x16, 0x02, 0x47, 0x00, 0x0B, 0x00, 0x05, 0x00, 0x05, 0x00, 0x09, 0x00, 0x04, 0x00, 0x06,
        0x00, 0x02, 0x00, 0x02, 0xFF, 0xFF, 0xFF, 0xFD, 0xFF, 0xFA, 0xFF, 0xFC, 0xFF, 0xF7, 0xFF, 0xFB,
        0xFF, 0xF5, 0xFF, 0xFB, 0xFD, 0xBB, 0xFF, 0xF4, 0xFF, 0xF8, 0xFF, 0xFA, 0xFF, 0xF7, 0xFF, 0xFA,
        0xFF, 0xFC, 0xFF, 0xFC, 0xFF, 0xFE, 0x00, 0x00, 0x00, 0x01, 0x00, 0x03, 0x00, 0x06, 0x00, 0x06,
        0x00, 0x09, 0x00, 0x06, 0x00, 0x0B, 0x00, 0x09, 0x00, 0x01, 0x00, 0x70, 0xFF, 0xCE, 0x02, 0x60,
        0x02, 0xD7, 0x00, 0x37, 0x00, 0x00, 0x01, 0x01, 0x01, 0x01, 0x01, 0x01, 0x01, 0x01, 0x01, 0x01,
        0x01, 0x01, 0x01, 0x01, 0x01, 0x01, 0x01, 0x01, 0x01, 0x01, 0x01, 0x01, 0x01, 0x01, 0x01, 0x01,
        0x01, 0x01, 0x01, 0x01, 0x01, 0x01, 0x01, 0x01, 0x01, 0x01, 0x01, 0x01, 0x01, 0x01, 0x01, 0x01,
        0x01, 0x01, 0x01, 0x01, 0x01, 0x01, 0x01, 0x01, 0x01, 0x01, 0x01, 0x01, 0x01, 0x01, 0x00, 0xD4,
        0xFF, 0xFF, 0xFF, 0xFC, 0xFF, 0xFD, 0xFF, 0xF9, 0xFF, 0xFB, 0xFF, 0xF6, 0xFF, 0xFA, 0xFF, 0xF5,
        0xFF, 0xFA, 0xFF, 0xF5, 0xFF, 0xFA, 0xFF, 0xF6, 0xFF, 0xFB, 0xFF, 0xF9, 0xFF, 0xFD, 0xFF, 0xFC,
        0xFF, 0xFF, 0x00, 0x00, 0x00, 0x00, 0x00, 0x03, 0x00, 0xC6, 0x00, 0x05, 0x00, 0x08, 0x00, 0x09,
        0x00, 0x05, 0x00, 0x0B, 0x00, 0x06, 0x00, 0x0C, 0x00, 0x05, 0x00, 0x0B, 0x00, 0x05, 0x00, 0x08,
        0x00, 0x07, 0x00, 0xC8, 0x00, 0x03, 0x00, 0x00, 0x00, 0x00, 0xFF, 0xFF, 0xFF, 0xFC, 0xFF, 0xFA,
        0xFF, 0xF7, 0xFF, 0xF6, 0xFF, 0xFA, 0xFF, 0xF5, 0xFF, 0xF4, 0xFF, 0xF5, 0xFF, 0xF6, 0xFF, 0xFB,
        0xFF, 0xF9, 0xFF, 0xFD, 0xFF, 0xFC, 0xFF, 0xFF, 0x00, 0x00, 0xFF, 0x6C, 0xFF, 0x6C, 0x02, 0xA5,
        0x00, 0x0B, 0x00, 0x0B, 0x00, 0x05, 0x00, 0x09, 0x00, 0x04, 0x00, 0x06, 0x00, 0x02, 0x00, 0x02,
        0x00, 0x00, 0xFF, 0xFE, 0xFF, 0xFE, 0xFF, 0xFA, 0xFF, 0xFC, 0xFF, 0xF7, 0xFF, 0xFB, 0xFF, 0xF5,
        0xFF, 0xF5, 0xFF, 0x57, 0xFF, 0xF6, 0xFF, 0xF7, 0xFE, 0x05, 0xFF, 0xF6, 0xFF, 0xF7, 0xFF, 0xF9,
        0xFF, 0xFE, 0xFF, 0xFC, 0x00, 0x00, 0x00, 0x00, 0x00, 0x02, 0x00, 0x04, 0x00, 0x03, 0x00, 0x08,
        0x00, 0x09, 0x02, 0x01, 0x00, 0x09, 0x00, 0x0A, 0x00, 0xA9, 0x00, 0x0B, 0x00, 0x0B, 0x00, 0x0A,
        0x00, 0x08, 0x00, 0x06, 0x00, 0x02, 0x00, 0x02, 0xFF, 0xFF, 0xFF, 0xFD, 0xFF, 0xFA, 0xFF, 0xFC,
        0xFF, 0xF7, 0xFF, 0xFB, 0xFF, 0xF5, 0xFF, 0xF5, 0xFF, 0x60, 0xFE, 0x86, 0x01, 0x7A, 0x00, 0x00,
        0x00, 0x01, 0x00, 0x70, 0xFF, 0xCE, 0x02, 0x60, 0x02, 0xD7, 0x00, 0x5D, 0x00, 0x00, 0x01, 0x01,
        0x01, 0x01, 0x01, 0x01, 0x01, 0x01, 0x01, 0x01, 0x01, 0x01, 0x01, 0x01, 0x01, 0x01, 0x01, 0x01,
        0x01, 0x01, 0x01, 0x01, 0x01, 0x01, 0x01, 0x01, 0x01, 0x01, 0x01, 0x01, 0x01, 0x01, 0x01, 0x01,
        0x01, 0x01, 0x01, 0x01, 0x01, 0x01, 0x01, 0x01, 0x01, 0x01, 0x01, 0x01, 0x01, 0x01, 0x01, 0x01,
        0x01, 0x01, 0x01, 0x01, 0x01, 0x01, 0x01, 0x01, 0x01, 0x01, 0x01, 0x01, 0x01, 0x01, 0x01, 0x01,
        0x01, 0x01, 0x01, 0x01, 0x01, 0x01, 0x01, 0x01, 0x01, 0x01, 0x01, 0x01, 0x01, 0x01, 0x01, 0x01,
        0x01, 0x01, 0x01, 0x01, 0x01, 0x01, 0x01, 0x01, 0x01, 0x01, 0x01, 0x01, 0x00, 0x70, 0x00, 0x01,
        0x00, 0x03, 0x00, 0x34, 0x00, 0x07, 0x00, 0x04, 0x00, 0x0A, 0x00, 0x0B, 0x00, 0x0C, 0x00, 0x62,
        0x00, 0x0B, 0x00, 0x0B, 0x00, 0x05, 0x00, 0x05, 0x00, 0x08, 0x00, 0x06, 0x00, 0x02, 0x00, 0x01,
        0x00, 0x01, 0x00, 0x01, 0x00, 0x03, 0x00, 0x06, 0x00, 0x04, 0x00, 0x09, 0x00, 0x05, 0x00, 0x0B,
        0x00, 0x0B, 0x00, 0x68, 0x00, 0x0C, 0x00, 0x0A, 0x00, 0x09, 0x00, 0x07, 0x00, 0x32, 0x00, 0x04,
        0x00, 0x01, 0x00, 0x01, 0x00, 0x00, 0x00, 0x00, 0xFF, 0xFD, 0xFF, 0xFE, 0xFF, 0xFA, 0xFF, 0xF7,
        0xFF, 0xFB, 0xFF, 0xF5, 0xFF, 0xF5, 0xFF, 0xF4, 0xFF, 0xFB, 0xFF, 0xF5, 0xFF, 0xF6, 0xFF, 0xFC,
        0xFF, 0xFA, 0xFF, 0xFC, 0xFF, 0xFF, 0x00, 0x00, 0xFF, 0xE4, 0xFF, 0xBA, 0x00, 0x00, 0xFF, 0xFD,
        0xFF, 0xFE, 0xFF, 0xFD, 0xFF, 0xF9, 0xFF, 0xF6, 0xFF, 0xF5, 0xFF, 0xF5, 0xFF, 0xFA, 0xFF, 0xF5,
        0xFF, 0xFA, 0xFF, 0xFB, 0xFF, 0xF6, 0xFF, 0xF9, 0xFF, 0xFD, 0xFF, 0xFE, 0xFF, 0xFD, 0x00, 0x00,
        0xFF, 0xBA, 0xFF, 0xE4, 0x00, 0x00, 0xFF, 0xFF, 0xFF, 0xFC, 0xFF, 0xFD, 0xFF, 0xF9, 0xFF, 0xFB,
        0xFF, 0xF6, 0xFF, 0xFA, 0xFF, 0xF5, 0xFF, 0xFA, 0xFF, 0xF5, 0xFF, 0xFA, 0xFF, 0xF6, 0xFF, 0xF7,
        0xFF, 0xFA, 0xFF, 0xFE, 0xFF, 0xFE, 0xFF, 0xFF, 0x00, 0x55, 0xFF, 0xF5, 0xFF, 0xF6, 0xFF, 0xA7,
        0xFF, 0xF6, 0xFF, 0xFC, 0xFF, 0xFA, 0xFF, 0xFC, 0xFF, 0xFF, 0x00, 0x00, 0x00, 0x01, 0x00, 0x04,
        0x00, 0x03, 0x00, 0x03, 0x00, 0x09, 0x00, 0x0A, 0x00, 0x06, 0x00, 0x05, 0x00, 0x09, 0xFF, 0xF7,
        0xFF, 0xF5, 0xFF, 0xF6, 0xFF, 0xFB, 0xFF, 0xF9, 0xFF, 0xFD, 0xFF, 0xFC, 0xFF, 0xFF, 0x00, 0x00,
        0x00, 0x03, 0x00, 0x05, 0x00, 0x07, 0x00, 0x0A, 0x00, 0x54, 0x00, 0x0A, 0x00, 0x05, 0x00, 0x0B,
        0x02, 0x50, 0x00, 0x06, 0x00, 0x0B, 0x00, 0x05, 0x00, 0x0A, 0x00, 0x08, 0x00, 0x03, 0x00, 0x05,
        0x00, 0x02, 0xFF, 0xFF, 0xFF, 0xFF, 0xFF, 0xFB, 0xFF, 0xF9, 0xFF, 0xFC, 0xFF, 0xF6, 0xFF, 0xF5,
        0xFF, 0xF5, 0xFD, 0xBD, 0xFF, 0xD0, 0x00, 0x00, 0x01, 0x7B, 0x00, 0x0B, 0x00, 0x06, 0x00, 0x05,
        0x00, 0x09, 0x00, 0x07, 0x00, 0x04, 0x00, 0x02, 0x00, 0x00, 0xFF, 0xFE, 0xFF, 0xFE, 0xFF, 0xFE,
        0xFF, 0xF9, 0xFF, 0xF7, 0xFF, 0xFB, 0xFF, 0xFA, 0xFF, 0xF5, 0xFE, 0x85, 0x00, 0x00, 0x00, 0x30,
        0x02, 0x43, 0x00, 0x0B, 0x00, 0x0B, 0x00, 0x05, 0x00, 0x09, 0x00, 0x04, 0x00, 0x06, 0x00, 0x02,
        0x00, 0x02, 0x00, 0x00, 0xFF, 0xFE, 0xFF, 0xFE, 0xFF, 0xFA, 0xFF, 0xF8, 0xFF, 0xF6, 0xFF, 0xFB,
        0xFF, 0xFA, 0xFF, 0xF5, 0x00, 0x01, 0x00, 0x70, 0xFF, 0xCE, 0x02, 0x60, 0x02, 0xD7, 0x00, 0x43,
        0x00, 0x00, 0x01, 0x01, 0x01, 0x01, 0x01, 0x01, 0x01, 0x01, 0x01, 0x01, 0x01, 0x01, 0x01, 0x01,
        0x01, 0x01, 0x01, 0x01, 0x01, 0x01, 0x01, 0x01, 0x01, 0x01, 0x01, 0x01, 0x01, 0x01, 0x01, 0x01,
        0x01, 0x01, 0x01, 0x01, 0x01, 0x01, 0x01, 0x01, 0x01, 0x01, 0x01, 0x01, 0x01, 0x01, 0x01, 0x01,
        0x01, 0x01, 0x01, 0x01, 0x01, 0x01, 0x01, 0x01, 0x01, 0x01, 0x01, 0x01, 0x01, 0x01, 0x01, 0x01,
        0x01, 0x01, 0x01, 0x01, 0x01, 0x01, 0x00, 0x70, 0x00, 0x00, 0x00, 0x02, 0x00, 0x04, 0x00, 0xB8,
        0xFF, 0x46, 0xFF, 0xFC, 0x00, 0x00, 0x00, 0x02, 0x00, 0x04, 0x00, 0x03, 0x00, 0x08, 0x00, 0x0A,
        0x00, 0x0B, 0x00, 0x0C, 0x00, 0x0B, 0x00, 0x0B, 0x00, 0x05, 0x00, 0x09, 0x00, 0x08, 0x00, 0x9A,
        0x00, 0x9A, 0x00, 0x08, 0x00, 0x09, 0x00, 0x0A, 0x00, 0x06, 0x00, 0x0B, 0x00, 0x0C, 0x00, 0x06,
        0x00, 0x0A, 0x00, 0x09, 0x00, 0x04, 0x00, 0x03, 0x00, 0x04, 0x00, 0x02, 0x00, 0x00, 0xFF, 0xFC,
        0xFF, 0xFE, 0xFF, 0x48, 0x00, 0xBA, 0x00, 0x04, 0x00, 0x00, 0x00, 0x00, 0xFF, 0xFC, 0xFF, 0xFB,
        0xFF, 0xF8, 0xFF, 0xF6, 0xFF, 0xF5, 0xFF, 0xF4, 0xFF, 0xFA, 0xFF, 0xF5, 0xFF, 0xF6, 0xFF, 0xF7,
        0xFF, 0xF8, 0xFF, 0x66, 0xFF, 0x66, 0xFF, 0xF8, 0xFF, 0xF7, 0xFF, 0xF6, 0xFF, 0xF5, 0xFF, 0xFA,
        0xFF, 0xF4, 0xFF, 0xF5, 0xFF, 0xFB, 0xFF, 0xF7, 0xFF, 0xF9, 0xFF, 0xFE, 0xFF, 0xFC, 0x02, 0xA7,
        0xFF, 0xF5, 0xFF, 0xFA, 0xFF, 0xF5, 0xFE, 0xC7, 0xFE, 0xC2, 0xFF, 0xF5, 0xFF, 0xF4, 0xFF, 0xF5,
        0xFF, 0xF5, 0xFF, 0xFB, 0xFF, 0xF8, 0xFF, 0xF9, 0xFF, 0xFC, 0xFF, 0xFF, 0x00, 0x01, 0x00, 0x04,
        0x00, 0x03, 0x00, 0x07, 0x00, 0x0A, 0x01, 0x08, 0xFE, 0xF8, 0xFF, 0xF6, 0xFF, 0xF9, 0xFF, 0xFB,
        0xFF, 0xFE, 0xFF, 0xFF, 0x00, 0x01, 0x00, 0x02, 0x00, 0x05, 0x00, 0x08, 0x00, 0x04, 0x00, 0x05,
        0x00, 0x0B, 0x00, 0x0B, 0x00, 0x0C, 0x00, 0x0B, 0x00, 0x05, 0x01, 0x39, 0x01, 0x3F, 0x00, 0x0B,
        0x00, 0x06, 0x00, 0x0B, 0x00, 0x0B, 0x00, 0x0B, 0x00, 0x08, 0x00, 0x07, 0x00, 0x04, 0x00, 0x01,
        0x00, 0x00, 0xFF, 0xFD, 0xFF, 0xFB, 0xFF, 0xF9, 0xFF, 0xF6, 0xFE, 0xF8, 0x01, 0x08, 0x00, 0x0A,
        0x00, 0x07, 0x00, 0x05, 0x00, 0x03, 0x00, 0x00, 0xFF, 0xFF, 0xFF, 0xFC, 0xFF, 0xFD, 0xFF, 0xF8,
        0xFF, 0xF7, 0xFF, 0xFA, 0xFF, 0xF5, 0x00, 0x00, 0x00, 0x01, 0x00, 0x70, 0xFF, 0xCE, 0x02, 0x60,
        0x02, 0xD7, 0x00, 0x40, 0x00, 0x00, 0x01, 0x01, 0x01, 0x01, 0x01, 0x01, 0x01, 0x01, 0x01, 0x01,
        0x01, 0x01, 0x01, 0x01, 0x01, 0x01, 0x01, 0x01, 0x01, 0x01, 0x01, 0x01, 0x01, 0x01, 0x01, 0x01,
        0x01, 0x01, 0x01, 0x01, 0x01, 0x01, 0x01, 0x01, 0x01, 0x01, 0x01, 0x01, 0x01, 0x01, 0x01, 0x01,
        0x01, 0x01, 0x01, 0x01, 0x01, 0x01, 0x01, 0x01, 0x01, 0x01, 0x01, 0x01, 0x01, 0x01, 0x01, 0x01,
        0x01, 0x01, 0x01, 0x01, 0x01, 0x01, 0x01, 0x00, 0x70, 0x00, 0x01, 0x00, 0x01, 0x00, 0x05, 0x00,
        0x03, 0x00, 0xBC, 0x00, 0x00, 0x00, 0x03, 0x00, 0x02, 0x00, 0x03, 0x00, 0x07, 0x00, 0x05, 0x00,
        0x0A, 0x00, 0x0B, 0x00, 0x06, 0x00, 0x0C, 0x00, 0x0B, 0x00, 0x05, 0x00, 0x0A, 0x00, 0x07, 0x00,
        0x03, 0x00, 0x04, 0x00, 0x01, 0x00, 0x00, 0x00, 0xBC, 0x00, 0x03, 0x00, 0x05, 0x00, 0x01, 0x00,
        0x01, 0x00, 0x00, 0xFF, 0xFD, 0xFF, 0xFB, 0xFF, 0xF9, 0xFF, 0xF6, 0xFF, 0xF5, 0xFF, 0xFB, 0xFF,
        0xFA, 0xFF, 0xF4, 0xFF, 0xF5, 0xFF, 0xF6, 0xFF, 0xF7, 0xFF, 0xFD, 0xFF, 0xFD, 0xFF, 0xFC, 0xFF,
        0xFF, 0x00, 0x00, 0xFF, 0x6C, 0xFF, 0x6C, 0x00, 0x00, 0xFF, 0xFF, 0xFF, 0xFC, 0xFF, 0xFD, 0xFF,
        0xF9, 0xFF, 0xFB, 0xFF, 0xF6, 0xFF, 0xF5, 0xFF, 0xF4, 0xFF, 0xF5, 0xFF, 0xFA, 0xFF, 0xF6, 0xFF,
        0xFB, 0xFF, 0xF9, 0xFF, 0xFD, 0xFF, 0xFC, 0xFF, 0xFF, 0x02, 0x50, 0xFF, 0xF5, 0xFF, 0xFB, 0xFF,
        0xF6, 0xFF, 0xFB, 0xFF, 0x10, 0xFE, 0xB9, 0xFF, 0xF5, 0xFF, 0xFA, 0xFF, 0xFB, 0xFF, 0xF7, 0xFF,
        0xFD, 0xFF, 0xFA, 0xFF, 0xFC, 0x00, 0x00, 0x00, 0x00, 0x00, 0x04, 0x00, 0x02, 0x00, 0x07, 0x00,
        0x09, 0x00, 0x05, 0x00, 0x0B, 0x00, 0x06, 0x01, 0x47, 0x00, 0xF0, 0x00, 0x05, 0x00, 0x0A, 0x00,
        0x05, 0x00, 0x0B, 0x00, 0x5B, 0x00, 0x0B, 0x00, 0x0A, 0x00, 0x09, 0x00, 0x07, 0x00, 0x05, 0x00,
        0x01, 0x00, 0x01, 0xFF, 0xFF, 0xFF, 0xFD, 0xFF, 0xFA, 0xFF, 0xF8, 0xFF, 0xFB, 0xFF, 0xFB, 0xFF,
        0xF5, 0xFF, 0xF5, 0xFF, 0xBD, 0xFF, 0x42, 0x00, 0xBE, 0x00, 0x49, 0x00, 0x05, 0x00, 0x0B, 0x00,
        0x05, 0x00, 0x09, 0x00, 0x04, 0x00, 0x06, 0x00, 0x03, 0x00, 0x01, 0xFF, 0xFE, 0xFF, 0xFE, 0xFF,
        0xFA, 0xFF, 0xFC, 0xFF, 0xF7, 0xFF, 0xFB, 0xFF, 0xF5, 0xFF, 0xF5, 0x00, 0x00, 0x01, 0x00, 0x70,
        0xFF, 0xCE, 0x02, 0x60, 0x02, 0xD7, 0x00, 0x2C, 0x00, 0x00, 0x01, 0x01, 0x01, 0x01, 0x01, 0x01,
        0x01, 0x01, 0x01, 0x01, 0x01, 0x01, 0x01, 0x01, 0x01, 0x01, 0x01, 0x01, 0x01, 0x01, 0x01, 0x01,
        0x01, 0x01, 0x01, 0x01, 0x01, 0x01, 0x01, 0x01, 0x01, 0x01, 0x01, 0x01, 0x01, 0x01, 0x01, 0x01,
        0x01, 0x01, 0x01, 0x01, 0x01, 0x01, 0x01, 0x00, 0xA2, 0x01, 0xBE, 0x00, 0x00, 0xFE, 0x9A, 0x01,
        0x34, 0x00, 0x0A, 0x00, 0x06, 0x00, 0x09, 0x00, 0x05, 0x00, 0x07, 0x00, 0x07, 0x00, 0x04, 0x00,
        0x01, 0x00, 0x01, 0x00, 0x00, 0xFF, 0xFE, 0xFF, 0xFE, 0xFF, 0xFE, 0xFF, 0xF9, 0xFF, 0xF9, 0xFF,
        0xFB, 0xFF, 0xF7, 0xFF, 0xF5, 0xFE, 0x3D, 0x00, 0x00, 0x01, 0x66, 0xFE, 0xCC, 0xFF, 0xF6, 0xFF,
        0xFA, 0xFF, 0xF7, 0xFF, 0xF7, 0xFF, 0xF9, 0xFF, 0xFD, 0xFF, 0xFE, 0xFF, 0xFD, 0xFF, 0xFF, 0x00,
        0x00, 0x00, 0x01, 0x00, 0x03, 0x00, 0x05, 0x00, 0x07, 0x00, 0x09, 0x00, 0x05, 0x00, 0x04, 0x00,
        0x0B, 0x02, 0xD7, 0x00, 0x00, 0xFF, 0xC0, 0xFD, 0x9B, 0x00, 0x00, 0xFF, 0xFF, 0xFF, 0xFF, 0xFF,
        0xFC, 0xFF, 0xFD, 0xFF, 0xF9, 0xFF, 0xF7, 0xFF, 0xF7, 0xFF, 0xFA, 0xFF, 0xF6, 0xFF, 0xFB, 0xFF,
        0xF5, 0xFF, 0xFC, 0xFF, 0xFB, 0xFF, 0xF7, 0xFF, 0xF9, 0xFF, 0xFD, 0xFF, 0xFC, 0xFF, 0xFE, 0x00,
        0x00, 0x00, 0x40, 0x02, 0x64, 0x00, 0x00, 0x00, 0x02, 0x00, 0x01, 0x00, 0x04, 0x00, 0x06, 0x00,
        0x08, 0x00, 0x05, 0x00, 0x04, 0x00, 0x0A, 0x00, 0x0B, 0x00, 0x05, 0x00, 0x05, 0x00, 0x0A, 0x00,
        0x09, 0x00, 0x08, 0x00, 0x06, 0x00, 0x03, 0x00, 0x02, 0x00, 0x02, 0x00, 0x00, 0x02, 0x00, 0x70,
        0xFF, 0xCE, 0x02, 0x60, 0x02, 0x04, 0x00, 0x56, 0x00, 0x70, 0x00, 0x00, 0x01, 0x01, 0x01, 0x01,
        0x01, 0x01, 0x01, 0x01, 0x01, 0x01, 0x01, 0x01, 0x01, 0x01, 0x01, 0x01, 0x01, 0x01, 0x01, 0x01,
        0x01, 0x01, 0x01, 0x01, 0x01, 0x01, 0x01, 0x01, 0x01, 0x01, 0x01, 0x01, 0x01, 0x01, 0x01, 0x01,
        0x01, 0x01, 0x01, 0x01, 0x01, 0x01, 0x01, 0x01, 0x01, 0x01, 0x01, 0x01, 0x01, 0x01, 0x01, 0x01,
        0x01, 0x01, 0x01, 0x01, 0x01, 0x01, 0x01, 0x01, 0x01, 0x01, 0x01, 0x01, 0x01, 0x01, 0x01, 0x01,
        0x01, 0x01, 0x01, 0x01, 0x01, 0x01, 0x01, 0x01, 0x01, 0x01, 0x01, 0x01, 0x01, 0x01, 0x01, 0x01,
        0x01, 0x01, 0x01, 0x01, 0x01, 0x01, 0x01, 0x01, 0x01, 0x01, 0x01, 0x01, 0x01, 0x01, 0x01, 0x01,
        0x01, 0x01, 0x01, 0x01, 0x01, 0x01, 0x01, 0x01, 0x01, 0x01, 0x01, 0x01, 0x01, 0x00, 0x70, 0x00,
        0x01, 0x00, 0x02, 0x00, 0x07, 0x00, 0x0A, 0x00, 0x0C, 0x00, 0x0F, 0x00, 0x12, 0x00, 0x13, 0x00,
        0x0B, 0x00, 0x15, 0x00, 0x0B, 0x00, 0x15, 0x00, 0x7C, 0x00, 0x15, 0x00, 0x16, 0x00, 0x15, 0x00,
        0x3C, 0x00, 0x00, 0x00, 0x03, 0x00, 0x06, 0x00, 0x08, 0x00, 0x09, 0x00, 0x0B, 0x00, 0x06, 0x00,
        0x0C, 0x00, 0x0B, 0x00, 0x0B, 0x00, 0x09, 0x00, 0x04, 0x00, 0x06, 0x00, 0x02, 0x00, 0x01, 0x00,
        0x01, 0xFF, 0xF3, 0xFF, 0xFE, 0xFF, 0xFE, 0xFF, 0xF9, 0xFF, 0xF6, 0xFF, 0xF3, 0xFF, 0xF9, 0xFF,
        0xEF, 0xFF, 0xEE, 0xFF, 0xEC, 0xFF, 0xF6, 0xFF, 0xEB, 0xFF, 0xEB, 0xFF, 0x46, 0xFF, 0xF5, 0xFF,
        0xFA, 0xFF, 0xF6, 0xFF, 0xFB, 0xFF, 0xF8, 0xFF, 0xFA, 0xFF, 0xFD, 0xFF, 0xFF, 0x00, 0x01, 0x00,
        0x03, 0x00, 0x03, 0x00, 0x07, 0x00, 0x09, 0x00, 0x0A, 0x00, 0x06, 0x00, 0x0B, 0x00, 0xBC, 0x00,
        0x07, 0x00, 0x07, 0x00, 0x07, 0x00, 0x06, 0x00, 0x07, 0x00, 0x05, 0x00, 0x03, 0x00, 0x03, 0x00,
        0x01, 0x00, 0x02, 0xFF, 0x13, 0xFF, 0xEB, 0xFF, 0xF5, 0xFF, 0xEB, 0xFF, 0xEB, 0xFF, 0xEE, 0xFF,
        0xF0, 0xFF, 0xF2, 0xFF, 0xF4, 0xFF, 0xF8, 0xFF, 0xFB, 0xFF, 0xFF, 0x00, 0x64, 0x00, 0x00, 0x00,
        0x01, 0x00, 0x02, 0x00, 0x04, 0x00, 0x07, 0x00, 0x08, 0x00, 0x09, 0x00, 0x0B, 0x00, 0x08, 0x00,
        0xEE, 0x00, 0x04, 0xFF, 0xA0, 0xFF, 0xF9, 0xFF, 0xF5, 0xFF, 0xF8, 0xFF, 0x88, 0xFF, 0xF4, 0xFF,
        0xF9, 0xFF, 0xFA, 0xFF, 0xF7, 0xFF, 0xFB, 0xFF, 0xFC, 0xFF, 0xFD, 0xFF, 0xFE, 0xFF, 0xFF, 0x00,
        0x62, 0xFF, 0xEB, 0xFF, 0xF5, 0xFF, 0xEB, 0xFF, 0xEB, 0xFF, 0xEE, 0xFF, 0xF0, 0xFF, 0xF2, 0xFF,
        0xF4, 0xFF, 0xFC, 0xFF, 0xF9, 0xFF, 0xFE, 0xFF, 0xFF, 0x00, 0x00, 0x00, 0x01, 0x00, 0x05, 0x00,
        0x09, 0x00, 0x22, 0xFF, 0xF9, 0xFF, 0xF5, 0xFF, 0xF6, 0xFF, 0xF7, 0xFF, 0xF9, 0xFF, 0xFC, 0xFF,
        0xFF, 0x00, 0x00, 0x00, 0x02, 0x00, 0x05, 0x00, 0x08, 0x00, 0x04, 0x00, 0x0A, 0x00, 0x05, 0x00,
        0x06, 0x00, 0x0C, 0x01, 0x72, 0x00, 0x15, 0x00, 0x0A, 0x00, 0x15, 0x00, 0x14, 0x00, 0x11, 0x00,
        0x09, 0x00, 0x0E, 0x00, 0x0C, 0x00, 0x0A, 0x00, 0x03, 0x00, 0x05, 0x00, 0x02, 0x00, 0x00, 0xFF,
        0xFE, 0xFF, 0xFE, 0xFF, 0xFB, 0xFF, 0xFD, 0xFF, 0xF7, 0xFF, 0xF6, 0xFF, 0xF5, 0xFF, 0xFA, 0xFF,
        0xF4, 0xFF, 0xF5, 0xFF, 0xFB, 0xFF, 0xF7, 0xFF, 0xF8, 0xFF, 0xFB, 0xFF, 0xFE, 0xFF, 0xFF, 0x00,
        0x00, 0xFF, 0xFF, 0xFF, 0xFD, 0xFF, 0xFD, 0xFF, 0xFC, 0xFF, 0xF9, 0xFF, 0xFA, 0xFF, 0xFA, 0xFF,
        0xF6, 0xFF, 0xF8, 0xFF, 0xC2, 0x00, 0x00, 0xFF, 0xFE, 0xFF, 0xFE, 0xFF, 0xF9, 0xFF, 0xF7, 0xFF,
        0xF3, 0xFF, 0xF1, 0xFF, 0xEE, 0xFF, 0xED, 0xFF, 0xEB, 0xFF, 0xEA, 0xFF, 0xEB, 0xFF, 0xC8, 0x00,
        0x36, 0x00, 0x08, 0x00, 0x07, 0x00, 0x0A, 0x00, 0x09, 0x00, 0x07, 0x00, 0x05, 0x00, 0x03, 0x00,
        0x01, 0x00, 0x00, 0xFF, 0xA5, 0xFF, 0xC9, 0xFF, 0xFC, 0xFF, 0xFD, 0xFF, 0xFF, 0x00, 0x00, 0x00,
        0x02, 0x00, 0x02, 0x00, 0x03, 0x00, 0x07, 0x00, 0x05, 0x00, 0x06, 0x00, 0x06, 0x00, 0x07, 0x00,
        0x08, 0x00, 0x00, 0x00, 0x00, 0x02, 0x00, 0x70, 0xFF, 0xCE, 0x02, 0x60, 0x02, 0xD7, 0x00, 0x49,
        0x00, 0x74, 0x00, 0x00, 0x01, 0x01, 0x01, 0x01, 0x01, 0x01, 0x01, 0x01, 0x01, 0x01, 0x01, 0x01,
        0x01, 0x01, 0x01, 0x01, 0x01, 0x01, 0x01, 0x01, 0x01, 0x01, 0x01, 0x01, 0x01, 0x01, 0x01, 0x01,
        0x01, 0x01, 0x01, 0x01, 0x01, 0x01, 0x01, 0x01, 0x01, 0x01, 0x01, 0x01, 0x01, 0x01, 0x01, 0x01,
        0x01, 0x01, 0x01, 0x01, 0x01, 0x01, 0x01, 0x01, 0x01, 0x01, 0x01, 0x01, 0x01, 0x01, 0x01, 0x01,
        0x01, 0x01, 0x01, 0x01, 0x01, 0x01, 0x01, 0x01, 0x01, 0x01, 0x01, 0x01, 0x01, 0x01, 0x01, 0x01,
        0x01, 0x01, 0x01, 0x01, 0x01, 0x01, 0x01, 0x01, 0x01, 0x01, 0x01, 0x01, 0x01, 0x01, 0x01, 0x01,
        0x01, 0x01, 0x01, 0x01, 0x01, 0x01, 0x01, 0x01, 0x01, 0x01, 0x01, 0x01, 0x01, 0x01, 0x01, 0x01,
        0x01, 0x01, 0x01, 0x01, 0x01, 0x01, 0x01, 0x01, 0x01, 0x00, 0x70, 0x00, 0x00, 0x00, 0x01, 0x00,
        0x04, 0x00, 0x03, 0x00, 0x07, 0x00, 0x05, 0x00, 0x0A, 0x00, 0x0B, 0x00, 0x06, 0x00, 0x0C, 0x00,
        0x0B, 0x00, 0x0A, 0x00, 0x09, 0x00, 0x06, 0x00, 0x04, 0x00, 0x01, 0x00, 0x00, 0x00, 0x26, 0x00,
        0x11, 0x00, 0x12, 0x00, 0x0A, 0x00, 0x14, 0x00, 0x0B, 0x00, 0x14, 0x00, 0x57, 0x00, 0x15, 0x00,
        0x15, 0x00, 0x13, 0x00, 0x12, 0x00, 0x2D, 0x00, 0x0F, 0x00, 0x06, 0x00, 0x0C, 0x00, 0x09, 0x00,
        0x06, 0x00, 0x02, 0x00, 0x01, 0x00, 0x00, 0xFF, 0xFD, 0xFF, 0xFA, 0xFF, 0xF7, 0xFF, 0xF4, 0xFF,
        0xF9, 0xFF, 0xF2, 0xFF, 0xDA, 0xFF, 0xF0, 0xFF, 0xED, 0xFF, 0xF7, 0xFF, 0xEB, 0xFF, 0xEB, 0xFF,
        0x9F, 0xFF, 0xEB, 0xFF, 0xF6, 0xFF, 0xEC, 0xFF, 0xEE, 0xFF, 0xEF, 0xFF, 0xDA, 0x00, 0x00, 0xFF,
        0xFF, 0xFF, 0xFC, 0xFF, 0xFA, 0xFF, 0xF7, 0xFF, 0xF6, 0xFF, 0xFA, 0xFF, 0xF5, 0xFF, 0xF4, 0xFF,
        0xF5, 0xFF, 0xF6, 0xFF, 0xFB, 0xFF, 0xF9, 0xFF, 0xFB, 0xFF, 0xFD, 0x00, 0x00, 0x00, 0x64, 0x00,
        0x00, 0x00, 0x02, 0x00, 0x03, 0x00, 0x05, 0x00, 0x08, 0x00, 0x55, 0x00, 0x09, 0x00, 0x06, 0x00,
        0x07, 0x00, 0x0B, 0x00, 0x4A, 0x00, 0x08, 0x00, 0x0A, 0x00, 0x09, 0x00, 0x06, 0x00, 0x23, 0x00,
        0x05, 0x00, 0x05, 0x00, 0x04, 0x00, 0x02, 0x00, 0x01, 0x00, 0x01, 0xFF, 0xFE, 0xFF, 0xFE, 0xFF,
        0xFE, 0xFF, 0xFC, 0xFF, 0xFB, 0xFF, 0xDA, 0xFF, 0xF7, 0xFF, 0xF9, 0xFF, 0xFA, 0xFF, 0xF5, 0xFF,
        0xB2, 0xFF, 0xF5, 0xFF, 0xFA, 0xFF, 0xFA, 0xFF, 0xFA, 0xFF, 0xA8, 0xFF, 0xF9, 0xFF, 0xFD, 0xFF,
        0xFD, 0xFF, 0xFF, 0x00, 0xAC, 0xFF, 0x54, 0xFF, 0xF4, 0xFF, 0xF5, 0xFF, 0xFB, 0xFF, 0xF7, 0xFF,
        0xFD, 0xFF, 0xFA, 0xFF, 0xFC, 0x00, 0x00, 0x00, 0x00, 0x00, 0x04, 0x00, 0x06, 0x00, 0x08, 0x00,
        0x09, 0x00, 0x0B, 0x00, 0x0C, 0x00, 0x11, 0xFF, 0xE0, 0xFF, 0xF4, 0xFF, 0xF6, 0xFF, 0xFC, 0xFF,
        0xFA, 0xFF, 0xFE, 0xFF, 0xFF, 0x00, 0x00, 0x00, 0x03, 0x00, 0x06, 0x00, 0x09, 0x00, 0x0B, 0x00,
        0x27, 0x00, 0x0E, 0x00, 0x08, 0x00, 0x12, 0x00, 0x14, 0x00, 0x15, 0x00, 0x0A, 0x00, 0x15, 0x00,
        0xD8, 0x00, 0x15, 0x00, 0x15, 0x00, 0x13, 0x00, 0x12, 0x00, 0x09, 0x00, 0x0E, 0x00, 0x20, 0x00,
        0x0C, 0x00, 0x0A, 0x00, 0x04, 0x00, 0x06, 0x00, 0x03, 0x00, 0x00, 0xFF, 0xFD, 0xFF, 0xFE, 0xFF,
        0xF8, 0xFF, 0xF6, 0xFF, 0xF4, 0xFF, 0xE0, 0x00, 0xEB, 0x00, 0x05, 0x00, 0x0B, 0x00, 0x0A, 0x00,
        0x08, 0x00, 0x06, 0x00, 0x02, 0x00, 0x02, 0xFF, 0xFF, 0xFF, 0xFD, 0xFF, 0xFA, 0xFF, 0xFC, 0xFF,
        0xF7, 0xFF, 0xF6, 0xFF, 0xF5, 0xFE, 0x7B, 0xFF, 0x87, 0x00, 0x77, 0x00, 0x0B, 0x00, 0x0A, 0x00,
        0x09, 0x00, 0x08, 0x00, 0x48, 0x00, 0x07, 0x00, 0x03, 0x00, 0x02, 0x00, 0x01, 0x00, 0x00, 0xFF,
        0xFF, 0xFF, 0xFE, 0xFF, 0xFB, 0xFF, 0xFB, 0xFF, 0xE3, 0xFF, 0xFA, 0xFF, 0xFB, 0xFF, 0xF6, 0xFF,
        0xFA, 0xFF, 0xF9, 0xFF, 0x30, 0xFF, 0xF5, 0xFF, 0xF9, 0xFF, 0xFA, 0xFF, 0xFA, 0xFF, 0xFB, 0xFF,
        0xDF, 0xFF, 0xF9, 0xFF, 0xFD, 0xFF, 0xFF, 0xFF, 0xFE, 0x00, 0x01, 0x00, 0x01, 0x00, 0x03, 0x00,
        0x03, 0x00, 0x05, 0x00, 0x4B, 0x00, 0x08, 0x00, 0x06, 0x00, 0x07, 0x00, 0x0A, 0x00, 0x00, 0x00,
        0x00, 0x01, 0x00, 0x70, 0xFF, 0xCE, 0x02, 0x60, 0x02, 0x04, 0x00, 0x54, 0x00, 0x00, 0x01, 0x01,
        0x01, 0x01, 0x01, 0x01, 0x01, 0x01, 0x01, 0x01, 0x01, 0x01, 0x01, 0x01, 0x01, 0x01, 0x01, 0x01,
        0x01, 0x01, 0x01, 0x01, 0x01, 0x01, 0x01, 0x01, 0x01, 0x01, 0x01, 0x01, 0x01, 0x01, 0x01, 0x01,
        0x01, 0x01, 0x01, 0x01, 0x01, 0x01, 0x01, 0x01, 0x01, 0x01, 0x01, 0x01, 0x01, 0x01, 0x01, 0x01,
        0x01, 0x01, 0x01, 0x01, 0x01, 0x01, 0x01, 0x01, 0x01, 0x01, 0x01, 0x01, 0x01, 0x01, 0x01, 0x01,
        0x01, 0x01, 0x01, 0x01, 0x01, 0x01, 0x01, 0x01, 0x01, 0x01, 0x01, 0x01, 0x01, 0x01, 0x01, 0x01,
        0x01, 0x01, 0x01, 0x02, 0x2E, 0x00, 0x0C, 0x00, 0x05, 0x00, 0x0B, 0x00, 0x04, 0x00, 0x05, 0x00,
        0x07, 0x00, 0x02, 0x00, 0x04, 0x00, 0x00, 0x00, 0x00, 0xFF, 0xFC, 0xFF, 0xFE, 0xFF, 0xF9, 0xFF,
        0xFB, 0xFF, 0xFC, 0xFF, 0xF5, 0xFF, 0xFB, 0xFF, 0xF4, 0xFF, 0x2C, 0xFF, 0xEC, 0xFF, 0xF5, 0xFF,
        0xEC, 0xFF, 0xED, 0xFF, 0xEE, 0xFF, 0x9A, 0xFF, 0xF9, 0xFF, 0xF3, 0xFF, 0xF5, 0xFF, 0xF9, 0xFF,
        0xFB, 0xFF, 0xFF, 0x00, 0x00, 0x00, 0x01, 0x00, 0x05, 0x00, 0x03, 0x00, 0x09, 0x00, 0x0C, 0x00,
        0x0E, 0x00, 0x66, 0x00, 0x12, 0x00, 0x13, 0x00, 0x14, 0x00, 0x0B, 0x00, 0x14, 0x00, 0xD4, 0x00,
        0x0C, 0x00, 0x0B, 0x00, 0x05, 0x00, 0x09, 0x00, 0x03, 0x00, 0x06, 0x00, 0x02, 0x00, 0x02, 0x00,
        0x00, 0xFF, 0xFE, 0xFF, 0xFE, 0xFF, 0xFA, 0xFF, 0xFD, 0xFF, 0xF7, 0xFF, 0xFB, 0xFF, 0xF5, 0xFF,
        0xF4, 0xFF, 0x2E, 0xFF, 0xF8, 0xFF, 0xF6, 0xFF, 0xF7, 0xFF, 0xFA, 0xFF, 0xAB, 0xFF, 0xFB, 0xFF,
        0xFB, 0xFF, 0xFD, 0xFF, 0xFD, 0xFF, 0xFF, 0xFF, 0xFF, 0x00, 0x00, 0x00, 0x02, 0x00, 0x03, 0x00,
        0x05, 0x00, 0x08, 0x00, 0x58, 0x00, 0x09, 0x00, 0x06, 0x00, 0x07, 0x00, 0x08, 0x01, 0x9F, 0x00,
        0x01, 0x00, 0x02, 0x00, 0x05, 0x00, 0x04, 0x00, 0x04, 0x00, 0x09, 0x00, 0x05, 0x00, 0x0B, 0x00,
        0x06, 0x00, 0x0C, 0x00, 0x0B, 0x00, 0x05, 0x00, 0x0A, 0x00, 0x04, 0x00, 0x03, 0x00, 0x05, 0x00,
        0x02, 0x00, 0x02, 0x00, 0x00, 0xFF, 0xFE, 0xFF, 0xFE, 0xFF, 0xFA, 0xFF, 0xF8, 0xFF, 0xF4, 0xFF,
        0xA9, 0xFF, 0xF8, 0xFF, 0xEF, 0xFF, 0xED, 0xFF, 0xEC, 0xFF, 0xEB, 0xFF, 0xF5, 0xFF, 0x7D, 0xFF,
        0xEB, 0xFF, 0xEB, 0xFF, 0xF6, 0xFF, 0xEC, 0xFF, 0xEE, 0xFF, 0xF0, 0xFF, 0xA9, 0xFF, 0xF5, 0xFF,
        0xF7, 0xFF, 0xFA, 0xFF, 0xFE, 0xFF, 0xFF, 0x00, 0x00, 0x00, 0x01, 0x00, 0x04, 0x00, 0x03, 0x00,
        0x07, 0x00, 0x05, 0x00, 0x0A, 0x00, 0x06, 0x00, 0x0B, 0x00, 0x06, 0x00, 0x0B, 0x00, 0x06, 0x00,
        0x0A, 0x00, 0x05, 0x00, 0x07, 0x00, 0x03, 0x00, 0x04, 0x00, 0x01, 0x00, 0x00, 0x00, 0x01, 0x00,
        0x02, 0x00, 0x05, 0x00, 0x05, 0x00, 0x48, 0x00, 0x05, 0x00, 0x06, 0x00, 0x06, 0x00, 0x07, 0x00,
        0x06, 0x00, 0x08, 0x00, 0x77, 0x00, 0x0B, 0x00, 0x0A, 0x00, 0x09, 0x00, 0x08, 0x00, 0x4B, 0x00,
        0x05, 0x00, 0x03, 0x00, 0x01, 0x00, 0x01, 0x00, 0x00, 0x02, 0x00, 0x70, 0xFF, 0xCE, 0x02, 0x60,
        0x02, 0xD7, 0x00, 0x4B, 0x00, 0x75, 0x00, 0x00, 0x01, 0x01, 0x01, 0x01, 0x01, 0x01, 0x01, 0x01,
        0x01, 0x01, 0x01, 0x01, 0x01, 0x01, 0x01, 0x01, 0x01, 0x01, 0x01, 0x01, 0x01, 0x01, 0x01, 0x01,
        0x01, 0x01, 0x01, 0x01, 0x01, 0x01, 0x01, 0x01, 0x01, 0x01, 0x01, 0x01, 0x01, 0x01, 0x01, 0x01,
        0x01, 0x01, 0x01, 0x01, 0x01, 0x01, 0x01, 0x01, 0x01, 0x01, 0x01, 0x01, 0x01, 0x01, 0x01, 0x01,
        0x01, 0x01, 0x01, 0x01, 0x01, 0x01, 0x01, 0x01, 0x01, 0x01, 0x01, 0x01, 0x01, 0x01, 0x01, 0x01,
        0x01, 0x01, 0x01, 0x01, 0x01, 0x01, 0x01, 0x01, 0x01, 0x01, 0x01, 0x01, 0x01, 0x01, 0x01, 0x01,
        0x01, 0x01, 0x01, 0x01, 0x01, 0x01, 0x01, 0x01, 0x01, 0x01, 0x01, 0x01, 0x01, 0x01, 0x01, 0x01,
        0x01, 0x01, 0x01, 0x01, 0x01, 0x01, 0x01, 0x01, 0x01, 0x01, 0x01, 0x01, 0x01, 0x01, 0x00, 0x70,
        0x00, 0x01, 0x00, 0x02, 0x00, 0x06, 0x00, 0x09, 0x00, 0x0C, 0x00, 0x07, 0x00, 0x0E, 0x00, 0x2E,
        0x00, 0x12, 0x00, 0x13, 0x00, 0x14, 0x00, 0x15, 0x00, 0x57, 0x00, 0x14, 0x00, 0x0B, 0x00, 0x14,
        0x00, 0x0A, 0x00, 0x12, 0x00, 0x11, 0x00, 0x26, 0x00, 0x00, 0x00, 0x01, 0x00, 0x04, 0x00, 0x06,
        0x00, 0x09, 0x00, 0x0A, 0x00, 0x0B, 0x00, 0x0C, 0x00, 0x06, 0x00, 0x0B, 0x00, 0x05, 0x00, 0x0A,
        0x00, 0x07, 0x00, 0x05, 0x00, 0x02, 0x00, 0x01, 0x00, 0x00, 0x00, 0x00, 0xFF, 0xFD, 0xFF, 0xFB,
        0xFF, 0xFD, 0xFF, 0xF7, 0xFF, 0xF6, 0xFF, 0xFA, 0xFF, 0xF5, 0xFF, 0xFA, 0xFF, 0xF5, 0xFF, 0xF5,
        0xFF, 0xF6, 0xFF, 0xF9, 0xFF, 0xFD, 0xFF, 0xFC, 0xFF, 0xFF, 0x00, 0x00, 0xFF, 0xDA, 0xFF, 0xEF,
        0xFF, 0xEE, 0xFF, 0xF6, 0xFF, 0xEC, 0xFF, 0xF5, 0xFF, 0xEC, 0xFF, 0xB3, 0xFF, 0xEC, 0xFF, 0xEB,
        0xFF, 0xEC, 0xFF, 0xEE, 0xFF, 0xF7, 0xFF, 0xD3, 0xFF, 0xF1, 0xFF, 0xF9, 0xFF, 0xF4, 0xFF, 0xF7,
        0xFF, 0xFA, 0xFF, 0xFE, 0xFF, 0xFF, 0x00, 0x64, 0x00, 0x00, 0x00, 0x02, 0x00, 0x02, 0x00, 0x03,
        0x00, 0x03, 0x00, 0x05, 0x00, 0x26, 0x00, 0x0A, 0x00, 0x09, 0x00, 0x0A, 0x00, 0x4E, 0x00, 0x0B,
        0x00, 0x07, 0x00, 0x06, 0x00, 0x09, 0x00, 0x58, 0x00, 0x07, 0x00, 0x04, 0x00, 0x03, 0x00, 0x01,
        0x00, 0x00, 0xFF, 0xFE, 0xFF, 0xFD, 0xFF, 0xFB, 0xFF, 0xF8, 0xFF, 0xAB, 0xFF, 0xF7, 0xFF, 0xFA,
        0xFF, 0xF9, 0xFF, 0xF5, 0xFF, 0xB7, 0xFF, 0xF8, 0xFF, 0xF6, 0xFF, 0xF7, 0xFF, 0xFA, 0xFF, 0xDC,
        0xFF, 0xFB, 0xFF, 0xFA, 0xFF, 0xFD, 0xFF, 0xFE, 0xFF, 0xFF, 0x00, 0x82, 0xFF, 0xEB, 0xFF, 0xF6,
        0xFF, 0xEB, 0xFF, 0xEC, 0xFF, 0xEE, 0xFF, 0xF8, 0xFF, 0xF1, 0xFF, 0xDA, 0xFF, 0xF5, 0xFF, 0xF7,
        0xFF, 0xFA, 0xFF, 0xFD, 0x00, 0x00, 0x00, 0x01, 0x00, 0x02, 0x00, 0x06, 0x00, 0x04, 0x00, 0x0A,
        0x00, 0x0C, 0x00, 0x20, 0xFF, 0xEF, 0xFF, 0xF4, 0xFF, 0xF5, 0xFF, 0xF7, 0xFF, 0xF8, 0xFF, 0xFA,
        0xFF, 0xFC, 0x00, 0x00, 0x00, 0x00, 0x00, 0x04, 0x00, 0x02, 0x00, 0x07, 0x00, 0x09, 0x00, 0x0B,
        0x00, 0x05, 0x00, 0x0C, 0x00, 0xAC, 0x01, 0xFF, 0x00, 0x0B, 0x00, 0x0A, 0x00, 0x05, 0x00, 0x08,
        0x00, 0x06, 0x00, 0x02, 0x00, 0x02, 0x00, 0x00, 0xFF, 0xFE, 0xFF, 0xFB, 0xFF, 0xF9, 0xFF, 0xF7,
        0xFF, 0xFB, 0xFF, 0xF5, 0xFF, 0xF5, 0xFF, 0x1B, 0x00, 0x20, 0x00, 0x0C, 0x00, 0x0A, 0x00, 0x04,
        0x00, 0x06, 0x00, 0x02, 0x00, 0x02, 0x00, 0x00, 0xFF, 0xFE, 0xFF, 0xFC, 0xFF, 0xF8, 0xFF, 0xF6,
        0xFF, 0xFB, 0xFF, 0xDA, 0xFF, 0xF1, 0xFF, 0xF8, 0xFF, 0xED, 0xFF, 0xED, 0xFF, 0xEB, 0xFF, 0xF5,
        0xFF, 0xEC, 0xFF, 0x34, 0x00, 0xCA, 0x00, 0x0B, 0x00, 0x07, 0x00, 0x07, 0x00, 0x05, 0x00, 0x06,
        0x00, 0x21, 0x00, 0x06, 0x00, 0x04, 0x00, 0x02, 0x00, 0x00, 0xFF, 0xFF, 0xFF, 0xFE, 0xFF, 0xFD,
        0xFF, 0xF9, 0xFF, 0xB5, 0xFF, 0xF8, 0xFF, 0xF7, 0xFF, 0xF6, 0xFF, 0xF8, 0xFF, 0x89, 0xFF, 0xF5,
        0xFF, 0xF6, 0xFF, 0xF7, 0xFF, 0xF8, 0xFF, 0xB8, 0xFF, 0xF9, 0xFF, 0xFD, 0xFF, 0xFF, 0xFF, 0xFE,
        0x00, 0x00, 0x00, 0x01, 0x00, 0x02, 0x00, 0x05, 0x00, 0x05, 0x00, 0x1E, 0x00, 0x05, 0x00, 0x09,
        0x00, 0x07, 0x00, 0x06, 0x00, 0x07, 0x00, 0x00, 0x00, 0x02, 0x00, 0x70, 0xFF, 0xCE, 0x02, 0x60,
        0x02, 0x04, 0x00, 0x4E, 0x00, 0x64, 0x00, 0x00, 0x01, 0x01, 0x01, 0x01, 0x01, 0x01, 0x01, 0x01,
        0x01, 0x01, 0x01, 0x01, 0x01, 0x01, 0x01, 0x01, 0x01, 0x01, 0x01, 0x01, 0x01, 0x01, 0x01, 0x01,
        0x01, 0x01, 0x01, 0x01, 0x01, 0x01, 0x01, 0x01, 0x01, 0x01, 0x01, 0x01, 0x01, 0x01, 0x01, 0x01,
        0x01, 0x01, 0x01, 0x01, 0x01, 0x01, 0x01, 0x01, 0x01, 0x01, 0x01, 0x01, 0x01, 0x01, 0x01, 0x01,
        0x01, 0x01, 0x01, 0x01, 0x01, 0x01, 0x01, 0x01, 0x01, 0x01, 0x01, 0x01, 0x01, 0x01, 0x01, 0x01,
        0x01, 0x01, 0x01, 0x01, 0x01, 0x01, 0x01, 0x01, 0x01, 0x01, 0x01, 0x01, 0x01, 0x01, 0x01, 0x01,
        0x01, 0x01, 0x01, 0x01, 0x01, 0x01, 0x01, 0x01, 0x01, 0x01, 0x01, 0x01, 0x01, 0x00, 0x70, 0x00,
        0x01, 0x00, 0x02, 0x00, 0x06, 0x00, 0x09, 0x00, 0x0C, 0x00, 0x07, 0x00, 0x0E, 0x00, 0x2E, 0x00,
        0x12, 0x00, 0x13, 0x00, 0x14, 0x00, 0x0B, 0x00, 0x14, 0x01, 0x0B, 0x00, 0x0B, 0x00, 0x06, 0x00,
        0x09, 0x00, 0x08, 0x00, 0x06, 0x00, 0x02, 0x00, 0x02, 0x00, 0x00, 0xFF, 0xFE, 0xFF, 0xFE, 0xFF,
        0xFA, 0xFF, 0xFD, 0xFF, 0xF7, 0xFF, 0xFB, 0xFF, 0xF5, 0xFF, 0xF4, 0xFE, 0xFD, 0xFF, 0xF8, 0xFF,
        0xF9, 0xFF, 0xF7, 0xFF, 0xF7, 0xFF, 0xDC, 0xFF, 0xFB, 0xFF, 0xFB, 0xFF, 0xFC, 0xFF, 0xFD, 0xFF,
        0xFF, 0x01, 0x60, 0x00, 0x06, 0x00, 0x0B, 0x00, 0x05, 0x00, 0x09, 0x00, 0x03, 0x00, 0x06, 0x00,
        0x04, 0x00, 0x00, 0x00, 0x00, 0xFF, 0xFD, 0xFF, 0xFD, 0xFF, 0xF9, 0xFF, 0xFB, 0xFF, 0xF4, 0xFF,
        0xF2, 0xFF, 0xCC, 0xFF, 0xF7, 0xFF, 0xED, 0xFF, 0xF7, 0xFF, 0xEB, 0xFF, 0xF6, 0xFF, 0xEC, 0xFF,
        0x77, 0xFF, 0xEB, 0xFF, 0xF6, 0xFF, 0xEC, 0xFF, 0xF7, 0xFF, 0xEE, 0xFF, 0xD3, 0xFF, 0xF1, 0xFF,
        0xF9, 0xFF, 0xF4, 0xFF, 0xF7, 0xFF, 0xFA, 0xFF, 0xFE, 0xFF, 0xFF, 0x00, 0x64, 0x00, 0x01, 0x00,
        0x01, 0x00, 0x05, 0x00, 0x03, 0x00, 0x05, 0x00, 0x2A, 0x00, 0x06, 0x00, 0x09, 0x00, 0x07, 0x00,
        0x08, 0x00, 0x7F, 0x00, 0x07, 0x00, 0x07, 0x00, 0x06, 0x00, 0x06, 0x00, 0x29, 0x00, 0x07, 0x00,
        0x04, 0x00, 0x03, 0x00, 0x01, 0x00, 0x00, 0x00, 0x82, 0xFF, 0xEB, 0xFF, 0xF6, 0xFF, 0xEB, 0xFF,
        0xEC, 0xFF, 0xEE, 0xFF, 0xF8, 0xFF, 0xF1, 0xFF, 0xDA, 0xFF, 0xF5, 0xFF, 0xF7, 0xFF, 0xFA, 0xFF,
        0xFE, 0xFF, 0xFF, 0x00, 0x00, 0x00, 0x03, 0x00, 0x02, 0x00, 0x06, 0x00, 0x09, 0x00, 0x0A, 0x00,
        0x06, 0x00, 0x0B, 0x00, 0x06, 0x00, 0x0B, 0x00, 0x06, 0x00, 0x0A, 0x00, 0x05, 0x00, 0x07, 0x00,
        0x03, 0x00, 0x04, 0x00, 0x01, 0x00, 0x00, 0x00, 0x01, 0x00, 0x01, 0x00, 0x04, 0x00, 0x07, 0x00,
        0x1E, 0x00, 0x05, 0x00, 0x06, 0x00, 0x0A, 0x00, 0x0A, 0x00, 0x25, 0x00, 0x01, 0x00, 0x01, 0x00,
        0x04, 0x00, 0x03, 0x00, 0x07, 0x00, 0x05, 0x00, 0x0A, 0x00, 0x0B, 0x00, 0x09, 0x00, 0x86, 0x00,
        0x15, 0x00, 0x0B, 0x00, 0x14, 0x00, 0x09, 0x00, 0x12, 0x00, 0x11, 0x00, 0x2C, 0x00, 0x06, 0x00,
        0x0A, 0x00, 0x04, 0x00, 0x06, 0x00, 0x02, 0x00, 0x02, 0xFF, 0xFF, 0xFF, 0xFD, 0xFF, 0xFE, 0xFF,
        0xF8, 0xFF, 0xFC, 0xFF, 0xF5, 0xFF, 0xDA, 0xFF, 0xF1, 0xFF, 0xF8, 0xFF, 0xED, 0xFF, 0xED, 0xFF,
        0xEB, 0xFF, 0xF5, 0xFF, 0xEC, 0xFF, 0xB6, 0x00, 0x4C, 0x00, 0x0B, 0x00, 0x0A, 0x00, 0x05, 0x00,
        0x06, 0x00, 0x23, 0x00, 0x04, 0x00, 0x04, 0x00, 0x01, 0x00, 0x01, 0x00, 0x00, 0xFF, 0xFF, 0xFF,
        0xFE, 0xFF, 0xFD, 0xFF, 0xFC, 0xFF, 0xDD, 0xFF, 0xF8, 0xFF, 0xF6, 0xFF, 0xF6, 0xFF, 0xF8, 0xFF,
        0xB8, 0x00, 0x00, 0x00, 0x00, 0x01, 0x00, 0xA1, 0xFF, 0xCE, 0x02, 0x60, 0x02, 0xD7, 0x00, 0x5E,
        0x00, 0x00, 0x01, 0x01, 0x01, 0x01, 0x01, 0x01, 0x01, 0x01, 0x01, 0x01, 0x01, 0x01, 0x01, 0x01,
        0x01, 0x01, 0x01, 0x01, 0x01, 0x01, 0x01, 0x01, 0x01, 0x01, 0x01, 0x01, 0x01, 0x01, 0x01, 0x01,
        0x01, 0x01, 0x01, 0x01, 0x01, 0x01, 0x01, 0x01, 0x01, 0x01, 0x01, 0x01, 0x01, 0x01, 0x01, 0x01,
        0x01, 0x01, 0x01, 0x01, 0x01, 0x01, 0x01, 0x01, 0x01, 0x01, 0x01, 0x01, 0x01, 0x01, 0x01, 0x01,
        0x01, 0x01, 0x01, 0x01, 0x01, 0x01, 0x01, 0x01, 0x01, 0x01, 0x01, 0x01, 0x01, 0x01, 0x01, 0x01,
        0x01, 0x01, 0x01, 0x01, 0x01, 0x01, 0x01, 0x01, 0x01, 0x01, 0x01, 0x01, 0x01, 0x01, 0x01, 0x01,
        0x01, 0x00, 0xA1, 0x00, 0x02, 0x00, 0x05, 0x00, 0x03, 0x00, 0x08, 0x00, 0x0A, 0x00, 0x05, 0x00,
        0x0C, 0x00, 0x36, 0x00, 0x00, 0x00, 0x03, 0x00, 0x05, 0x00, 0x08, 0x00, 0x09, 0x00, 0x0B, 0x00,
        0x0B, 0x00, 0x0C, 0x00, 0x0B, 0x00, 0x0A, 0x00, 0x05, 0x00, 0x07, 0x00, 0x06, 0x00, 0x02, 0x00,
        0x01, 0x00, 0x62, 0x00, 0x06, 0x00, 0x0C, 0x00, 0x05, 0x00, 0x0A, 0x00, 0x08, 0x00, 0x03, 0x00,
        0x05, 0x00, 0x02, 0x00, 0x00, 0xFF, 0xFE, 0xFF, 0xFB, 0xFF, 0xFD, 0xFF, 0xF8, 0xFF, 0xF6, 0xFF,
        0xFB, 0xFF, 0xF4, 0xFF, 0xFA, 0xFF, 0x9E, 0x00, 0x00, 0x00, 0x02, 0x00, 0x04, 0x00, 0x04, 0x00,
        0x06, 0x00, 0x0A, 0x00, 0x08, 0x00, 0x08, 0x00, 0x0E, 0x00, 0x0A, 0x00, 0x0B, 0x00, 0x78, 0x00,
        0x0C, 0x00, 0x05, 0x00, 0x0B, 0x00, 0x04, 0x00, 0x08, 0x00, 0x06, 0x00, 0x02, 0x00, 0x02, 0x00,
        0x00, 0xFF, 0xFC, 0xFF, 0xFA, 0xFF, 0xFD, 0xFF, 0xF7, 0xFF, 0xFB, 0xFF, 0xFA, 0xFF, 0xF5, 0xFF,
        0x75, 0xFF, 0xE9, 0xFF, 0xF5, 0xFF, 0xF5, 0xFF, 0xEB, 0xFF, 0xF5, 0xFF, 0xED, 0xFF, 0xEF, 0xFF,
        0xF0, 0xFF, 0xF4, 0xFF, 0xFA, 0xFF, 0xF7, 0xFF, 0xFD, 0xFF, 0xFB, 0xFF, 0xFF, 0x00, 0x00, 0xFF,
        0xCA, 0xFF, 0xF4, 0xFF, 0xFB, 0xFF, 0xF6, 0xFF, 0xF8, 0xFF, 0xFD, 0xFF, 0xFB, 0xFF, 0xFE, 0x01,
        0xCE, 0xFF, 0xF5, 0xFF, 0xF5, 0xFF, 0xFB, 0xFF, 0xF8, 0xFF, 0xF9, 0xFF, 0xFE, 0xFF, 0xFD, 0x00,
        0x00, 0xFE, 0x5B, 0xFF, 0xF5, 0xFF, 0xF5, 0xFF, 0xF7, 0xFF, 0xF9, 0xFF, 0xFC, 0xFF, 0xFE, 0x00,
        0x00, 0x00, 0x04, 0x00, 0x06, 0x00, 0x03, 0x00, 0x09, 0x00, 0x0B, 0x00, 0x0B, 0x01, 0xA5, 0x00,
        0x00, 0x00, 0x00, 0x00, 0x03, 0x00, 0x02, 0x00, 0x07, 0x00, 0x08, 0x00, 0x05, 0x00, 0x0B, 0x00,
        0x0B, 0x00, 0x06, 0x00, 0x0C, 0x00, 0x0A, 0x00, 0x05, 0x00, 0x09, 0x00, 0x06, 0x00, 0x02, 0x00,
        0x03, 0x00, 0x01, 0x00, 0x00, 0x00, 0x27, 0x00, 0x0F, 0x00, 0x09, 0x00, 0x09, 0x00, 0x09, 0x00,
        0x0A, 0x00, 0x07, 0x00, 0x05, 0x00, 0x05, 0x00, 0x02, 0x00, 0x00, 0x00, 0x00, 0x00, 0x02, 0x00,
        0x01, 0x00, 0x06, 0x00, 0x03, 0x00, 0x09, 0x00, 0x0A, 0x00, 0x05, 0x00, 0x0C, 0x00, 0x0C, 0x00,
        0x0B, 0x00, 0x0A, 0x00, 0x04, 0x00, 0x08, 0x00, 0x03, 0x00, 0x02, 0x00, 0x03, 0x00, 0x00, 0xFF,
        0xFD, 0xFF, 0xFD, 0xFF, 0xFD, 0xFF, 0xF7, 0xFF, 0xFA, 0xFF, 0xF4, 0xFF, 0xF0, 0xFF, 0xEF, 0xFF,
        0xED, 0xFF, 0xF5, 0xFF, 0xEB, 0xFF, 0xF5, 0xFF, 0xE9, 0xFF, 0xEA, 0xFF, 0xDD, 0xFF, 0xFF, 0xFF,
        0xFD, 0xFF, 0xFE, 0xFF, 0xFA, 0xFF, 0xF7, 0xFF, 0xFB, 0xFF, 0xF6, 0xFF, 0xF4, 0x00, 0x00, 0x00,
        0x00, 0x02, 0x00, 0x70, 0xFE, 0xFA, 0x02, 0x60, 0x02, 0x04, 0x00, 0x61, 0x00, 0x8B, 0x00, 0x00,
        0x01, 0x01, 0x01, 0x01, 0x01, 0x01, 0x01, 0x01, 0x01, 0x01, 0x01, 0x01, 0x01, 0x01, 0x01, 0x01,
        0x01, 0x01, 0x01, 0x01, 0x01, 0x01, 0x01, 0x01, 0x01, 0x01, 0x01, 0x01, 0x01, 0x01, 0x01, 0x01,
        0x01, 0x01, 0x01, 0x01, 0x01, 0x01, 0x01, 0x01, 0x01, 0x01, 0x01, 0x01, 0x01, 0x01, 0x01, 0x01,
        0x01, 0x01, 0x01, 0x01, 0x01, 0x01, 0x01, 0x01, 0x01, 0x01, 0x01, 0x01, 0x01, 0x01, 0x01, 0x01,
        0x01, 0x01, 0x01, 0x01, 0x01, 0x01, 0x01, 0x01, 0x01, 0x01, 0x01, 0x01, 0x01, 0x01, 0x01, 0x01,
        0x01, 0x01, 0x01, 0x01, 0x01, 0x01, 0x01, 0x01, 0x01, 0x01, 0x01, 0x01, 0x01, 0x01, 0x01, 0x01,
        0x01, 0x01, 0x01, 0x01, 0x01, 0x01, 0x01, 0x01, 0x01, 0x01, 0x01, 0x01, 0x01, 0x01, 0x01, 0x01,
        0x01, 0x01, 0x01, 0x01, 0x01, 0x01, 0x01, 0x01, 0x01, 0x01, 0x01, 0x01, 0x01, 0x01, 0x01, 0x01,
        0x01, 0x01, 0x01, 0x01, 0x01, 0x01, 0x01, 0x01, 0x01, 0x01, 0x01, 0x01, 0x00, 0x70, 0x00, 0x01,
        0x00, 0x02, 0x00, 0x06, 0x00, 0x09, 0x00, 0x0C, 0x00, 0x07, 0x00, 0x0F, 0x00, 0x2D, 0x00, 0x12,
        0x00, 0x13, 0x00, 0x14, 0x00, 0x15, 0x00, 0x61, 0x00, 0x15, 0x00, 0x16, 0x00, 0x15, 0x00, 0x3C,
        0x00, 0x00, 0xFF, 0xFF, 0xFF, 0xFF, 0xFF, 0xFD, 0xFF, 0xFD, 0xFF, 0xF9, 0xFF, 0xDA, 0xFF, 0xFA,
        0xFF, 0xFA, 0xFF, 0xF9, 0xFF, 0xF9, 0xFF, 0xF9, 0xFF, 0x28, 0xFF, 0xF4, 0xFF, 0xFB, 0xFF, 0xF6,
        0xFF, 0xF8, 0xFF, 0xFD, 0xFF, 0xFB, 0xFF, 0xFF, 0xFF, 0xFF, 0x00, 0x02, 0x00, 0x05, 0x00, 0x07,
        0x00, 0x09, 0x00, 0x05, 0x00, 0x0B, 0x00, 0x0C, 0x00, 0xD3, 0x00, 0x15, 0x00, 0x0A, 0x00, 0x15,
        0x00, 0x13, 0x00, 0x12, 0x00, 0x2D, 0x00, 0x0F, 0x00, 0x0C, 0x00, 0x0B, 0x00, 0x04, 0x00, 0x06,
        0x00, 0x02, 0x00, 0x01, 0x00, 0x00, 0x00, 0x00, 0xFF, 0xFD, 0xFF, 0xFB, 0xFF, 0xFD, 0xFF, 0xF7,
        0xFF, 0xF6, 0xFF, 0xFA, 0xFF, 0xF5, 0xFF, 0xFA, 0xFF, 0xF5, 0xFF, 0xF5, 0xFF, 0xF6, 0xFF, 0xF9,
        0xFF, 0xFD, 0xFF, 0xFC, 0xFF, 0xFF, 0x00, 0x00, 0xFF, 0xDA, 0xFF, 0xEF, 0xFF, 0xEE, 0xFF, 0xF6,
        0xFF, 0xEC, 0xFF, 0xF5, 0xFF, 0xEC, 0xFF, 0xA9, 0xFF, 0xEB, 0xFF, 0xEC, 0xFF, 0xED, 0xFF, 0xEE,
        0xFF, 0xD3, 0xFF, 0xF1, 0xFF, 0xF9, 0xFF, 0xF4, 0xFF, 0xF7, 0xFF, 0xFA, 0xFF, 0xFE, 0xFF, 0xFF,
        0x00, 0x64, 0x00, 0x00, 0x00, 0x01, 0x00, 0x01, 0x00, 0x03, 0x00, 0x03, 0x00, 0x07, 0x00, 0x26,
        0x00, 0x07, 0x00, 0x06, 0x00, 0x06, 0x00, 0x0A, 0x00, 0x4E, 0x00, 0x0B, 0x00, 0x07, 0x00, 0x06,
        0x00, 0x09, 0x00, 0x58, 0x00, 0x07, 0x00, 0x03, 0x00, 0x03, 0x00, 0x01, 0x00, 0x01, 0xFF, 0xFE,
        0xFF, 0xFD, 0xFF, 0xFC, 0xFF, 0xFB, 0xFF, 0xF8, 0xFF, 0xAE, 0xFF, 0xF6, 0xFF, 0xF5, 0xFF, 0xAC,
        0xFF, 0xF8, 0xFF, 0xF6, 0xFF, 0xF7, 0xFF, 0xF9, 0xFF, 0xDD, 0xFF, 0xFB, 0xFF, 0xFB, 0xFF, 0xFC,
        0xFF, 0xFE, 0xFF, 0xFF, 0x00, 0xAC, 0xFF, 0xEB, 0xFF, 0xF6, 0xFF, 0xEB, 0xFF, 0xEC, 0xFF, 0xEE,
        0xFF, 0xF8, 0xFF, 0xF1, 0xFF, 0xDA, 0xFF, 0xF5, 0xFF, 0xF7, 0xFF, 0xFA, 0xFF, 0xFD, 0x00, 0x00,
        0x00, 0x02, 0x00, 0x05, 0x00, 0x07, 0x00, 0x22, 0xFF, 0x88, 0xFF, 0xF8, 0xFF, 0xF9, 0xFF, 0xF9,
        0xFF, 0xFA, 0xFF, 0xF8, 0xFF, 0xDF, 0xFF, 0xFB, 0xFF, 0xFD, 0xFF, 0xFE, 0xFF, 0xFE, 0x00, 0x00,
        0xFF, 0xFF, 0xFF, 0xFE, 0xFF, 0xFD, 0xFF, 0xFA, 0xFF, 0xF7, 0xFF, 0xFC, 0xFF, 0xF5, 0xFF, 0xFA,
        0xFF, 0xF4, 0xFF, 0xF5, 0xFF, 0xF5, 0xFF, 0xF7, 0xFF, 0xF8, 0xFF, 0xFD, 0xFF, 0xFC, 0xFF, 0xFF,
        0x00, 0x00, 0x00, 0x01, 0x00, 0x02, 0x00, 0x06, 0x00, 0x09, 0x00, 0x0C, 0x00, 0x26, 0x00, 0x0E,
        0x00, 0x12, 0x00, 0x12, 0x00, 0x0A, 0x00, 0x15, 0x00, 0x0A, 0x00, 0x15, 0x01, 0x0A, 0x01, 0x1F,
        0x00, 0x0B, 0x00, 0x0B, 0x00, 0x05, 0x00, 0x08, 0x00, 0x05, 0x00, 0x02, 0x00, 0x02, 0x00, 0x00,
        0xFF, 0xFE, 0xFF, 0xFC, 0xFF, 0xF9, 0xFF, 0xF7, 0xFF, 0xFB, 0xFF, 0xF5, 0xFF, 0xF4, 0xFF, 0xEF,
        0x00, 0x20, 0x00, 0x0C, 0x00, 0x0A, 0x00, 0x04, 0x00, 0x06, 0x00, 0x02, 0x00, 0x02, 0xFF, 0xFF,
        0xFF, 0xFD, 0xFF, 0xFA, 0xFF, 0xF8, 0xFF, 0xF5, 0xFF, 0xDA, 0xFF, 0xF1, 0xFF, 0xF8, 0xFF, 0xED,
        0xFF, 0xED, 0xFF, 0xEB, 0xFF, 0xF5, 0xFF, 0xEC, 0xFF, 0x5E, 0x00, 0xA0, 0x00, 0x08, 0x00, 0x07,
        0x00, 0x06, 0x00, 0x07, 0x00, 0x08, 0x00, 0x21, 0x00, 0x04, 0x00, 0x03, 0x00, 0x03, 0x00, 0x02,
        0x00, 0x00, 0xFF, 0xFF, 0xFF, 0xFE, 0xFF, 0xFD, 0xFF, 0xF9, 0xFF, 0xB5, 0xFF, 0xF8, 0xFF, 0xFA,
        0xFF, 0xF9, 0xFF, 0xF6, 0xFF, 0x92, 0xFF, 0xF4, 0xFF, 0xF5, 0xFF, 0xFA, 0xFF, 0xFA, 0xFF, 0xF9,
        0xFF, 0xD2, 0xFF, 0xFC, 0xFF, 0xFF, 0x00, 0x00, 0x00, 0x00, 0x00, 0x03, 0x00, 0x04, 0x00, 0x05,
        0x00, 0x1E, 0x00, 0x05, 0x00, 0x06, 0x00, 0x09, 0x00, 0x07, 0x00, 0x07, 0x00, 0x01, 0x00, 0x70,
        0xFF, 0xCE, 0x02, 0x60, 0x02, 0xD7, 0x00, 0x56, 0x00, 0x00, 0x01, 0x01, 0x01, 0x01, 0x01, 0x01,
        0x01, 0x01, 0x01, 0x01, 0x01, 0x01, 0x01, 0x01, 0x01, 0x01, 0x01, 0x01, 0x01, 0x01, 0x01, 0x01,
        0x01, 0x01, 0x01, 0x01, 0x01, 0x01, 0x01, 0x01, 0x01, 0x01, 0x01, 0x01, 0x01, 0x01, 0x01, 0x01,
        0x01, 0x01, 0x01, 0x01, 0x01, 0x01, 0x01, 0x01, 0x01, 0x01, 0x01, 0x01, 0x01, 0x01, 0x01, 0x01,
        0x01, 0x01, 0x01, 0x01, 0x01, 0x01, 0x01, 0x01, 0x01, 0x01, 0x01, 0x01, 0x01, 0x01, 0x01, 0x01,
        0x01, 0x01, 0x01, 0x01, 0x01, 0x01, 0x01, 0x01, 0x01, 0x01, 0x01, 0x01, 0x01, 0x01, 0x01, 0x01,
        0x01, 0x00, 0x70, 0x00, 0x01, 0x00, 0x02, 0x00, 0x02, 0x00, 0x06, 0x00, 0x09, 0x00, 0x0A, 0x00,
        0x06, 0x00, 0x05, 0x00, 0x0C, 0x00, 0x06, 0x00, 0x0B, 0x00, 0x0A, 0x00, 0x05, 0x00, 0x07, 0x00,
        0x03, 0x00, 0x04, 0x00, 0x01, 0x00, 0x00, 0x00, 0x9A, 0x00, 0x06, 0x00, 0x07, 0x00, 0x0B, 0x00,
        0x3B, 0x00, 0x07, 0x00, 0x07, 0x00, 0x0A, 0x00, 0x05, 0x00, 0x05, 0x00, 0x06, 0x00, 0x04, 0x00,
        0x02, 0x00, 0x0D, 0x00, 0x01, 0x00, 0x05, 0x00, 0x03, 0x00, 0x08, 0x00, 0x09, 0x00, 0x0B, 0x00,
        0x06, 0x00, 0x0C, 0x00, 0x05, 0x00, 0x0C, 0x00, 0x05, 0x00, 0x09, 0x00, 0x04, 0x00, 0x06, 0x00,
        0x02, 0x00, 0x01, 0x00, 0x01, 0xFF, 0xF3, 0xFF, 0xFC, 0xFF, 0xF9, 0xFF, 0xFB, 0xFF, 0xF5, 0xFF,
        0xF2, 0xFF, 0xF8, 0xFF, 0xEF, 0xFF, 0xEC, 0xFF, 0xEC, 0xFF, 0xEB, 0xFF, 0xF5, 0xFF, 0xB1, 0xFF,
        0xEB, 0xFF, 0xF6, 0xFF, 0xF6, 0xFF, 0xEC, 0xFF, 0x97, 0x00, 0x00, 0xFF, 0xFF, 0xFF, 0xFE, 0xFF,
        0xFE, 0xFF, 0xFA, 0xFF, 0xF7, 0xFF, 0xFB, 0xFF, 0xFB, 0xFF, 0xF5, 0xFF, 0xFA, 0xFF, 0xF4, 0xFF,
        0xF5, 0xFF, 0xFB, 0xFF, 0xFB, 0xFF, 0xF7, 0xFF, 0xFA, 0xFF, 0xFE, 0xFF, 0xFE, 0xFF, 0xFF, 0x00,
        0x00, 0xFF, 0xF4, 0xFF, 0xFB, 0xFF, 0xFA, 0xFF, 0xF7, 0xFF, 0xF8, 0xFF, 0xFA, 0xFF, 0xFE, 0xFF,
        0xFE, 0x00, 0x00, 0x00, 0x00, 0x00, 0x04, 0x00, 0x06, 0x00, 0x03, 0x00, 0x09, 0x00, 0x05, 0x00,
        0x0B, 0x00, 0x0C, 0x01, 0x37, 0x00, 0x62, 0x00, 0x03, 0x00, 0x02, 0x00, 0x01, 0x00, 0x00, 0xFF,
        0xFF, 0xFF, 0xFD, 0xFF, 0xFC, 0xFF, 0xFB, 0xFF, 0xFB, 0xFF, 0xF7, 0xFF, 0xF6, 0xFF, 0xF5, 0xFE,
        0x8F, 0xFF, 0xF5, 0xFF, 0xF5, 0xFF, 0xFB, 0xFF, 0xF7, 0xFF, 0xF9, 0xFF, 0xFC, 0xFF, 0xFF, 0x00,
        0x00, 0x00, 0x01, 0x00, 0x03, 0x00, 0x03, 0x00, 0x08, 0x00, 0x04, 0x00, 0x0A, 0x00, 0x05, 0x00,
        0x06, 0x00, 0x0C, 0x01, 0x7C, 0x00, 0x15, 0x00, 0x15, 0x00, 0x0A, 0x00, 0x13, 0x00, 0x11, 0x00,
        0x07, 0x00, 0x0E, 0x00, 0x0A, 0x00, 0x08, 0x00, 0x05, 0x00, 0x01, 0x00, 0x00, 0xFF, 0xFD, 0xFF,
        0xFE, 0xFF, 0xFC, 0xFF, 0xF7, 0xFF, 0xBE, 0x00, 0xF6, 0x00, 0x0B, 0x00, 0x06, 0x00, 0x05, 0x00,
        0x0A, 0x00, 0x08, 0x00, 0x03, 0x00, 0x03, 0x00, 0x03, 0x00, 0x01, 0xFF, 0xFF, 0xFF, 0xFD, 0xFF,
        0xFD, 0xFF, 0xFD, 0xFF, 0xF8, 0xFF, 0xF6, 0xFF, 0xFB, 0xFF, 0xFA, 0xFF, 0xF5, 0x00, 0x00, 0x00,
        0x00, 0x02, 0x00, 0xA1, 0xFF, 0xCE, 0x02, 0x2F, 0x03, 0x02, 0x00, 0x3F, 0x00, 0x62, 0x00, 0x00,
        0x01, 0x01, 0x01, 0x01, 0x01, 0x01, 0x01, 0x01, 0x01, 0x01, 0x01, 0x01, 0x01, 0x01, 0x01, 0x01,
        0x01, 0x01, 0x01, 0x01, 0x01, 0x01, 0x01, 0x01, 0x01, 0x01, 0x01, 0x01, 0x01, 0x01, 0x01, 0x01,
        0x01, 0x01, 0x01, 0x01, 0x01, 0x01, 0x01, 0x01, 0x01, 0x01, 0x01, 0x01, 0x01, 0x01, 0x01, 0x01,
        0x01, 0x01, 0x01, 0x01, 0x01, 0x01, 0x01, 0x01, 0x01, 0x01, 0x01, 0x01, 0x01, 0x01, 0x01, 0x01,
        0x01, 0x01, 0x01, 0x01, 0x01, 0x01, 0x01, 0x01, 0x01, 0x01, 0x01, 0x01, 0x01, 0x01, 0x01, 0x01,
        0x01, 0x01, 0x01, 0x01, 0x01, 0x01, 0x01, 0x01, 0x01, 0x01, 0x01, 0x01, 0x01, 0x01, 0x01, 0x01,
        0x01, 0x01, 0x01, 0x00, 0xA1, 0x00, 0x02, 0x00, 0x02, 0x00, 0x06, 0x00, 0x04, 0x00, 0x09, 0x00,
        0x05, 0x00, 0x0B, 0x00, 0x0C, 0x01, 0x2E, 0x00, 0x06, 0x00, 0x0B, 0x00, 0x0A, 0x00, 0x04, 0x00,
        0x07, 0x00, 0x03, 0x00, 0x03, 0x00, 0x01, 0xFF, 0xFF, 0xFF, 0xFF, 0xFF, 0xFB, 0xFF, 0xFD, 0xFF,
        0xF8, 0xFF, 0xFB, 0xFF, 0xF6, 0xFF, 0xF4, 0xFF, 0xFA, 0xFF, 0x9E, 0x00, 0x00, 0xFF, 0xFF, 0xFF,
        0xFC, 0xFF, 0xFA, 0xFF, 0xFD, 0xFF, 0xF7, 0xFF, 0xF6, 0xFF, 0xF5, 0xFF, 0xFA, 0xFF, 0x66, 0xFF,
        0xF4, 0xFF, 0xF6, 0xFF, 0xFB, 0xFF, 0xF8, 0xFF, 0xFA, 0xFF, 0xFD, 0xFF, 0xFF, 0x00, 0x01, 0x00,
        0x01, 0x00, 0x05, 0x00, 0x07, 0x00, 0x04, 0x00, 0x0A, 0x00, 0x0B, 0x00, 0x0C, 0x00, 0x62, 0x00,
        0x00, 0xFF, 0x9E, 0xFF, 0xFA, 0xFF, 0xF4, 0xFF, 0xF6, 0xFF, 0xFB, 0xFF, 0xF8, 0xFF, 0xFA, 0xFF,
        0xFE, 0xFF, 0xFE, 0x00, 0x63, 0x00, 0x01, 0x00, 0x01, 0x00, 0x05, 0x00, 0x07, 0x00, 0x09, 0x00,
        0x05, 0x00, 0x0B, 0x00, 0x0B, 0x00, 0x32, 0x00, 0x0C, 0x00, 0x0B, 0x00, 0x09, 0x00, 0x09, 0x00,
        0x05, 0x00, 0x02, 0x00, 0x02, 0x00, 0x00, 0x00, 0x00, 0xFF, 0xFC, 0xFF, 0xFE, 0xFF, 0xF9, 0xFF,
        0xF7, 0xFF, 0xF5, 0xFF, 0xF5, 0xFF, 0xFA, 0xFF, 0xC8, 0xFF, 0xFB, 0xFF, 0xF5, 0xFF, 0xFB, 0xFF,
        0xF7, 0xFF, 0xF9, 0xFF, 0xFB, 0xFF, 0xFF, 0xFF, 0xFF, 0xFF, 0xFD, 0xFF, 0xF5, 0xFF, 0xFA, 0xFF,
        0xF6, 0xFF, 0xFB, 0xFF, 0xF9, 0xFF, 0xFD, 0xFF, 0xFC, 0xFF, 0xFF, 0x00, 0x00, 0x00, 0x01, 0x00,
        0x04, 0x00, 0x06, 0x00, 0x04, 0x00, 0x0A, 0x00, 0x05, 0x00, 0x0B, 0x00, 0x06, 0x00, 0x0C, 0x00,
        0x05, 0x00, 0x0B, 0x00, 0x05, 0x00, 0x09, 0x00, 0x03, 0x00, 0x05, 0x00, 0x03, 0x00, 0x00, 0x00,
        0x00, 0x01, 0xA5, 0x00, 0x05, 0x00, 0x0B, 0x00, 0x0A, 0x00, 0x04, 0x00, 0x07, 0x00, 0x05, 0x00,
        0x02, 0x00, 0x01, 0xFF, 0xFF, 0xFF, 0xFD, 0xFF, 0xFB, 0xFF, 0xFD, 0xFF, 0xF7, 0xFF, 0xF6, 0xFF,
        0xF5, 0xFF, 0xFA, 0xFF, 0xF4, 0xFF, 0xFB, 0xFF, 0xF5, 0xFF, 0xF7, 0xFF, 0xFC, 0xFF, 0xF9, 0xFF,
        0xFC, 0xFF, 0xFF, 0x00, 0x00, 0xFE, 0x93, 0x00, 0x00, 0x00, 0x00, 0xFF, 0xFD, 0xFF, 0xFB, 0xFF,
        0xFD, 0xFF, 0xF7, 0xFF, 0xF6, 0xFF, 0xFA, 0xFF, 0xF5, 0x02, 0xA2, 0xFF, 0xF7, 0xFF, 0xFA, 0xFF,
        0xF6, 0xFF, 0xF6, 0xFF, 0xF9, 0xFF, 0xFD, 0xFF, 0xFC, 0xFF, 0xFE, 0x00, 0x00, 0x00, 0x02, 0x00,
        0x04, 0x00, 0x06, 0x00, 0x09, 0x00, 0x0A, 0x00, 0x05, 0x00, 0x0C, 0x00, 0x2A, 0x00, 0x0C, 0x00,
        0x0B, 0x00, 0x06, 0x00, 0x09, 0x00, 0x07, 0x00, 0x06, 0x00, 0x02, 0x00, 0x01, 0xFF, 0xFF, 0xFF,
        0xFF, 0xFF, 0xFC, 0xFF, 0xFD, 0xFF, 0xF9, 0xFF, 0xF7, 0xFF, 0xF5, 0xFF, 0xFA, 0xFF, 0xF7, 0x00,
        0x00, 0x02, 0x00, 0x70, 0xFE, 0xFA, 0x01, 0xFE, 0x03, 0x02, 0x00, 0x56, 0x00, 0x79, 0x00, 0x00,
        0x01, 0x01, 0x01, 0x01, 0x01, 0x01, 0x01, 0x01, 0x01, 0x01, 0x01, 0x01, 0x01, 0x01, 0x01, 0x01,
        0x01, 0x01, 0x01, 0x01, 0x01, 0x01, 0x01, 0x01, 0x01, 0x01, 0x01, 0x01, 0x01, 0x01, 0x01, 0x01,
        0x01, 0x01, 0x01, 0x01, 0x01, 0x01, 0x01, 0x01, 0x01, 0x01, 0x01, 0x01, 0x01, 0x01, 0x01, 0x01,
        0x01, 0x01, 0x01, 0x01, 0x01, 0x01, 0x01, 0x01, 0x01, 0x01, 0x01, 0x01, 0x01, 0x01, 0x01, 0x01,
        0x01, 0x01, 0x01, 0x01, 0x01, 0x01, 0x01, 0x01, 0x01, 0x01, 0x01, 0x01, 0x01, 0x01, 0x01, 0x01,
        0x01, 0x01, 0x01, 0x01, 0x01, 0x01, 0x01, 0x01, 0x01, 0x01, 0x01, 0x01, 0x01, 0x01, 0x01, 0x01,
        0x01, 0x01, 0x01, 0x01, 0x01, 0x01, 0x01, 0x01, 0x01, 0x01, 0x01, 0x01, 0x01, 0x01, 0x01, 0x01,
        0x01, 0x01, 0x01, 0x01, 0x01, 0x01, 0x01, 0x01, 0x01, 0x01, 0x00, 0x70, 0x00, 0x00, 0x00, 0x05,
        0x00, 0x08, 0x00, 0x0C, 0x00, 0x0E, 0x00, 0x08, 0x00, 0x08, 0x00, 0x13, 0x00, 0x15, 0x00, 0x0A,
        0x00, 0x16, 0x00, 0x16, 0x00, 0x64, 0x00, 0x15, 0x00, 0x0B, 0x00, 0x16, 0x00, 0x0A, 0x00, 0x13,
        0x00, 0x12, 0x00, 0x0F, 0x00, 0x0D, 0x00, 0x05, 0x00, 0x08, 0x00, 0x05, 0x00, 0x01, 0x00, 0x01,
        0xFF, 0xFE, 0xFF, 0xFC, 0xFF, 0xFC, 0xFF, 0xFA, 0xFF, 0xF9, 0xFF, 0xF8, 0xFF, 0xF5, 0xFF, 0xF7,
        0xFF, 0x3A, 0xFF, 0xF5, 0xFF, 0xFA, 0xFF, 0xF6, 0xFF, 0xF7, 0xFF, 0xF9, 0xFF, 0xFD, 0xFF, 0xFD,
        0xFF, 0xFF, 0x00, 0x01, 0x00, 0x01, 0x00, 0x05, 0x00, 0x03, 0x00, 0x04, 0x00, 0x09, 0x00, 0x0A,
        0x00, 0x06, 0x00, 0x0B, 0x00, 0x94, 0x00, 0x00, 0xFF, 0xFF, 0xFF, 0xFE, 0xFF, 0xFC, 0xFF, 0xFA,
        0xFF, 0xF8, 0xFF, 0xF6, 0xFF, 0xF5, 0xFF, 0xF8, 0xFF, 0x9F, 0xFF, 0xF4, 0xFF, 0xF9, 0xFF, 0xF9,
        0xFF, 0xF7, 0xFF, 0xFB, 0xFF, 0xFC, 0xFF, 0xFD, 0xFF, 0xFB, 0xFF, 0xFE, 0xFF, 0xFD, 0xFF, 0xF9,
        0xFF, 0xF7, 0xFF, 0xFB, 0xFF, 0xFB, 0xFF, 0xF4, 0xFF, 0xFB, 0xFF, 0xF4, 0xFF, 0xF5, 0xFF, 0xF6,
        0xFF, 0xF8, 0xFF, 0xFD, 0xFF, 0xFC, 0xFF, 0xFE, 0x00, 0xF7, 0x00, 0x01, 0x00, 0x01, 0x00, 0x05,
        0x00, 0x07, 0x00, 0x09, 0x00, 0x05, 0x00, 0x0B, 0x00, 0x0C, 0x00, 0x31, 0x00, 0x0C, 0x00, 0x0B,
        0x00, 0x0A, 0x00, 0x08, 0x00, 0x06, 0x00, 0x02, 0x00, 0x02, 0x00, 0x00, 0xFF, 0xFF, 0xFF, 0xFD,
        0xFF, 0xFD, 0xFF, 0xF9, 0xFF, 0xF7, 0xFF, 0xF6, 0xFF, 0xF4, 0xFF, 0xFA, 0xFF, 0xC9, 0xFF, 0xFA,
        0xFF, 0xF5, 0xFF, 0xFB, 0xFF, 0xF7, 0xFF, 0xF9, 0xFF, 0xFB, 0xFF, 0xFF, 0xFF, 0xFF, 0xFF, 0x84,
        0xFF, 0xF4, 0xFF, 0xEC, 0xFF, 0xEB, 0xFF, 0xEC, 0xFF, 0xEF, 0xFF, 0xF8, 0xFF, 0xF8, 0xFF, 0xF4,
        0xFF, 0xF6, 0xFF, 0xFC, 0xFF, 0xFB, 0xFF, 0xFF, 0x00, 0x00, 0x00, 0x02, 0x00, 0x02, 0x00, 0x06,
        0x00, 0x05, 0x00, 0x0B, 0x00, 0x0E, 0x00, 0x10, 0x00, 0x13, 0x00, 0x0A, 0x00, 0x15, 0x00, 0x15,
        0x00, 0x0B, 0x02, 0x50, 0x00, 0x09, 0x00, 0x0B, 0x00, 0x07, 0x00, 0x07, 0x00, 0x05, 0x00, 0x04,
        0x00, 0x04, 0x00, 0x01, 0x00, 0x00, 0xFF, 0xFE, 0xFF, 0xFE, 0xFF, 0xFB, 0xFF, 0xF9, 0xFF, 0xF6,
        0xFF, 0xFB, 0xFF, 0xF5, 0xFF, 0xFA, 0xFF, 0xF4, 0xFF, 0xFB, 0xFF, 0xF5, 0xFF, 0xFB, 0xFF, 0xFC,
        0xFF, 0xF8, 0xFF, 0xFB, 0xFF, 0xFE, 0xFF, 0xFF, 0x00, 0x00, 0xFD, 0xF2, 0xFF, 0xF4, 0xFF, 0xF9,
        0xFF, 0xF9, 0xFF, 0xF7, 0xFF, 0xF9, 0xFF, 0xFB, 0xFF, 0xFD, 0x00, 0x00, 0x00, 0x00, 0x00, 0x01,
        0x00, 0x02, 0x00, 0x03, 0x00, 0x07, 0x00, 0x05, 0x00, 0x06, 0x00, 0x07, 0x00, 0x12, 0x00, 0x06,
        0x00, 0x05, 0x00, 0x09, 0x00, 0x08, 0x00, 0x03, 0x00, 0x02, 0x00, 0x02, 0x00, 0x01, 0xFF, 0xFE,
        0xFF, 0xFC, 0xFF, 0xFA, 0xFF, 0xF7, 0xFF, 0xFB, 0xFF, 0xF5, 0xFF, 0xFB, 0x03, 0x1B, 0xFF, 0xF7,
        0xFF, 0xFA, 0xFF, 0xF6, 0xFF, 0xF6, 0xFF, 0xF9, 0xFF, 0xFD, 0xFF, 0xFC, 0xFF, 0xFE, 0x00, 0x00,
        0x00, 0x02, 0x00, 0x04, 0x00, 0x06, 0x00, 0x09, 0x00, 0x0A, 0x00, 0x05, 0x00, 0x0C, 0x00, 0x2A,
        0x00, 0x0C, 0x00, 0x0B, 0x00, 0x06, 0x00, 0x09, 0x00, 0x07, 0x00, 0x06, 0x00, 0x02, 0x00, 0x01,
        0xFF, 0xFF, 0xFF, 0xFF, 0xFF, 0xFC, 0xFF, 0xFD, 0xFF, 0xF9, 0xFF, 0xF7, 0xFF, 0xF5, 0xFF, 0xFA,
        0xFF, 0xF7, 0x00, 0x00, 0x00, 0x01, 0x00, 0x70, 0xFF, 0xCE, 0x02, 0x60, 0x02, 0xD7, 0x00, 0x47,
        0x00, 0x00, 0x01, 0x01, 0x01, 0x01, 0x01, 0x01, 0x01, 0x01, 0x01, 0x01, 0x01, 0x01, 0x01, 0x01,
        0x01, 0x01, 0x01, 0x01, 0x01, 0x01, 0x01, 0x01, 0x01, 0x01, 0x01, 0x01, 0x01, 0x01, 0x01, 0x01,
        0x01, 0x01, 0x01, 0x01, 0x01, 0x01, 0x01, 0x01, 0x01, 0x01, 0x01, 0x01, 0x01, 0x01, 0x01, 0x01,
        0x01, 0x01, 0x01, 0x01, 0x01, 0x01, 0x01, 0x01, 0x01, 0x01, 0x01, 0x01, 0x01, 0x01, 0x01, 0x01,
        0x01, 0x01, 0x01, 0x01, 0x01, 0x01, 0x01, 0x01, 0x01, 0x01, 0x00, 0x70, 0x00, 0x01, 0x00, 0x04,
        0x00, 0x03, 0x00, 0x07, 0x00, 0x05, 0x00, 0x0A, 0x00, 0x0B, 0x00, 0x06, 0x00, 0x0C, 0x00, 0x0B,
        0x00, 0x05, 0x00, 0x0A, 0x00, 0x04, 0x00, 0x06, 0x00, 0x04, 0x00, 0x01, 0x00, 0x00, 0x00, 0x31,
        0x01, 0x08, 0x00, 0x0A, 0x00, 0x0B, 0x00, 0x0B, 0x00, 0x06, 0x00, 0x0C, 0x00, 0x0A, 0x00, 0x05,
        0x00, 0x08, 0x00, 0x06, 0x00, 0x04, 0x00, 0x00, 0xFF, 0xFE, 0xFF, 0xFC, 0xFF, 0xF9, 0xFF, 0xFC,
        0xFF, 0x04, 0x00, 0xCE, 0x00, 0x04, 0x00, 0x06, 0x00, 0x02, 0x00, 0x02, 0x00, 0x00, 0xFF, 0xFD,
        0xFF, 0xFE, 0xFF, 0xFA, 0xFF, 0xFD, 0xFF, 0xF7, 0xFF, 0xFB, 0xFF, 0xF5, 0xFF, 0xF4, 0xFF, 0xF4,
        0xFF, 0xF5, 0xFF, 0xFB, 0xFE, 0xF4, 0x00, 0x00, 0xFF, 0xFF, 0xFF, 0xFC, 0xFF, 0xFD, 0xFF, 0xF9,
        0xFF, 0xFB, 0xFF, 0xF6, 0xFF, 0xFA, 0xFF, 0xF5, 0xFF, 0xFA, 0xFF, 0xF5, 0xFF, 0xFA, 0xFF, 0xF6,
        0xFF, 0xF7, 0xFF, 0xFA, 0xFF, 0xFE, 0xFF, 0xFE, 0xFF, 0xFF, 0x00, 0x00, 0xFF, 0xF4, 0xFF, 0xF5,
        0xFF, 0xFB, 0xFF, 0xF7, 0xFF, 0xFD, 0xFF, 0xFA, 0xFF, 0xFC, 0x00, 0x00, 0x00, 0x00, 0x00, 0x04,
        0x00, 0x02, 0x00, 0x07, 0x00, 0x05, 0x00, 0x09, 0x00, 0x0B, 0x00, 0x06, 0x00, 0x98, 0x00, 0x2A,
        0xFF, 0x1E, 0xFF, 0xF9, 0xFF, 0xFC, 0xFF, 0xFF, 0x00, 0x00, 0x00, 0x02, 0x00, 0x06, 0x00, 0x03,
        0x00, 0x08, 0x00, 0x0B, 0x00, 0x0B, 0x00, 0x0B, 0x00, 0x0C, 0x00, 0x0B, 0x00, 0x09, 0x00, 0x04,
        0x00, 0xD8, 0x00, 0xB1, 0x00, 0x04, 0x00, 0x0B, 0x00, 0x05, 0x00, 0x0C, 0x00, 0x06, 0x00, 0x0B,
        0x00, 0x05, 0x00, 0x0B, 0x00, 0x04, 0x00, 0x07, 0x00, 0x03, 0x00, 0x04, 0x00, 0x02, 0xFF, 0xFE,
        0xFF, 0xFC, 0xFF, 0xFD, 0xFF, 0x1C, 0x01, 0x8E, 0x00, 0x0B, 0x00, 0x0B, 0x00, 0x05, 0x00, 0x09,
        0x00, 0x04, 0x00, 0x06, 0x00, 0x02, 0x00, 0x02, 0x00, 0x00, 0xFF, 0xFE, 0xFF, 0xFE, 0xFF, 0xFA,
        0xFF, 0xF8, 0xFF, 0xF6, 0xFF, 0xFB, 0xFF, 0xFA, 0xFF, 0xF5, 0x00, 0x00, 0x00, 0x01, 0x00, 0xA1,
        0xFF, 0xCE, 0x02, 0x2F, 0x02, 0xD7, 0x00, 0x40, 0x00, 0x00, 0x01, 0x01, 0x01, 0x01, 0x01, 0x01,
        0x01, 0x01, 0x01, 0x01, 0x01, 0x01, 0x01, 0x01, 0x01, 0x01, 0x01, 0x01, 0x01, 0x01, 0x01, 0x01,
        0x01, 0x01, 0x01, 0x01, 0x01, 0x01, 0x01, 0x01, 0x01, 0x01, 0x01, 0x01, 0x01, 0x01, 0x01, 0x01,
        0x01, 0x01, 0x01, 0x01, 0x01, 0x01, 0x01, 0x01, 0x01, 0x01, 0x01, 0x01, 0x01, 0x01, 0x01, 0x01,
        0x01, 0x01, 0x01, 0x01, 0x01, 0x01, 0x01, 0x01, 0x01, 0x01, 0x01, 0x00, 0xA1, 0x00, 0x02, 0x00,
        0x02, 0x00, 0x06, 0x00, 0x04, 0x00, 0x09, 0x00, 0x05, 0x00, 0x0B, 0x00, 0x0C, 0x01, 0x2E, 0x00,
        0x06, 0x00, 0x0B, 0x00, 0x0A, 0x00, 0x04, 0x00, 0x07, 0x00, 0x03, 0x00, 0x03, 0x00, 0x01, 0xFF,
        0xFF, 0xFF, 0xFF, 0xFF, 0xFB, 0xFF, 0xFD, 0xFF, 0xF8, 0xFF, 0xFB, 0xFF, 0xF6, 0xFF, 0xF4, 0xFF,
        0xFA, 0xFF, 0x9E, 0x00, 0x00, 0xFF, 0xFF, 0xFF, 0xFC, 0xFF, 0xFA, 0xFF, 0xFD, 0xFF, 0xF7, 0xFF,
        0xF6, 0xFF, 0xF5, 0xFF, 0xFA, 0xFF, 0x6C, 0xFF, 0xF4, 0xFF, 0xFA, 0xFF, 0xF6, 0xFF, 0xF7, 0xFF,
        0xF9, 0xFF, 0xFB, 0xFF, 0xFF, 0xFF, 0xFF, 0x00, 0x01, 0x00, 0x03, 0x00, 0x03, 0x00, 0x07, 0x00,
        0x04, 0x00, 0x0A, 0x00, 0x0B, 0x00, 0x0C, 0x00, 0x62, 0x00, 0x00, 0xFF, 0x9E, 0xFF, 0xFA, 0xFF,
        0xF4, 0xFF, 0xF6, 0xFF, 0xFB, 0xFF, 0xF8, 0xFF, 0xFA, 0xFF, 0xFE, 0xFF, 0xFE, 0xFF, 0xFD, 0xFF,
        0xF5, 0xFF, 0xFA, 0xFF, 0xF6, 0xFF, 0xFB, 0xFF, 0xF9, 0xFF, 0xFD, 0xFF, 0xFC, 0xFF, 0xFF, 0x00,
        0x00, 0x00, 0x01, 0x00, 0x04, 0x00, 0x06, 0x00, 0x04, 0x00, 0x0A, 0x00, 0x05, 0x00, 0x0B, 0x00,
        0x06, 0x00, 0x0C, 0x00, 0x05, 0x00, 0x0B, 0x00, 0x05, 0x00, 0x09, 0x00, 0x03, 0x00, 0x05, 0x00,
        0x03, 0x00, 0x00, 0x00, 0x00, 0x02, 0x78, 0x00, 0x06, 0x00, 0x0B, 0x00, 0x09, 0x00, 0x04, 0x00,
        0x07, 0x00, 0x05, 0x00, 0x03, 0x00, 0x00, 0x00, 0x00, 0xFF, 0xFF, 0xFF, 0xFE, 0xFF, 0xFB, 0xFF,
        0xF8, 0xFF, 0xF7, 0xFF, 0xF5, 0xFF, 0xFB, 0xFF, 0xF4, 0xFF, 0xFA, 0xFF, 0xF5, 0xFF, 0xFB, 0xFF,
        0xF6, 0xFF, 0xFC, 0xFF, 0xFA, 0xFF, 0xFC, 0xFF, 0xFE, 0x00, 0x00, 0xFD, 0xC0, 0x00, 0x00, 0x00,
        0x00, 0xFF, 0xFD, 0xFF, 0xFB, 0xFF, 0xFD, 0xFF, 0xF7, 0xFF, 0xF6, 0xFF, 0xFA, 0xFF, 0xF5, 0x00,
        0x00, 0x01, 0x00, 0x65, 0xFF, 0xCE, 0x02, 0x6B, 0x02, 0x09, 0x00, 0x82, 0x00, 0x00, 0x01, 0x01,
        0x01, 0x01, 0x01, 0x01, 0x01, 0x01, 0x01, 0x01, 0x01, 0x01, 0x01, 0x01, 0x01, 0x01, 0x01, 0x01,
        0x01, 0x01, 0x01, 0x01, 0x01, 0x01, 0x01, 0x01, 0x01, 0x01, 0x01, 0x01, 0x01, 0x01, 0x01, 0x01,
        0x01, 0x01, 0x01, 0x01, 0x01, 0x01, 0x01, 0x01, 0x01, 0x01, 0x01, 0x01, 0x01, 0x01, 0x01, 0x01,
        0x01, 0x01, 0x01, 0x01, 0x01, 0x01, 0x01, 0x01, 0x01, 0x01, 0x01, 0x01, 0x01, 0x01, 0x01, 0x01,
        0x01, 0x01, 0x01, 0x01, 0x01, 0x01, 0x01, 0x01, 0x01, 0x01, 0x01, 0x01, 0x01, 0x01, 0x01, 0x01,
        0x01, 0x01, 0x01, 0x01, 0x01, 0x01, 0x01, 0x01, 0x01, 0x01, 0x01, 0x01, 0x01, 0x01, 0x01, 0x01,
        0x01, 0x01, 0x01, 0x01, 0x01, 0x01, 0x01, 0x01, 0x01, 0x01, 0x01, 0x01, 0x01, 0x01, 0x01, 0x01,
        0x01, 0x01, 0x01, 0x01, 0x01, 0x01, 0x01, 0x01, 0x01, 0x01, 0x01, 0x01, 0x01, 0x01, 0x01, 0x01,
        0x01, 0x00, 0x65, 0x00, 0x01, 0x00, 0x02, 0x00, 0x05, 0x00, 0x04, 0x00, 0x04, 0x00, 0x09, 0x00,
        0x05, 0x00, 0x0B, 0x00, 0x06, 0x00, 0x0C, 0x00, 0x0B, 0x00, 0x0A, 0x00, 0x05, 0x00, 0x07, 0x00,
        0x03, 0x00, 0x04, 0x00, 0x02, 0x00, 0x00, 0x00, 0x4A, 0x00, 0x07, 0x00, 0x05, 0x00, 0x04, 0x00,
        0x05, 0x00, 0x06, 0x00, 0x05, 0x00, 0x01, 0x00, 0x01, 0x00, 0x01, 0x00, 0x02, 0x00, 0x02, 0x00,
        0x06, 0x00, 0x09, 0x00, 0x0A, 0x00, 0x0B, 0x00, 0x06, 0x00, 0x0C, 0x00, 0x0B, 0x00, 0x0A, 0x00,
        0x09, 0x00, 0x03, 0x00, 0x05, 0x00, 0x02, 0x00, 0x01, 0x00, 0x00, 0x00, 0x3D, 0x00, 0x05, 0x00,
        0x07, 0x00, 0x05, 0x00, 0x03, 0x00, 0x06, 0x00, 0x03, 0x00, 0x02, 0x00, 0x02, 0x00, 0x0E, 0x00,
        0x02, 0x00, 0x02, 0x00, 0x06, 0x00, 0x07, 0x00, 0x05, 0x00, 0x05, 0x00, 0x0B, 0x00, 0x06, 0x00,
        0x0B, 0x00, 0x0C, 0x00, 0x05, 0x00, 0x0A, 0x00, 0x09, 0x00, 0x03, 0x00, 0x05, 0x00, 0x01, 0x00,
        0x01, 0xFF, 0xF1, 0xFF, 0xFF, 0xFF, 0xFD, 0xFF, 0xFC, 0xFF, 0xFC, 0xFF, 0xFB, 0xFF, 0xFA, 0xFF,
        0xF9, 0xFF, 0xF9, 0xFF, 0xF8, 0xFF, 0xF7, 0xFF, 0xF7, 0xFF, 0xF7, 0xFF, 0xF6, 0xFF, 0xF6, 0xFF,
        0xF5, 0xFF, 0xF6, 0xFF, 0xF5, 0xFF, 0xF6, 0xFF, 0xF6, 0xFF, 0xF5, 0xFF, 0xF7, 0xFF, 0xF6, 0xFF,
        0xF7, 0xFF, 0xF7, 0xFF, 0xE6, 0xFF, 0xF5, 0xFF, 0xF9, 0xFF, 0xF7, 0xFF, 0xF7, 0xFF, 0xF7, 0xFF,
        0xF6, 0xFF, 0xF6, 0xFF, 0xF6, 0xFF, 0xF5, 0xFF, 0xF6, 0xFF, 0xF5, 0xFF, 0xF6, 0xFF, 0xF5, 0xFF,
        0xF6, 0xFF, 0xF6, 0xFF, 0xF7, 0xFF, 0xF7, 0xFF, 0xEA, 0xFF, 0xFB, 0xFF, 0xFD, 0xFF, 0xF7, 0xFF,
        0xFB, 0xFF, 0xF6, 0xFF, 0xF4, 0xFF, 0xFA, 0xFF, 0xF5, 0xFF, 0xFA, 0xFF, 0xF6, 0xFF, 0xF8, 0xFF,
        0xFC, 0xFF, 0xFB, 0xFF, 0xFE, 0xFF, 0xFF, 0x00, 0x00, 0xFF, 0xF4, 0xFF, 0xFB, 0xFF, 0xF5, 0xFF,
        0xFC, 0xFF, 0xFB, 0xFF, 0xF9, 0xFF, 0xFE, 0xFF, 0xFC, 0x00, 0x00, 0x00, 0x00, 0x00, 0x04, 0x00,
        0x06, 0x00, 0x03, 0x00, 0x09, 0x00, 0x05, 0x00, 0x0B, 0x00, 0x0C, 0x01, 0x65, 0x00, 0x3B, 0x00,
        0x03, 0x00, 0x01, 0xFF, 0xFF, 0xFF, 0xFF, 0xFF, 0xFB, 0xFF, 0xFA, 0xFF, 0xF9, 0xFE, 0x70, 0xFF,
        0xF4, 0xFF, 0xFB, 0xFF, 0xFA, 0xFF, 0xF7, 0xFF, 0xF8, 0xFF, 0xFA, 0xFF, 0xFC, 0x00, 0x00, 0x00,
        0x00, 0x00, 0x04, 0x00, 0x06, 0x00, 0x08, 0x00, 0x04, 0x00, 0x0B, 0x00, 0x05, 0x00, 0x0C, 0x01,
        0x67, 0x00, 0x37, 0x00, 0x03, 0x00, 0x02, 0x00, 0x00, 0xFF, 0xFF, 0xFF, 0xFD, 0xFF, 0xFD, 0xFF,
        0xFD, 0xFF, 0xF9, 0xFE, 0x6C, 0xFF, 0xF5, 0xFF, 0xFA, 0xFF, 0xF6, 0xFF, 0xF7, 0xFF, 0xFD, 0xFF,
        0xFC, 0xFF, 0xFC, 0xFF, 0xFF, 0x00, 0x00, 0x00, 0x02, 0x00, 0x02, 0x00, 0x07, 0x00, 0x08, 0x00,
        0x05, 0x00, 0x0A, 0x00, 0x06, 0x00, 0x0C, 0x01, 0x9D, 0x00, 0x0A, 0x00, 0x0A, 0x00, 0x0A, 0x00,
        0x0A, 0x00, 0x09, 0x00, 0x09, 0x00, 0x08, 0x00, 0x07, 0x00, 0x07, 0x00, 0x06, 0x00, 0x05, 0x00,
        0x05, 0x00, 0x04, 0x00, 0x02, 0x00, 0x02, 0x00, 0x01, 0x00, 0x00, 0xFF, 0xFF, 0xFF, 0xFF, 0xFF,
        0xFD, 0xFF, 0xFC, 0xFF, 0xFC, 0xFF, 0xFB, 0xFF, 0xFA, 0xFF, 0xE8, 0x00, 0x0C, 0x00, 0x07, 0x00,
        0x07, 0x00, 0x06, 0x00, 0x05, 0x00, 0x04, 0x00, 0x03, 0x00, 0x03, 0x00, 0x01, 0x00, 0x01, 0xFF,
        0xFF, 0xFF, 0xFF, 0xFF, 0xFE, 0xFF, 0xFD, 0xFF, 0xFC, 0xFF, 0xFC, 0xFF, 0xFA, 0xFF, 0xEF, 0x00,
        0x0A, 0x00, 0x05, 0x00, 0x08, 0x00, 0x03, 0x00, 0x04, 0x00, 0x02, 0x00, 0x00, 0xFF, 0xFE, 0xFF,
        0xFE, 0xFF, 0xFB, 0xFF, 0xF8, 0xFF, 0xFB, 0xFF, 0xF5, 0xFF, 0xFB, 0xFF, 0xF4, 0x00, 0x00, 0x00,
        0x00, 0x01, 0x00, 0x70, 0xFF, 0xCE, 0x02, 0x60, 0x02, 0x04, 0x00, 0x54, 0x00, 0x00, 0x01, 0x01,
        0x01, 0x01, 0x01, 0x01, 0x01, 0x01, 0x01, 0x01, 0x01, 0x01, 0x01, 0x01, 0x01, 0x01, 0x01, 0x01,
        0x01, 0x01, 0x01, 0x01, 0x01, 0x01, 0x01, 0x01, 0x01, 0x01, 0x01, 0x01, 0x01, 0x01, 0x01, 0x01,
        0x01, 0x01, 0x01, 0x01, 0x01, 0x01, 0x01, 0x01, 0x01, 0x01, 0x01, 0x01, 0x01, 0x01, 0x01, 0x01,
        0x01, 0x01, 0x01, 0x01, 0x01, 0x01, 0x01, 0x01, 0x01, 0x01, 0x01, 0x01, 0x01, 0x01, 0x01, 0x01,
        0x01, 0x01, 0x01, 0x01, 0x01, 0x01, 0x01, 0x01, 0x01, 0x01, 0x01, 0x01, 0x01, 0x01, 0x01, 0x01,
        0x01, 0x01, 0x01, 0x00, 0x70, 0x00, 0x01, 0x00, 0x02, 0x00, 0x02, 0x00, 0x06, 0x00, 0x09, 0x00,
        0x0A, 0x00, 0x06, 0x00, 0x05, 0x00, 0x0C, 0x00, 0x06, 0x00, 0x0B, 0x00, 0x0A, 0x00, 0x05, 0x00,
        0x07, 0x00, 0x03, 0x00, 0x04, 0x00, 0x01, 0x00, 0x00, 0x00, 0x9A, 0x00, 0x06, 0x00, 0x07, 0x00,
        0x0B, 0x00, 0x3B, 0x00, 0x07, 0x00, 0x07, 0x00, 0x0A, 0x00, 0x05, 0x00, 0x05, 0x00, 0x06, 0x00,
        0x04, 0x00, 0x02, 0x00, 0x0D, 0x00, 0x01, 0x00, 0x05, 0x00, 0x03, 0x00, 0x08, 0x00, 0x09, 0x00,
        0x0B, 0x00, 0x06, 0x00, 0x0C, 0x00, 0x05, 0x00, 0x0C, 0x00, 0x05, 0x00, 0x09, 0x00, 0x04, 0x00,
        0x06, 0x00, 0x02, 0x00, 0x01, 0x00, 0x01, 0xFF, 0xF3, 0xFF, 0xFC, 0xFF, 0xFD, 0xFF, 0xF7, 0xFF,
        0xF5, 0xFF, 0xF2, 0xFF, 0xF8, 0xFF, 0xEF, 0xFF, 0xF6, 0xFF, 0xEC, 0xFF, 0xEB, 0xFF, 0xF6, 0xFF,
        0xEB, 0xFF, 0xC5, 0xFF, 0xEC, 0xFF, 0xF5, 0xFF, 0xEC, 0xFF, 0xEC, 0xFF, 0x97, 0x00, 0x00, 0xFF,
        0xFD, 0xFF, 0xFB, 0xFF, 0xF9, 0xFF, 0xFB, 0xFF, 0xF6, 0xFF, 0xF5, 0xFF, 0xF4, 0xFF, 0xF5, 0xFF,
        0xFA, 0xFF, 0xF6, 0xFF, 0xF7, 0xFF, 0xFA, 0xFF, 0xFE, 0xFF, 0xFE, 0xFF, 0xFF, 0x00, 0x00, 0xFF,
        0xF4, 0xFF, 0xFB, 0xFF, 0xFA, 0xFF, 0xF7, 0xFF, 0xF8, 0xFF, 0xFA, 0xFF, 0xFE, 0xFF, 0xFE, 0x00,
        0x00, 0x00, 0x00, 0x00, 0x04, 0x00, 0x06, 0x00, 0x03, 0x00, 0x09, 0x00, 0x05, 0x00, 0x0B, 0x00,
        0x0C, 0x01, 0x37, 0x00, 0x62, 0x00, 0x03, 0x00, 0x02, 0x00, 0x01, 0x00, 0x00, 0xFF, 0xFF, 0xFF,
        0xFD, 0xFF, 0xFC, 0xFF, 0xFB, 0xFF, 0xFB, 0xFF, 0xF7, 0xFF, 0xF6, 0xFF, 0xF5, 0xFE, 0x8F, 0xFF,
        0xF5, 0xFF, 0xF5, 0xFF, 0xFB, 0xFF, 0xF7, 0xFF, 0xF9, 0xFF, 0xFC, 0xFF, 0xFF, 0x00, 0x00, 0x00,
        0x01, 0x00, 0x03, 0x00, 0x03, 0x00, 0x08, 0x00, 0x04, 0x00, 0x0A, 0x00, 0x05, 0x00, 0x06, 0x00,
        0x0C, 0x01, 0x7C, 0x00, 0x15, 0x00, 0x0B, 0x00, 0x14, 0x00, 0x13, 0x00, 0x11, 0x00, 0x07, 0x00,
        0x0E, 0x00, 0x05, 0x00, 0x0A, 0x00, 0x06, 0x00, 0x02, 0x00, 0x02, 0x00, 0x00, 0xFF, 0xFE, 0xFF,
        0xFE, 0xFF, 0xFA, 0xFF, 0xF7, 0xFF, 0xBE, 0x00, 0x28, 0x00, 0x0B, 0x00, 0x0B, 0x00, 0x09, 0x00,
        0x04, 0x00, 0x05, 0x00, 0x04, 0x00, 0x00, 0xFF, 0xFE, 0xFF, 0xFE, 0xFF, 0xFB, 0xFF, 0xF8, 0xFF,
        0xF6, 0xFF, 0xFA, 0xFF, 0xFB, 0xFF, 0xF4, 0x00, 0x00, 0x02, 0x00, 0x70, 0xFF, 0xCE, 0x02, 0x60,
        0x02, 0x04, 0x00, 0x2D, 0x00, 0x65, 0x00, 0x00, 0x01, 0x01, 0x01, 0x01, 0x01, 0x01, 0x01, 0x01,
        0x01, 0x01, 0x01, 0x01, 0x01, 0x01, 0x01, 0x01, 0x01, 0x01, 0x01, 0x01, 0x01, 0x01, 0x01, 0x01,
        0x01, 0x01, 0x01, 0x01, 0x01, 0x01, 0x01, 0x01, 0x01, 0x01, 0x01, 0x01, 0x01, 0x01, 0x01, 0x01,
        0x01, 0x01, 0x01, 0x01, 0x01, 0x01, 0x01, 0x01, 0x01, 0x01, 0x01, 0x01, 0x01, 0x01, 0x01, 0x01,
        0x01, 0x01, 0x01, 0x01, 0x01, 0x01, 0x01, 0x01, 0x01, 0x01, 0x01, 0x01, 0x01, 0x01, 0x01, 0x01,
        0x01, 0x01, 0x01, 0x01, 0x01, 0x01, 0x01, 0x01, 0x01, 0x01, 0x01, 0x01, 0x01, 0x01, 0x01, 0x01,
        0x01, 0x01, 0x01, 0x01, 0x01, 0x01, 0x01, 0x01, 0x01, 0x01, 0x01, 0x01, 0x01, 0x01, 0x01, 0x68,
        0x00, 0x42, 0x00, 0x07, 0x00, 0x0A, 0x00, 0x06, 0x00, 0x06, 0x00, 0x23, 0x00, 0x05, 0x00, 0x05,
        0x00, 0x03, 0x00, 0x03, 0x00, 0x01, 0x00, 0x01, 0x00, 0x00, 0xFF, 0xFF, 0xFF, 0xFF, 0xFF, 0xFD,
        0xFF, 0xFD, 0xFF, 0xF9, 0xFF, 0xD7, 0xFF, 0xF7, 0xFF, 0xF9, 0xFF, 0xF9, 0xFF, 0xF9, 0xFF, 0x85,
        0xFF, 0xF8, 0xFF, 0xF9, 0xFF, 0xFA, 0xFF, 0xF7, 0xFF, 0xD9, 0xFF, 0xF8, 0xFF, 0xFD, 0xFF, 0xFD,
        0xFF, 0xFD, 0xFF, 0xFF, 0x00, 0x00, 0x00, 0x01, 0x00, 0x01, 0x00, 0x05, 0x00, 0x03, 0x00, 0x05,
        0x00, 0x2A, 0x00, 0x09, 0x00, 0x06, 0x00, 0x07, 0x00, 0x08, 0xFF, 0xFE, 0xFF, 0xEC, 0xFF, 0xF5,
        0xFF, 0xEC, 0xFF, 0xED, 0xFF, 0xEE, 0xFF, 0xD3, 0xFF, 0xF1, 0xFF, 0xF3, 0xFF, 0xF5, 0xFF, 0xF9,
        0xFF, 0xFB, 0xFF, 0xFF, 0x00, 0x00, 0x00, 0x01, 0x00, 0x02, 0x00, 0x03, 0x00, 0x07, 0x00, 0x0B,
        0x00, 0x0D, 0x00, 0x07, 0x00, 0x2D, 0x00, 0x11, 0x00, 0x09, 0x00, 0x13, 0x00, 0x0A, 0x00, 0x15,
        0x00, 0x14, 0x00, 0x88, 0x00, 0x15, 0x00, 0x15, 0x00, 0x09, 0x00, 0x13, 0x00, 0x09, 0x00, 0x2D,
        0x00, 0x0F, 0x00, 0x0C, 0x00, 0x0B, 0x00, 0x04, 0x00, 0x06, 0x00, 0x02, 0x00, 0x01, 0x00, 0x00,
        0xFF, 0xFF, 0xFF, 0xFE, 0xFF, 0xFA, 0xFF, 0xFC, 0xFF, 0xF5, 0xFF, 0xF3, 0xFF, 0xF2, 0xFF, 0xD3,
        0xFF, 0xEE, 0xFF, 0xED, 0xFF, 0xEB, 0xFF, 0xF6, 0xFF, 0xEC, 0x01, 0x9F, 0x00, 0x00, 0xFF, 0xFF,
        0xFF, 0xFC, 0xFF, 0xFD, 0xFF, 0xFB, 0xFF, 0xE3, 0xFF, 0xFA, 0xFF, 0xFB, 0xFF, 0xFA, 0xFF, 0xF9,
        0xFF, 0xF9, 0xFF, 0xF8, 0xFF, 0x35, 0xFF, 0xF9, 0xFF, 0xF9, 0xFF, 0xF9, 0xFF, 0xFA, 0xFF, 0xF8,
        0xFF, 0xDC, 0xFF, 0xFB, 0xFF, 0xFD, 0xFF, 0xFF, 0xFF, 0xFF, 0x00, 0x00, 0x00, 0x01, 0x00, 0x01,
        0x00, 0x03, 0x00, 0x05, 0x00, 0x21, 0x00, 0x08, 0x00, 0x06, 0x00, 0x07, 0x00, 0x0A, 0x00, 0x08,
        0x00, 0xCA, 0x00, 0x08, 0x00, 0x07, 0x00, 0x0A, 0x00, 0x05, 0x00, 0x06, 0x00, 0x23, 0x00, 0x05,
        0x00, 0x03, 0x00, 0x01, 0x00, 0x01, 0x00, 0x65, 0xFF, 0xFE, 0xFF, 0xFE, 0xFF, 0xFA, 0xFF, 0xF8,
        0xFF, 0xF5, 0xFF, 0xD9, 0xFF, 0xF2, 0xFF, 0xEF, 0xFF, 0xED, 0xFF, 0xEC, 0xFF, 0xEA, 0xFF, 0xF6,
        0xFF, 0x28, 0xFF, 0xEB, 0xFF, 0xF6, 0xFF, 0xF5, 0xFF, 0xEC, 0xFF, 0xED, 0xFF, 0xEF, 0xFF, 0xF8,
        0xFF, 0xD9, 0xFF, 0xF4, 0xFF, 0xFB, 0xFF, 0xF7, 0xFF, 0xFD, 0xFF, 0xFB, 0xFF, 0xFF, 0x00, 0x00,
        0x00, 0x03, 0x00, 0x06, 0x00, 0x04, 0x00, 0x0A, 0x00, 0x06, 0x00, 0x27, 0x00, 0x0E, 0x00, 0x11,
        0x00, 0x13, 0x00, 0x0A, 0x00, 0x15, 0x00, 0x0A, 0x00, 0x15, 0x00, 0xCE, 0x00, 0x15, 0x00, 0x0A,
        0x00, 0x15, 0x00, 0x0A, 0x00, 0x13, 0x00, 0x11, 0x00, 0x0E, 0x00, 0x26, 0x00, 0x0C, 0x00, 0x08,
        0x00, 0x06, 0x00, 0x02, 0x00, 0x02, 0x00, 0x00, 0x00, 0x02, 0x00, 0x70, 0xFE, 0xFA, 0x02, 0x60,
        0x02, 0x19, 0x00, 0x4D, 0x00, 0x70, 0x00, 0x00, 0x01, 0x01, 0x01, 0x01, 0x01, 0x01, 0x01, 0x01,
        0x01, 0x01, 0x01, 0x01, 0x01, 0x01, 0x01, 0x01, 0x01, 0x01, 0x01, 0x01, 0x01, 0x01, 0x01, 0x01,
        0x01, 0x01, 0x01, 0x01, 0x01, 0x01, 0x01, 0x01, 0x01, 0x01, 0x01, 0x01, 0x01, 0x01, 0x01, 0x01,
        0x01, 0x01, 0x01, 0x01, 0x01, 0x01, 0x01, 0x01, 0x01, 0x01, 0x01, 0x01, 0x01, 0x01, 0x01, 0x01,
        0x01, 0x01, 0x01, 0x01, 0x01, 0x01, 0x01, 0x01, 0x01, 0x01, 0x01, 0x01, 0x01, 0x01, 0x01, 0x01,
        0x01, 0x01, 0x01, 0x01, 0x01, 0x01, 0x01, 0x01, 0x01, 0x01, 0x01, 0x01, 0x01, 0x01, 0x01, 0x01,
        0x01, 0x01, 0x01, 0x01, 0x01, 0x01, 0x01, 0x01, 0x01, 0x01, 0x01, 0x01, 0x01, 0x01, 0x01, 0x01,
        0x01, 0x01, 0x01, 0x01, 0x01, 0x01, 0x01, 0x01, 0x01, 0x00, 0x70, 0x00, 0x01, 0x00, 0x02, 0x00,
        0x02, 0x00, 0x06, 0x00, 0x04, 0x00, 0x0A, 0x00, 0x0B, 0x00, 0x05, 0x00, 0x06, 0x00, 0x0C, 0x00,
        0x0B, 0x00, 0x0A, 0x00, 0x05, 0x00, 0x04, 0x00, 0x06, 0x00, 0x04, 0x00, 0x01, 0x00, 0x00, 0x00,
        0x22, 0x00, 0x10, 0x00, 0x09, 0x00, 0x12, 0x00, 0x14, 0x00, 0x0B, 0x00, 0x15, 0x00, 0x21, 0x00,
        0x14, 0x00, 0x0A, 0x00, 0x15, 0x00, 0x13, 0x00, 0x12, 0x00, 0x5F, 0x00, 0x0F, 0x00, 0x06, 0x00,
        0x0C, 0x00, 0x09, 0x00, 0x06, 0x00, 0x02, 0x00, 0x01, 0x00, 0x00, 0xFF, 0xFF, 0xFF, 0xFB, 0xFF,
        0xF9, 0xFF, 0xFB, 0xFF, 0xF4, 0xFF, 0xF2, 0xFF, 0xA2, 0xFF, 0xEF, 0xFF, 0xEE, 0xFF, 0xF6, 0xFF,
        0xF6, 0xFF, 0xEB, 0xFF, 0xEC, 0xFF, 0xE9, 0xFF, 0xEB, 0xFF, 0xF6, 0xFF, 0xEB, 0xFF, 0xF6, 0xFF,
        0xEE, 0xFF, 0xEE, 0xFF, 0xD7, 0x00, 0x00, 0xFF, 0xFD, 0xFF, 0xFB, 0xFF, 0xF9, 0xFF, 0xFB, 0xFF,
        0xF6, 0xFF, 0xF5, 0xFF, 0xF4, 0xFF, 0xF5, 0xFF, 0xFA, 0xFF, 0xF6, 0xFF, 0xF7, 0xFF, 0xFA, 0xFF,
        0xFE, 0xFF, 0xFE, 0xFF, 0xFF, 0x00, 0x64, 0x00, 0x00, 0x00, 0x68, 0x00, 0x06, 0x00, 0x06, 0x00,
        0x06, 0x00, 0x07, 0x00, 0x07, 0x00, 0x1C, 0x00, 0x07, 0x00, 0x0A, 0x00, 0x06, 0x00, 0x06, 0x00,
        0x58, 0x00, 0x05, 0x00, 0x05, 0x00, 0x03, 0x00, 0x01, 0x00, 0x01, 0xFF, 0xFE, 0xFF, 0xFE, 0xFF,
        0xFE, 0xFF, 0xFA, 0xFF, 0xFA, 0xFF, 0xAB, 0xFF, 0xFA, 0xFF, 0xFA, 0xFF, 0xFA, 0xFF, 0xF5, 0xFF,
        0xE8, 0xFF, 0xF8, 0xFF, 0xF6, 0xFF, 0xFA, 0xFF, 0xFA, 0xFF, 0xFA, 0xFF, 0x2C, 0xFF, 0xF5, 0xFF,
        0xFA, 0xFF, 0xFB, 0xFF, 0xF6, 0xFF, 0xFC, 0xFF, 0xF9, 0xFF, 0xFB, 0xFF, 0xFF, 0xFF, 0xFF, 0x00,
        0x01, 0x00, 0x03, 0x00, 0x06, 0x00, 0x04, 0x00, 0x04, 0x00, 0x0A, 0x00, 0x0B, 0x00, 0x0B, 0x00,
        0xD9, 0xFF, 0xDE, 0xFF, 0xF3, 0xFF, 0xFA, 0xFF, 0xF6, 0xFF, 0xF8, 0xFF, 0xFE, 0xFF, 0xFD, 0xFF,
        0xFF, 0x00, 0x02, 0x00, 0x02, 0x00, 0x06, 0x00, 0x09, 0x00, 0x0B, 0x00, 0x51, 0x00, 0x0F, 0x00,
        0x08, 0x00, 0x12, 0x00, 0x14, 0x00, 0x14, 0x00, 0x0B, 0x00, 0x14, 0x00, 0xAD, 0x00, 0x0A, 0x00,
        0x15, 0x00, 0x14, 0x00, 0x0A, 0x00, 0x12, 0x00, 0x10, 0x00, 0x52, 0x00, 0x0C, 0x00, 0x0A, 0x00,
        0x04, 0x00, 0x04, 0x00, 0x04, 0x00, 0x02, 0x00, 0x00, 0xFF, 0xFE, 0xFF, 0xFE, 0xFF, 0xFA, 0xFF,
        0xFC, 0xFF, 0xF6, 0xFF, 0xF3, 0xFF, 0xD8, 0x00, 0x20, 0x00, 0x0C, 0x00, 0x0A, 0x00, 0x09, 0x00,
        0x04, 0x00, 0x06, 0x00, 0x03, 0x00, 0x01, 0xFF, 0xFE, 0xFF, 0xFE, 0xFF, 0xFA, 0xFF, 0xF8, 0xFF,
        0xF6, 0xFF, 0xFB, 0xFF, 0xFA, 0xFF, 0xF4, 0xFE, 0xAE, 0x00, 0xA9, 0x00, 0x68, 0x00, 0x05, 0x00,
        0x04, 0x00, 0x03, 0x00, 0x02, 0x00, 0x01, 0x00, 0x00, 0xFF, 0xFF, 0xFF, 0xFD, 0xFF, 0xFC, 0xFF,
        0xFB, 0xFF, 0xB5, 0xFF, 0xFA, 0xFF, 0xF7, 0xFF, 0xFA, 0xFF, 0xF6, 0xFF, 0x5C, 0xFF, 0xF5, 0xFF,
        0xF9, 0xFF, 0xFA, 0xFF, 0xF7, 0xFF, 0xFA, 0xFF, 0xB8, 0xFF, 0xFB, 0xFF, 0xFD, 0xFF, 0xFD, 0xFF,
        0xFE, 0x00, 0x00, 0x00, 0x01, 0x00, 0x02, 0x00, 0x03, 0x00, 0x04, 0x00, 0x05, 0x00, 0x00, 0x00,
        0x00, 0x02, 0x00, 0x70, 0xFE, 0xFA, 0x02, 0x60, 0x02, 0x04, 0x00, 0x4E, 0x00, 0x71, 0x00, 0x00,
        0x01, 0x01, 0x01, 0x01, 0x01, 0x01, 0x01, 0x01, 0x01, 0x01, 0x01, 0x01, 0x01, 0x01, 0x01, 0x01,
        0x01, 0x01, 0x01, 0x01, 0x01, 0x01, 0x01, 0x01, 0x01, 0x01, 0x01, 0x01, 0x01, 0x01, 0x01, 0x01,
        0x01, 0x01, 0x01, 0x01, 0x01, 0x01, 0x01, 0x01, 0x01, 0x01, 0x01, 0x01, 0x01, 0x01, 0x01, 0x01,
        0x01, 0x01, 0x01, 0x01, 0x01, 0x01, 0x01, 0x01, 0x01, 0x01, 0x01, 0x01, 0x01, 0x01, 0x01, 0x01,
        0x01, 0x01, 0x01, 0x01, 0x01, 0x01, 0x01, 0x01, 0x01, 0x01, 0x01, 0x01, 0x01, 0x01, 0x01, 0x01,
        0x01, 0x01, 0x01, 0x01, 0x01, 0x01, 0x01, 0x01, 0x01, 0x01, 0x01, 0x01, 0x01, 0x01, 0x01, 0x01,
        0x01, 0x01, 0x01, 0x01, 0x01, 0x01, 0x01, 0x01, 0x01, 0x01, 0x01, 0x01, 0x01, 0x01, 0x01, 0x01,
        0x01, 0x01, 0x00, 0x70, 0x00, 0x01, 0x00, 0x02, 0x00, 0x06, 0x00, 0x04, 0x00, 0x0B, 0x00, 0x0D,
        0x00, 0x0E, 0x00, 0x2E, 0x00, 0x12, 0x00, 0x13, 0x00, 0x0A, 0x00, 0x15, 0x00, 0x14, 0x00, 0x4D,
        0x00, 0x14, 0x00, 0x0B, 0x00, 0x14, 0x00, 0x0A, 0x00, 0x12, 0x00, 0x11, 0x00, 0x26, 0x00, 0x00,
        0x00, 0x01, 0x00, 0x04, 0x00, 0x03, 0x00, 0x07, 0x00, 0x0A, 0x00, 0x05, 0x00, 0x0B, 0x00, 0x06,
        0x00, 0x0C, 0x00, 0x05, 0x00, 0x0B, 0x00, 0x0A, 0x00, 0x04, 0x00, 0x03, 0x00, 0x05, 0x00, 0x02,
        0x00, 0x01, 0x00, 0x00, 0xFF, 0xFF, 0xFF, 0xFE, 0xFF, 0xFB, 0xFF, 0xFD, 0xFF, 0xFC, 0xFF, 0xF6,
        0xFF, 0xFB, 0xFF, 0xF5, 0xFF, 0xFA, 0xFF, 0xF4, 0xFF, 0xF5, 0xFF, 0xFB, 0xFF, 0xF6, 0xFF, 0xFC,
        0xFF, 0xFD, 0xFF, 0xFB, 0xFF, 0xFD, 0x00, 0x00, 0xFF, 0xDA, 0xFF, 0xEF, 0xFF, 0xEE, 0xFF, 0xF6,
        0xFF, 0xEC, 0xFF, 0xF5, 0xFF, 0xEC, 0xFF, 0xA9, 0xFF, 0xEB, 0xFF, 0xEC, 0xFF, 0xED, 0xFF, 0xEE,
        0xFF, 0xD3, 0xFF, 0xF1, 0xFF, 0xF9, 0xFF, 0xF4, 0xFF, 0xF7, 0xFF, 0xFA, 0xFF, 0xFE, 0xFF, 0xFF,
        0x00, 0x64, 0x00, 0x00, 0x00, 0x02, 0x00, 0x03, 0x00, 0x03, 0x00, 0x05, 0x00, 0x05, 0x00, 0x23,
        0x00, 0x07, 0x00, 0x06, 0x00, 0x06, 0x00, 0x0A, 0x00, 0x4E, 0x00, 0x08, 0x00, 0x0A, 0x00, 0x09,
        0x00, 0x06, 0x00, 0x67, 0x00, 0x00, 0xFF, 0x99, 0xFF, 0xFA, 0xFF, 0xF7, 0xFF, 0xF9, 0xFF, 0xF9,
        0xFF, 0xB3, 0xFF, 0xF8, 0xFF, 0xF6, 0xFF, 0xF7, 0xFF, 0xFA, 0xFF, 0xDC, 0xFF, 0xFB, 0xFF, 0xFA,
        0xFF, 0xFD, 0xFF, 0xFE, 0xFF, 0xFF, 0x00, 0x82, 0xFF, 0xEB, 0xFF, 0xF6, 0xFF, 0xEB, 0xFF, 0xF6,
        0xFF, 0xED, 0xFF, 0xEF, 0xFF, 0xF1, 0xFF, 0xDA, 0xFF, 0xF5, 0xFF, 0xF7, 0xFF, 0xFD, 0xFF, 0xFB,
        0xFF, 0xFF, 0x00, 0x00, 0x00, 0x01, 0x00, 0x02, 0x00, 0x06, 0x00, 0x04, 0x00, 0x0A, 0x00, 0x0C,
        0x00, 0x20, 0xFF, 0x1B, 0xFF, 0xF5, 0xFF, 0xF5, 0xFF, 0xFB, 0xFF, 0xF7, 0xFF, 0xF9, 0xFF, 0xFD,
        0xFF, 0xFD, 0xFF, 0xFF, 0x00, 0x01, 0x00, 0x01, 0x00, 0x05, 0x00, 0x07, 0x00, 0x04, 0x00, 0x05,
        0x00, 0x0A, 0x00, 0x06, 0x00, 0x0B, 0x02, 0xA5, 0x00, 0x0C, 0x00, 0x05, 0x00, 0x0B, 0x00, 0x05,
        0x00, 0x04, 0x00, 0x07, 0x00, 0x02, 0x00, 0x04, 0x00, 0x00, 0x00, 0x00, 0xFF, 0xFC, 0xFF, 0xFE,
        0xFF, 0xF9, 0xFF, 0xFC, 0xFF, 0xFB, 0xFF, 0xF5, 0xFF, 0xF5, 0xFF, 0xE9, 0x00, 0x20, 0x00, 0x0C,
        0x00, 0x0A, 0x00, 0x04, 0x00, 0x06, 0x00, 0x02, 0x00, 0x02, 0xFF, 0xFF, 0xFF, 0xFD, 0xFF, 0xFA,
        0xFF, 0xF8, 0xFF, 0xF5, 0xFF, 0xDA, 0xFF, 0xF1, 0xFF, 0xF8, 0xFF, 0xED, 0xFF, 0xED, 0xFF, 0xEB,
        0xFF, 0xF5, 0xFF, 0xEC, 0xFF, 0x34, 0x00, 0xCA, 0x00, 0x0B, 0x00, 0x0A, 0x00, 0x07, 0x00, 0x05,
        0x00, 0x06, 0x00, 0x1E, 0x00, 0x04, 0x00, 0x03, 0x00, 0x03, 0x00, 0x02, 0x00, 0x00, 0xFF, 0xFF,
        0xFF, 0xFE, 0xFF, 0xFB, 0xFF, 0xFB, 0xFF, 0xA9, 0xFF, 0x5B, 0xFF, 0xA9, 0xFF, 0xFB, 0xFF, 0xFB,
        0xFF, 0xFF, 0xFF, 0xFF, 0xFF, 0xFF, 0x00, 0x01, 0x00, 0x02, 0x00, 0x05, 0x00, 0x05, 0x00, 0x1E,
        0x00, 0x05, 0x00, 0x09, 0x00, 0x07, 0x00, 0x06, 0x00, 0x07, 0x00, 0x00, 0x00, 0x01, 0x00, 0x70,
        0xFF, 0xCE, 0x02, 0x60, 0x02, 0x04, 0x00, 0x53, 0x00, 0x00, 0x01, 0x01, 0x01, 0x01, 0x01, 0x01,
        0x01, 0x01, 0x01, 0x01, 0x01, 0x01, 0x01, 0x01, 0x01, 0x01, 0x01, 0x01, 0x01, 0x01, 0x01, 0x01,
        0x01, 0x01, 0x01, 0x01, 0x01, 0x01, 0x01, 0x01, 0x01, 0x01, 0x01, 0x01, 0x01, 0x01, 0x01, 0x01,
        0x01, 0x01, 0x01, 0x01, 0x01, 0x01, 0x01, 0x01, 0x01, 0x01, 0x01, 0x01, 0x01, 0x01, 0x01, 0x01,
        0x01, 0x01, 0x01, 0x01, 0x01, 0x01, 0x01, 0x01, 0x01, 0x01, 0x01, 0x01, 0x01, 0x01, 0x01, 0x01,
        0x01, 0x01, 0x01, 0x01, 0x01, 0x01, 0x01, 0x01, 0x01, 0x01, 0x01, 0x01, 0x01, 0x01, 0x00, 0x70,
        0x00, 0x01, 0x00, 0x02, 0x00, 0x02, 0x00, 0x06, 0x00, 0x09, 0x00, 0x0A, 0x00, 0x06, 0x00, 0x05,
        0x00, 0x0C, 0x00, 0x06, 0x00, 0x0B, 0x00, 0x0A, 0x00, 0x05, 0x00, 0x07, 0x00, 0x03, 0x00, 0x04,
        0x00, 0x01, 0x00, 0x00, 0x00, 0x98, 0x00, 0x06, 0x00, 0x0A, 0x00, 0x06, 0x00, 0x07, 0x00, 0x41,
        0x00, 0x08, 0x00, 0x07, 0x00, 0x07, 0x00, 0x06, 0x00, 0x06, 0x00, 0x05, 0x00, 0x06, 0x00, 0x02,
        0x00, 0x02, 0x00, 0x01, 0x00, 0x01, 0x00, 0x04, 0x00, 0x03, 0x00, 0x07, 0x00, 0x0A, 0x00, 0x0B,
        0x00, 0x0B, 0x00, 0x0C, 0x00, 0x0B, 0x00, 0x0A, 0x00, 0x09, 0x00, 0x06, 0x00, 0x04, 0x00, 0x01,
        0x00, 0x00, 0xFF, 0xFD, 0xFF, 0xF9, 0xFF, 0xFC, 0xFF, 0xF4, 0xFF, 0xF2, 0xFF, 0xF0, 0xFF, 0xF7,
        0xFF, 0xED, 0xFF, 0xF5, 0xFF, 0xEB, 0xFF, 0xF5, 0xFF, 0xEB, 0xFF, 0xB6, 0xFF, 0xEB, 0xFF, 0xEC,
        0xFF, 0xED, 0xFF, 0xEE, 0xFF, 0xA0, 0x00, 0x00, 0xFF, 0xFF, 0xFF, 0xFC, 0xFF, 0xFD, 0xFF, 0xF9,
        0xFF, 0xF6, 0xFF, 0xF5, 0xFF, 0xF5, 0xFF, 0xFA, 0xFF, 0xF5, 0xFF, 0xF5, 0xFF, 0xF6, 0xFF, 0xF9,
        0xFF, 0xFD, 0xFF, 0xFC, 0xFF, 0xFF, 0x00, 0x00, 0xFF, 0xF4, 0xFF, 0xFB, 0xFF, 0xFA, 0xFF, 0xF7,
        0xFF, 0xF8, 0xFF, 0xFA, 0xFF, 0xFE, 0xFF, 0xFE, 0x00, 0x00, 0x00, 0x00, 0x00, 0x04, 0x00, 0x06,
        0x00, 0x03, 0x00, 0x09, 0x00, 0x05, 0x00, 0x0B, 0x00, 0x0C, 0x01, 0x11, 0x00, 0x81, 0x00, 0x05,
        0x00, 0x05, 0x00, 0x02, 0x00, 0x01, 0x00, 0x00, 0xFF, 0xFF, 0xFF, 0xFF, 0xFF, 0xFD, 0xFF, 0xFC,
        0xFF, 0xFC, 0xFF, 0xFA, 0xFF, 0xF7, 0xFF, 0xF9, 0xFF, 0xF5, 0xFF, 0xDC, 0xFF, 0xFA, 0xFF, 0xF5,
        0xFF, 0xFB, 0xFF, 0xF7, 0xFF, 0xF9, 0xFF, 0xFB, 0xFF, 0xFE, 0x00, 0x01, 0x00, 0x03, 0x00, 0x06,
        0x00, 0x08, 0x00, 0x0A, 0x00, 0x0B, 0x00, 0x0B, 0x00, 0x27, 0x00, 0x16, 0x00, 0x15, 0x00, 0x0B,
        0x00, 0x13, 0x00, 0x12, 0x00, 0x0F, 0x00, 0x07, 0x00, 0x0B, 0x00, 0x04, 0x00, 0x07, 0x00, 0x02,
        0x00, 0x02, 0xFF, 0xFF, 0xFF, 0xFD, 0xFF, 0xFA, 0xFF, 0xF8, 0xFF, 0xF4, 0xFF, 0xAF, 0x00, 0x3C,
        0x00, 0x0C, 0x00, 0x0B, 0x00, 0x05, 0x00, 0x09, 0x00, 0x07, 0x00, 0x04, 0x00, 0x02, 0x00, 0x00,
        0xFF, 0xFE, 0xFF, 0xFC, 0xFF, 0xF9, 0xFF, 0xF7, 0xFF, 0xFB, 0xFF, 0xF5, 0xFF, 0xF4, 0x00, 0x00,
        0x00, 0x01, 0x00, 0x77, 0xFF, 0xCE, 0x02, 0x60, 0x02, 0x04, 0x00, 0x81, 0x00, 0x00, 0x01, 0x01,
        0x01, 0x01, 0x01, 0x01, 0x01, 0x01, 0x01, 0x01, 0x01, 0x01, 0x01, 0x01, 0x01, 0x01, 0x01, 0x01,
        0x01, 0x01, 0x01, 0x01, 0x01, 0x01, 0x01, 0x01, 0x01, 0x01, 0x01, 0x01, 0x01, 0x01, 0x01, 0x01,
        0x01, 0x01, 0x01, 0x01, 0x01, 0x01, 0x01, 0x01, 0x01, 0x01, 0x01, 0x01, 0x01, 0x01, 0x01, 0x01,
        0x01, 0x01, 0x01, 0x01, 0x01, 0x01, 0x01, 0x01, 0x01, 0x01, 0x01, 0x01, 0x01, 0x01, 0x01, 0x01,
        0x01, 0x01, 0x01, 0x01, 0x01, 0x01, 0x01, 0x01, 0x01, 0x01, 0x01, 0x01, 0x01, 0x01, 0x01, 0x01,
        0x01, 0x01, 0x01, 0x01, 0x01, 0x01, 0x01, 0x01, 0x01, 0x01, 0x01, 0x01, 0x01, 0x01, 0x01, 0x01,
        0x01, 0x01, 0x01, 0x01, 0x01, 0x01, 0x01, 0x01, 0x01, 0x01, 0x01, 0x01, 0x01, 0x01, 0x01, 0x01,
        0x01, 0x01, 0x01, 0x01, 0x01, 0x01, 0x01, 0x01, 0x01, 0x01, 0x01, 0x01, 0x01, 0x01, 0x01, 0x01,
        0x01, 0xFB, 0x00, 0x04, 0x00, 0x09, 0x00, 0x05, 0x00, 0x0B, 0x00, 0x0C, 0x00, 0x0C, 0x00, 0x05,
        0x00, 0x0B, 0x00, 0x04, 0x00, 0x04, 0x00, 0x07, 0x00, 0x05, 0x00, 0x02, 0xFF, 0xFF, 0xFF, 0xFE,
        0xFF, 0xFB, 0xFF, 0xF8, 0xFF, 0xF0, 0xFF, 0xEF, 0xFF, 0xF7, 0xFF, 0xEC, 0xFF, 0xEB, 0xFF, 0xF5,
        0xFF, 0xEB, 0xFF, 0x38, 0xFF, 0xEB, 0xFF, 0xEB, 0xFF, 0xF5, 0xFF, 0xEC, 0xFF, 0xEE, 0xFF, 0xEF,
        0xFF, 0xF2, 0xFF, 0xF5, 0xFF, 0xFC, 0xFF, 0xF9, 0xFF, 0xFC, 0x00, 0x00, 0x00, 0x03, 0x00, 0x04,
        0x00, 0x02, 0x00, 0x06, 0x00, 0x04, 0x00, 0x09, 0x00, 0x05, 0x01, 0x48, 0x00, 0x0A, 0x00, 0x05,
        0x00, 0x04, 0x00, 0x04, 0x00, 0x03, 0x00, 0x01, 0x00, 0x00, 0xFF, 0xFF, 0xFF, 0xFC, 0xFF, 0xFA,
        0xFF, 0xFB, 0xFF, 0xFA, 0xFF, 0xF5, 0xFF, 0xF6, 0xFF, 0xF7, 0xFF, 0x38, 0xFF, 0xF8, 0xFF, 0xF5,
        0xFF, 0xF7, 0xFF, 0xF8, 0xFF, 0xF6, 0xFF, 0xFC, 0xFF, 0xF6, 0xFF, 0xFB, 0xFF, 0xF4, 0xFF, 0xF5,
        0xFF, 0xFA, 0xFF, 0xF5, 0xFF, 0xF6, 0xFF, 0xF8, 0xFF, 0xFD, 0xFF, 0xFB, 0xFF, 0xFE, 0x00, 0x01,
        0x00, 0x02, 0x00, 0x04, 0x00, 0x09, 0x00, 0x0F, 0x00, 0x09, 0x00, 0x08, 0x00, 0x14, 0x00, 0x14,
        0x00, 0x0B, 0x00, 0x0B, 0x00, 0x15, 0x00, 0xCC, 0x00, 0x15, 0x00, 0x16, 0x00, 0x15, 0x00, 0x14,
        0x00, 0x09, 0x00, 0x10, 0x00, 0x0F, 0x00, 0x06, 0x00, 0x0A, 0x00, 0x04, 0x00, 0x05, 0x00, 0x02,
        0x00, 0x00, 0xFF, 0xFD, 0xFF, 0xFE, 0xFF, 0xF8, 0xFF, 0xF6, 0xFF, 0xF9, 0xFF, 0xF2, 0xFF, 0xEF,
        0xFF, 0xF7, 0xFF, 0xED, 0xFE, 0xBA, 0x00, 0x1D, 0xFF, 0xFE, 0x00, 0x00, 0x00, 0x02, 0x00, 0x04,
        0x00, 0x07, 0x00, 0x08, 0x00, 0x0A, 0x00, 0x0A, 0x00, 0x08, 0x00, 0xC9, 0x00, 0x0A, 0x00, 0x0A,
        0x00, 0x09, 0x00, 0x05, 0x01, 0x89, 0xFF, 0xFB, 0xFF, 0xF9, 0xFF, 0xFD, 0xFF, 0xFC, 0xFF, 0xFF,
        0x00, 0x01, 0x00, 0x02, 0x00, 0x06, 0x00, 0x03, 0x00, 0x04, 0x00, 0x0A, 0x00, 0x0B, 0x00, 0x0B,
        0x00, 0x06, 0x00, 0x0C, 0x00, 0x0A, 0x00, 0x0C, 0x00, 0x10, 0x00, 0x0E, 0x00, 0x05, 0x00, 0x0A,
        0x00, 0x06, 0x00, 0x02, 0x00, 0x02, 0x00, 0x00, 0xFF, 0xFE, 0xFF, 0xFB, 0xFF, 0xFC, 0xFF, 0xF7,
        0xFF, 0xF4, 0xFF, 0xF1, 0xFF, 0xEE, 0xFF, 0xED, 0xFF, 0xF6, 0xFF, 0xEB, 0xFF, 0xEA, 0xFF, 0xEA,
        0xFF, 0xEA, 0xFF, 0xF2, 0xFF, 0xFB, 0xFF, 0xF6, 0xFF, 0xFC, 0xFF, 0xF9, 0xFF, 0xFD, 0xFF, 0x6F,
        0xFF, 0xFA, 0xFF, 0xFB, 0xFF, 0xF9, 0xFF, 0xFA, 0xFF, 0xF9, 0xFF, 0xF8, 0xFF, 0xF9, 0xFF, 0xF4,
        0xFF, 0xF6, 0xFF, 0xF6, 0xFF, 0xFB, 0xFF, 0xFB, 0xFF, 0xFB, 0xFF, 0xFD, 0xFF, 0xFF, 0x00, 0x00,
        0x00, 0x01, 0x00, 0x03, 0x00, 0x05, 0x00, 0x07, 0x00, 0x0B, 0x00, 0x04, 0x00, 0x07, 0x00, 0x02,
        0x00, 0x03, 0x00, 0x00, 0xFF, 0xFE, 0xFF, 0xFC, 0xFF, 0xFA, 0xFF, 0xF7, 0xFF, 0xFB, 0xFF, 0xF6,
        0xFF, 0xF4, 0xFF, 0xFA, 0xFF, 0xF5, 0xFF, 0xF5, 0xFF, 0xF4, 0xFF, 0xF0, 0xFF, 0xF9, 0xFF, 0xF9,
        0xFF, 0xF5, 0xFF, 0xF8, 0xFF, 0xFD, 0xFF, 0xFE, 0xFF, 0xFF, 0x00, 0x00, 0x00, 0x01, 0x00, 0x05,
        0x00, 0x08, 0x00, 0x0B, 0x00, 0x07, 0x00, 0x0F, 0x00, 0x11, 0x00, 0x0A, 0x00, 0x14, 0x00, 0x0A,
        0x00, 0x16, 0x00, 0x16, 0x00, 0x0B, 0x00, 0x17, 0x00, 0x0B, 0x00, 0x15, 0x00, 0x13, 0x00, 0x0A,
        0x00, 0x11, 0x00, 0x0E, 0x00, 0x07, 0x00, 0x0A, 0x00, 0x90, 0xFF, 0xDD, 0x00, 0x09, 0x00, 0x0B,
        0x00, 0x0B, 0x00, 0x0A, 0x00, 0x08, 0x00, 0x07, 0x00, 0x05, 0x00, 0x03, 0x00, 0x01, 0x00, 0x00,
        0xFF, 0xFE, 0xFF, 0xFB, 0xFF, 0xFA, 0xFF, 0xFB, 0x00, 0x01, 0x00, 0x70, 0xFF, 0xCE, 0x02, 0x60,
        0x02, 0xAD, 0x00, 0x70, 0x00, 0x00, 0x01, 0x01, 0x01, 0x01, 0x01, 0x01, 0x01, 0x01, 0x01, 0x01,
        0x01, 0x01, 0x01, 0x01, 0x01, 0x01, 0x01, 0x01, 0x01, 0x01, 0x01, 0x01, 0x01, 0x01, 0x01, 0x01,
        0x01, 0x01, 0x01, 0x01, 0x01, 0x01, 0x01, 0x01, 0x01, 0x01, 0x01, 0x01, 0x01, 0x01, 0x01, 0x01,
        0x01, 0x01, 0x01, 0x01, 0x01, 0x01, 0x01, 0x01, 0x01, 0x01, 0x01, 0x01, 0x01, 0x01, 0x01, 0x01,
        0x01, 0x01, 0x01, 0x01, 0x01, 0x01, 0x01, 0x01, 0x01, 0x01, 0x01, 0x01, 0x01, 0x01, 0x01, 0x01,
        0x01, 0x01, 0x01, 0x01, 0x01, 0x01, 0x01, 0x01, 0x01, 0x01, 0x01, 0x01, 0x01, 0x01, 0x01, 0x01,
        0x01, 0x01, 0x01, 0x01, 0x01, 0x01, 0x01, 0x01, 0x01, 0x01, 0x01, 0x01, 0x01, 0x01, 0x01, 0x01,
        0x01, 0x01, 0x01, 0x01, 0x01, 0x01, 0x01, 0x00, 0x70, 0x00, 0x02, 0x00, 0x04, 0x00, 0x07, 0x00,
        0x09, 0x00, 0x05, 0x00, 0x06, 0x00, 0x0B, 0x00, 0x37, 0x00, 0x00, 0x00, 0x02, 0x00, 0x05, 0x00,
        0x08, 0x00, 0x05, 0x00, 0x0D, 0x00, 0x07, 0x00, 0x10, 0x00, 0x13, 0x00, 0x14, 0x00, 0x15, 0x00,
        0x17, 0x00, 0x79, 0x00, 0x16, 0x00, 0x0B, 0x00, 0x15, 0x00, 0x13, 0x00, 0x12, 0x00, 0x0F, 0x00,
        0x0D, 0x00, 0x09, 0x00, 0x07, 0x00, 0x02, 0x00, 0x00, 0xFF, 0xFE, 0xFF, 0xFE, 0xFF, 0xFB, 0xFF,
        0xF8, 0xFF, 0xFB, 0xFF, 0xF6, 0xFF, 0xF4, 0xFF, 0xFA, 0xFF, 0xF5, 0xFF, 0xFA, 0xFF, 0xFB, 0xFF,
        0xF6, 0xFF, 0xF8, 0xFF, 0xFA, 0xFF, 0xFE, 0xFF, 0xFB, 0xFF, 0xFD, 0xFF, 0xFC, 0xFF, 0xF8, 0xFF,
        0xFA, 0xFF, 0xFA, 0xFF, 0xF5, 0xFF, 0xF8, 0xFF, 0x9F, 0xFF, 0xF4, 0xFF, 0xF9, 0xFF, 0xF9, 0xFF,
        0xFA, 0xFF, 0xFB, 0xFF, 0xFB, 0xFF, 0xFD, 0xFF, 0xFD, 0xFF, 0xFE, 0x00, 0x00, 0x00, 0x00, 0x00,
        0xC4, 0x00, 0x0C, 0x00, 0x06, 0x00, 0x0A, 0x00, 0x09, 0x00, 0x04, 0x00, 0x06, 0x00, 0x03, 0x00,
        0x01, 0xFF, 0xFE, 0xFF, 0xFE, 0xFF, 0xFA, 0xFF, 0xF8, 0xFF, 0xFB, 0xFF, 0xF6, 0xFF, 0xFA, 0xFF,
        0xF4, 0xFF, 0x3C, 0x00, 0x00, 0xFF, 0xFE, 0xFF, 0xFF, 0xFF, 0xFA, 0xFF, 0xFD, 0xFF, 0xF7, 0xFF,
        0xFC, 0xFF, 0xF5, 0xFF, 0xFA, 0xFF, 0xF4, 0xFF, 0xF5, 0xFF, 0xF5, 0xFF, 0xFB, 0xFF, 0xF8, 0xFF,
        0xFC, 0xFF, 0xFD, 0xFF, 0xFC, 0xFF, 0xFF, 0x00, 0x00, 0xFF, 0xC9, 0xFF, 0xF5, 0xFF, 0xFA, 0xFF,
        0xFB, 0xFF, 0xF7, 0xFF, 0xF9, 0xFF, 0xFC, 0xFF, 0xFE, 0x01, 0xCE, 0xFF, 0xF5, 0xFF, 0xF5, 0xFF,
        0xF7, 0xFF, 0xF8, 0xFF, 0xFD, 0xFF, 0xFE, 0xFF, 0xFD, 0x00, 0x00, 0xFE, 0xC3, 0xFF, 0xEB, 0xFF,
        0xEA, 0xFF, 0xEB, 0xFF, 0xF6, 0xFF, 0xEE, 0xFF, 0xF7, 0xFF, 0xF1, 0xFF, 0xF4, 0xFF, 0xF6, 0xFF,
        0xF9, 0xFF, 0xFD, 0x00, 0x00, 0x00, 0x03, 0x00, 0x03, 0x00, 0x08, 0x00, 0x0C, 0x00, 0x0E, 0x00,
        0x10, 0x00, 0x13, 0x00, 0x14, 0x00, 0x16, 0x00, 0x0F, 0x00, 0x05, 0x00, 0x0C, 0x00, 0x06, 0x00,
        0x0A, 0x00, 0x08, 0x00, 0x04, 0x00, 0x05, 0x00, 0x03, 0x00, 0x00, 0xFF, 0xFF, 0xFF, 0xFE, 0xFF,
        0xFE, 0xFF, 0xFA, 0xFF, 0xF7, 0xFF, 0xF6, 0xFF, 0xFB, 0xFF, 0xEE, 0xFF, 0xF9, 0xFF, 0xFA, 0xFF,
        0xF8, 0xFF, 0xFC, 0xFF, 0xFD, 0xFF, 0xFD, 0xFF, 0xFF, 0x00, 0x00, 0x00, 0x02, 0x00, 0x02, 0x00,
        0x03, 0x00, 0x04, 0x00, 0x05, 0x00, 0x06, 0x00, 0x06, 0x00, 0x07, 0x00, 0x07, 0x00, 0x08, 0x01,
        0x3B, 0x00, 0x00, 0x00, 0x01, 0x00, 0x02, 0x00, 0x05, 0x00, 0x08, 0x00, 0x04, 0x00, 0x0A, 0x00,
        0x0B, 0x00, 0x0C, 0x00, 0x0C, 0x00, 0x05, 0x00, 0x0A, 0x00, 0x09, 0x00, 0x03, 0x00, 0x05, 0x00,
        0x02, 0x00, 0x02, 0x00, 0x00, 0x00, 0x76, 0x00, 0x0C, 0x00, 0x06, 0x00, 0x0A, 0x00, 0x05, 0x00,
        0x08, 0x00, 0x03, 0x00, 0x05, 0x00, 0x01, 0x00, 0x01, 0xFF, 0xFE, 0xFF, 0xFB, 0xFF, 0xFD, 0xFF,
        0xF8, 0xFF, 0xFB, 0xFF, 0xFB, 0xFF, 0xF5, 0xFF, 0xF4, 0xFF, 0x8A, 0xFF, 0xFF, 0xFF, 0xFD, 0xFF,
        0xFE, 0xFF, 0xFD, 0xFF, 0xF9, 0xFF, 0xF6, 0xFF, 0xF6, 0xFF, 0xF4, 0x00, 0x00, 0x01, 0x00, 0x70,
        0xFF, 0xCE, 0x02, 0x60, 0x02, 0x03, 0x00, 0x53, 0x00, 0x00, 0x01, 0x01, 0x01, 0x01, 0x01, 0x01,
        0x01, 0x01, 0x01, 0x01, 0x01, 0x01, 0x01, 0x01, 0x01, 0x01, 0x01, 0x01, 0x01, 0x01, 0x01, 0x01,
        0x01, 0x01, 0x01, 0x01, 0x01, 0x01, 0x01, 0x01, 0x01, 0x01, 0x01, 0x01, 0x01, 0x01, 0x01, 0x01,
        0x01, 0x01, 0x01, 0x01, 0x01, 0x01, 0x01, 0x01, 0x01, 0x01, 0x01, 0x01, 0x01, 0x01, 0x01, 0x01,
        0x01, 0x01, 0x01, 0x01, 0x01, 0x01, 0x01, 0x01, 0x01, 0x01, 0x01, 0x01, 0x01, 0x01, 0x01, 0x01,
        0x01, 0x01, 0x01, 0x01, 0x01, 0x01, 0x01, 0x01, 0x01, 0x01, 0x01, 0x01, 0x01, 0x01, 0x00, 0x70,
        0x00, 0x0D, 0x00, 0x04, 0x00, 0x07, 0x00, 0x05, 0x00, 0x0B, 0x00, 0x07, 0x00, 0x0F, 0x00, 0x11,
        0x00, 0x14, 0x00, 0x14, 0x00, 0x0B, 0x00, 0x0A, 0x00, 0x15, 0x00, 0x3B, 0x00, 0x14, 0x00, 0x15,
        0x00, 0x0A, 0x00, 0x14, 0x00, 0x69, 0x00, 0x00, 0x00, 0x03, 0x00, 0x05, 0x00, 0x07, 0x00, 0x0A,
        0x00, 0x05, 0x00, 0x0B, 0x00, 0x0C, 0x00, 0x06, 0x00, 0x0B, 0x00, 0x05, 0x00, 0x0A, 0x00, 0x07,
        0x00, 0x05, 0x00, 0x02, 0x00, 0x01, 0x00, 0x00, 0xFF, 0xFF, 0xFF, 0xFE, 0xFF, 0xFB, 0xFF, 0xF9,
        0xFF, 0xF6, 0xFF, 0xF5, 0xFF, 0xF5, 0xFF, 0xFA, 0xFF, 0xF5, 0xFF, 0xF5, 0xFF, 0xF6, 0xFF, 0xF9,
        0xFF, 0xFD, 0xFF, 0xFC, 0xFF, 0xFF, 0x00, 0x00, 0xFF, 0x6A, 0xFF, 0xF6, 0xFF, 0xF9, 0xFF, 0xF9,
        0xFF, 0xC5, 0xFF, 0xF8, 0xFF, 0xF9, 0xFF, 0xF6, 0xFF, 0xFA, 0xFF, 0xFB, 0xFF, 0xFB, 0xFF, 0xFD,
        0xFF, 0xFC, 0xFF, 0xFE, 0xFF, 0xF3, 0xFF, 0xFF, 0xFF, 0xFB, 0xFF, 0xF9, 0xFF, 0xF8, 0xFF, 0xFB,
        0xFF, 0xF5, 0xFF, 0xFA, 0xFF, 0xF4, 0xFF, 0xFB, 0xFF, 0xFA, 0xFF, 0xF5, 0xFF, 0xF7, 0xFF, 0xFC,
        0xFF, 0xFD, 0xFF, 0xFB, 0xFF, 0xFE, 0x01, 0xCF, 0xFE, 0x84, 0xFF, 0xEB, 0xFF, 0xEB, 0xFF, 0xF6,
        0xFF, 0xED, 0xFF, 0xF8, 0xFF, 0xF0, 0xFF, 0xF2, 0xFF, 0xF6, 0xFF, 0xF8, 0xFF, 0xFD, 0xFF, 0xFE,
        0xFF, 0xFF, 0x00, 0x00, 0x00, 0x01, 0x00, 0x05, 0x00, 0x03, 0x00, 0x09, 0x00, 0x43, 0xFF, 0xD7,
        0xFF, 0xF5, 0xFF, 0xF5, 0xFF, 0xF7, 0xFF, 0xF9, 0xFF, 0xFE, 0xFF, 0xFC, 0x00, 0x00, 0x00, 0x00,
        0x00, 0x04, 0x00, 0x02, 0x00, 0x07, 0x00, 0x09, 0x00, 0x0B, 0x00, 0x05, 0x00, 0x0C, 0x01, 0xD1,
        0x00, 0x0C, 0x00, 0x05, 0x00, 0x0B, 0x00, 0x09, 0x00, 0x07, 0x00, 0x04, 0x00, 0x02, 0x00, 0x00,
        0xFF, 0xFE, 0xFF, 0xFC, 0xFF, 0xF9, 0xFF, 0xF7, 0xFF, 0xFB, 0xFF, 0xF5, 0xFF, 0xF4, 0xFE, 0xC9,
        0xFF, 0xA1, 0xFF, 0xFB, 0xFF, 0xFE, 0xFF, 0xFF, 0xFF, 0xFF, 0x00, 0x01, 0x00, 0x02, 0x00, 0x04,
        0x00, 0x04, 0x00, 0x04, 0x00, 0x06, 0x00, 0x06, 0x00, 0x0A, 0x00, 0x0C, 0x01, 0x70, 0x00, 0x0B,
        0x00, 0x0B, 0x00, 0x0A, 0x00, 0x08, 0x00, 0x03, 0x00, 0x04, 0x00, 0x01, 0x00, 0x00, 0xFF, 0xFF,
        0xFF, 0xFF, 0xFF, 0xFB, 0xFF, 0xF9, 0xFF, 0xFB, 0xFF, 0xFB, 0xFF, 0xF6, 0xFF, 0xF4, 0x00, 0x00,
        0x00, 0x01, 0x00, 0x70, 0xFF, 0xCE, 0x02, 0x60, 0x02, 0x03, 0x00, 0x35, 0x00, 0x00, 0x01, 0x01,
        0x01, 0x01, 0x01, 0x01, 0x01, 0x01, 0x01, 0x01, 0x01, 0x01, 0x01, 0x01, 0x01, 0x01, 0x01, 0x01,
        0x01, 0x01, 0x01, 0x01, 0x01, 0x01, 0x01, 0x01, 0x01, 0x01, 0x01, 0x01, 0x01, 0x01, 0x01, 0x01,
        0x01, 0x01, 0x01, 0x01, 0x01, 0x01, 0x01, 0x01, 0x01, 0x01, 0x01, 0x01, 0x01, 0x01, 0x01, 0x01,
        0x01, 0x01, 0x01, 0x01, 0x00, 0xD4, 0xFF, 0xFF, 0xFF, 0xFC, 0xFF, 0xFD, 0xFF, 0xF9, 0xFF, 0xFB,
        0xFF, 0xF6, 0xFF, 0xFA, 0xFF, 0xF5, 0xFF, 0xF4, 0xFF, 0xF5, 0xFF, 0xF6, 0xFF, 0xFB, 0xFF, 0xF9,
        0xFF, 0xFD, 0xFF, 0xFC, 0xFF, 0xFF, 0x00, 0x00, 0x00, 0x01, 0x00, 0x03, 0x00, 0xA7, 0x00, 0x06,
        0x00, 0x08, 0x00, 0x0A, 0x00, 0x0A, 0x00, 0x0C, 0x00, 0x44, 0x00, 0x0B, 0x00, 0x05, 0x00, 0x0A,
        0x00, 0x08, 0x00, 0x06, 0x00, 0xA7, 0x00, 0x03, 0x00, 0x01, 0x00, 0x00, 0xFF, 0xFD, 0xFF, 0xFB,
        0xFF, 0xFD, 0xFF, 0xF7, 0xFF, 0xF6, 0xFF, 0xFA, 0xFF, 0xF5, 0xFF, 0xF4, 0xFF, 0xF5, 0xFF, 0xF6,
        0xFF, 0xF7, 0xFF, 0xFA, 0xFF, 0xFC, 0xFF, 0xFF, 0x00, 0x00, 0xFF, 0x6A, 0x00, 0x04, 0xFF, 0x6A,
        0x01, 0xD1, 0x00, 0x0C, 0x00, 0x0B, 0x00, 0x05, 0x00, 0x09, 0x00, 0x04, 0x00, 0x05, 0x00, 0x02,
        0x00, 0x02, 0x00, 0x00, 0xFF, 0xFC, 0xFF, 0xFB, 0xFF, 0xFC, 0xFF, 0xF7, 0xFF, 0xFB, 0xFF, 0xF5,
        0xFF, 0xFA, 0xFF, 0xA6, 0xFF, 0xF6, 0xFF, 0xF6, 0xFE, 0x83, 0xFF, 0xF6, 0xFF, 0xF7, 0xFF, 0xFA,
        0xFF, 0xFC, 0xFF, 0xFF, 0x00, 0x00, 0x00, 0x03, 0x00, 0x02, 0x00, 0x06, 0x00, 0x09, 0x00, 0x0A,
        0x01, 0x7D, 0x00, 0x0A, 0x00, 0x0A, 0x00, 0x5A, 0x00, 0x0B, 0x00, 0x0B, 0x00, 0x05, 0x00, 0x08,
        0x00, 0x05, 0x00, 0x02, 0x00, 0x02, 0x00, 0x00, 0xFF, 0xFC, 0xFF, 0xFB, 0xFF, 0xF8, 0xFF, 0xF6,
        0xFF, 0xF5, 0xFF, 0xFA, 0xFF, 0xB0, 0xFE, 0xAB, 0x00, 0x00, 0x01, 0x55, 0x00, 0x01, 0x00, 0x66,
        0xFF, 0xCE, 0x02, 0x6A, 0x02, 0x03, 0x00, 0x5A, 0x00, 0x00, 0x01, 0x01, 0x01, 0x01, 0x01, 0x01,
        0x01, 0x01, 0x01, 0x01, 0x01, 0x01, 0x01, 0x01, 0x01, 0x01, 0x01, 0x01, 0x01, 0x01, 0x01, 0x01,
        0x01, 0x01, 0x01, 0x01, 0x01, 0x01, 0x01, 0x01, 0x01, 0x01, 0x01, 0x01, 0x01, 0x01, 0x01, 0x01,
        0x01, 0x01, 0x01, 0x01, 0x01, 0x01, 0x01, 0x01, 0x01, 0x01, 0x01, 0x01, 0x01, 0x01, 0x01, 0x01,
        0x01, 0x01, 0x01, 0x01, 0x01, 0x01, 0x01, 0x01, 0x01, 0x01, 0x01, 0x01, 0x01, 0x01, 0x01, 0x01,
        0x01, 0x01, 0x01, 0x01, 0x01, 0x01, 0x01, 0x01, 0x01, 0x01, 0x01, 0x01, 0x01, 0x01, 0x01, 0x01,
        0x01, 0x01, 0x01, 0x01, 0x01, 0x00, 0x66, 0x00, 0x0A, 0x00, 0x01, 0x00, 0x34, 0x00, 0x06, 0x00,
        0x04, 0x00, 0x09, 0x00, 0x0A, 0x00, 0x0C, 0x00, 0x06, 0x00, 0x37, 0x00, 0x0C, 0x00, 0x0A, 0x00,
        0x05, 0x00, 0x08, 0x00, 0x03, 0x00, 0x37, 0x00, 0x3B, 0x00, 0x08, 0x00, 0x0A, 0x00, 0x05, 0x00,
        0x0C, 0x00, 0x3C, 0x00, 0x0C, 0x00, 0x05, 0x00, 0x0A, 0x00, 0x08, 0x00, 0x06, 0x00, 0x02, 0x00,
        0x31, 0x00, 0x02, 0x00, 0x0A, 0x00, 0x00, 0xFF, 0xFE, 0xFF, 0xFB, 0xFF, 0xFD, 0xFF, 0xFC, 0xFF,
        0xF7, 0xFF, 0xFB, 0xFF, 0xF5, 0xFF, 0xFA, 0xFF, 0xF4, 0xFF, 0xF5, 0xFF, 0xFA, 0xFF, 0xF7, 0xFF,
        0xFC, 0xFF, 0xFC, 0xFF, 0xFA, 0xFF, 0xFE, 0xFF, 0xFF, 0xFF, 0xF6, 0xFF, 0xE0, 0xFF, 0xBE, 0x00,
        0x00, 0xFF, 0xFF, 0xFF, 0xFC, 0xFF, 0xFD, 0xFF, 0xF9, 0xFF, 0xF6, 0xFF, 0xF5, 0xFF, 0xF5, 0xFF,
        0xFA, 0xFF, 0xF5, 0xFF, 0xF5, 0xFF, 0xFB, 0xFF, 0xFB, 0xFF, 0xF9, 0xFF, 0xFB, 0xFF, 0xFE, 0xFF,
        0xFF, 0x00, 0x00, 0xFF, 0xBE, 0xFF, 0xE0, 0xFF, 0xF6, 0xFF, 0xFF, 0xFF, 0xFE, 0xFF, 0xFA, 0xFF,
        0xFC, 0xFF, 0xF8, 0xFF, 0xFB, 0xFF, 0xFA, 0xFF, 0xF5, 0xFF, 0xF4, 0xFF, 0xFA, 0xFF, 0xF5, 0xFF,
        0xFB, 0xFF, 0xF7, 0xFF, 0xFC, 0xFF, 0xFA, 0xFF, 0xFD, 0xFF, 0xFF, 0x01, 0xCF, 0xFE, 0xD8, 0xFF,
        0xF8, 0xFF, 0x4D, 0xFF, 0xF6, 0xFF, 0xFC, 0xFF, 0xF8, 0xFF, 0xFB, 0xFF, 0xFD, 0x00, 0x00, 0x00,
        0x00, 0x00, 0x03, 0x00, 0x05, 0x00, 0x03, 0x00, 0x09, 0x00, 0x05, 0x00, 0x5E, 0xFF, 0x9D, 0xFF,
        0xF7, 0xFF, 0xFA, 0xFF, 0xFE, 0xFF, 0xFD, 0x00, 0x00, 0x00, 0x03, 0x00, 0x02, 0x00, 0x06, 0x00,
        0x09, 0x00, 0x0A, 0x00, 0x06, 0x00, 0xA9, 0x00, 0x08, 0x01, 0x2C, 0x00, 0x06, 0x00, 0x0C, 0x00,
        0x0A, 0x00, 0x05, 0x00, 0x05, 0x00, 0x07, 0x00, 0x03, 0x00, 0x03, 0x00, 0x01, 0x00, 0x00, 0xFF,
        0xFD, 0xFF, 0xFE, 0xFF, 0xF9, 0xFF, 0xFC, 0xFF, 0xFB, 0xFF, 0xF6, 0xFF, 0xFA, 0xFF, 0xF5, 0xFE,
        0xDE, 0xFF, 0x95, 0x00, 0x71, 0x00, 0x71, 0x00, 0x0C, 0x00, 0x0B, 0x00, 0x05, 0x00, 0x09, 0x00,
        0x07, 0x00, 0x04, 0x00, 0x02, 0x00, 0x00, 0xFF, 0xFE, 0xFF, 0xFC, 0xFF, 0xFC, 0xFF, 0xFD, 0xFF,
        0xF7, 0xFF, 0xF5, 0xFF, 0xFB, 0xFF, 0xF4, 0xFF, 0x8F, 0xFF, 0x8F, 0x00, 0x6B, 0x01, 0x22, 0x00,
        0x0B, 0x00, 0x06, 0x00, 0x0A, 0x00, 0x05, 0x00, 0x08, 0x00, 0x03, 0x00, 0x02, 0x00, 0x03, 0x00,
        0x00, 0xFF, 0xFF, 0xFF, 0xFD, 0xFF, 0xFD, 0xFF, 0xF9, 0xFF, 0xFB, 0xFF, 0xF6, 0xFF, 0xF5, 0xFF,
        0xFA, 0x00, 0x00, 0x00, 0x00, 0x01, 0x00, 0x7A, 0xFF, 0xCE, 0x02, 0x55, 0x02, 0x03, 0x00, 0x48,
        0x00, 0x00, 0x01, 0x01, 0x01, 0x01, 0x01, 0x01, 0x01, 0x01, 0x01, 0x01, 0x01, 0x01, 0x01, 0x01,
        0x01, 0x01, 0x01, 0x01, 0x01, 0x01, 0x01, 0x01, 0x01, 0x01, 0x01, 0x01, 0x01, 0x01, 0x01, 0x01,
        0x01, 0x01, 0x01, 0x01, 0x01, 0x01, 0x01, 0x01, 0x01, 0x01, 0x01, 0x01, 0x01, 0x01, 0x01, 0x01,
        0x01, 0x01, 0x01, 0x01, 0x01, 0x01, 0x01, 0x01, 0x01, 0x01, 0x01, 0x01, 0x01, 0x01, 0x01, 0x01,
        0x01, 0x01, 0x01, 0x01, 0x01, 0x01, 0x01, 0x01, 0x01, 0x01, 0x01, 0x00, 0x7A, 0x00, 0x01, 0x00,
        0x02, 0x00, 0x05, 0x00, 0x04, 0x00, 0xA1, 0xFF, 0x5B, 0xFF, 0xFB, 0xFF, 0xFF, 0xFF, 0xFF, 0x00,
        0x00, 0x00, 0x01, 0x00, 0x04, 0x00, 0x07, 0x00, 0x04, 0x00, 0x09, 0x00, 0x06, 0x00, 0x05, 0x00,
        0x0C, 0x00, 0x0C, 0x00, 0x05, 0x00, 0x0B, 0x00, 0x05, 0x00, 0x08, 0x00, 0x94, 0x00, 0x94, 0x00,
        0x04, 0x00, 0x09, 0x00, 0x0B, 0x00, 0x0B, 0x00, 0x0C, 0x00, 0x0B, 0x00, 0x0A, 0x00, 0x09, 0x00,
        0x07, 0x00, 0x02, 0x00, 0x03, 0x00, 0x00, 0xFF, 0xFE, 0xFF, 0xFE, 0xFF, 0xF9, 0xFF, 0x5F, 0x00,
        0xA5, 0x00, 0x03, 0x00, 0x03, 0x00, 0x01, 0x00, 0x00, 0xFF, 0xFF, 0xFF, 0xFC, 0xFF, 0xFD, 0xFF,
        0xF8, 0xFF, 0xF7, 0xFF, 0xFA, 0xFF, 0xF5, 0xFF, 0xFA, 0xFF, 0xF4, 0xFF, 0xFB, 0xFF, 0xFA, 0xFF,
        0xF6, 0xFF, 0xF8, 0xFF, 0x6C, 0xFF, 0x6C, 0xFF, 0xFC, 0xFF, 0xF7, 0xFF, 0xF5, 0xFF, 0xF5, 0xFF,
        0xF4, 0xFF, 0xF5, 0xFF, 0xF6, 0xFF, 0xF7, 0xFF, 0xF9, 0xFF, 0xFE, 0xFF, 0xFD, 0x01, 0xD2, 0xFF,
        0xFA, 0xFF, 0xF5, 0xFF, 0xF5, 0xFF, 0xFC, 0xFF, 0x37, 0xFF, 0x32, 0xFF, 0xF5, 0xFF, 0xFB, 0xFF,
        0xFA, 0xFF, 0xF4, 0xFF, 0xFA, 0xFF, 0xF5, 0xFF, 0xF7, 0xFF, 0xFC, 0xFF, 0xF9, 0xFF, 0xFD, 0xFF,
        0xFE, 0xFF, 0xFF, 0x00, 0x01, 0x00, 0x01, 0x00, 0x05, 0x00, 0x03, 0x00, 0x08, 0x00, 0xB8, 0xFF,
        0x48, 0xFF, 0xFC, 0xFF, 0xF9, 0xFF, 0xFB, 0xFF, 0xFE, 0x00, 0x00, 0x00, 0x03, 0x00, 0x06, 0x00,
        0x08, 0x00, 0x09, 0x00, 0x06, 0x00, 0x0B, 0x00, 0x0C, 0x00, 0x0B, 0x00, 0x06, 0x00, 0x0A, 0x00,
        0xC9, 0x00, 0xCD, 0x00, 0x05, 0x00, 0x0B, 0x00, 0x06, 0x00, 0x0C, 0x00, 0x06, 0x00, 0x0B, 0x00,
        0x05, 0x00, 0x08, 0x00, 0x07, 0x00, 0x03, 0x00, 0x03, 0x00, 0x00, 0x00, 0x00, 0xFF, 0xFE, 0xFF,
        0xFE, 0xFF, 0xFA, 0xFF, 0xF8, 0xFF, 0x48, 0x00, 0xB8, 0x00, 0x04, 0x00, 0x07, 0x00, 0x05, 0x00,
        0x02, 0x00, 0x00, 0xFF, 0xFD, 0xFF, 0xFA, 0xFF, 0xF8, 0xFF, 0xF7, 0xFF, 0xFA, 0xFF, 0xF5, 0x00,
        0x00, 0x01, 0x00, 0x70, 0xFE, 0xFA, 0x02, 0x60, 0x02, 0x03, 0x00, 0x44, 0x00, 0x00, 0x01, 0x01,
        0x01, 0x01, 0x01, 0x01, 0x01, 0x01, 0x01, 0x01, 0x01, 0x01, 0x01, 0x01, 0x01, 0x01, 0x01, 0x01,
        0x01, 0x01, 0x01, 0x01, 0x01, 0x01, 0x01, 0x01, 0x01, 0x01, 0x01, 0x01, 0x01, 0x01, 0x01, 0x01,
        0x01, 0x01, 0x01, 0x01, 0x01, 0x01, 0x01, 0x01, 0x01, 0x01, 0x01, 0x01, 0x01, 0x01, 0x01, 0x01,
        0x01, 0x01, 0x01, 0x01, 0x01, 0x01, 0x01, 0x01, 0x01, 0x01, 0x01, 0x01, 0x01, 0x01, 0x01, 0x01,
        0x01, 0x01, 0x01, 0x00, 0x70, 0x00, 0x01, 0x00, 0x03, 0x00, 0xA7, 0x00, 0x06, 0x00, 0x08, 0x00,
        0x0A, 0x00, 0x08, 0xFF, 0xCE, 0xFF, 0x93, 0xFF, 0xF5, 0xFF, 0xF5, 0xFF, 0xF7, 0xFF, 0xFD, 0xFF,
        0xFA, 0xFF, 0xFC, 0x00, 0x00, 0x00, 0x00, 0x00, 0x04, 0x00, 0x02, 0x00, 0x07, 0x00, 0x09, 0x00,
        0x0B, 0x00, 0x0B, 0x00, 0x06, 0x00, 0x8E, 0x00, 0x0B, 0x00, 0x0B, 0x00, 0x09, 0x00, 0x03, 0x00,
        0x06, 0x01, 0x04, 0x00, 0x03, 0x00, 0x01, 0x00, 0x00, 0xFF, 0xFD, 0xFF, 0xFE, 0xFF, 0xFA, 0xFF,
        0xF7, 0xFF, 0xF6, 0xFF, 0xF5, 0xFF, 0xFA, 0xFF, 0xF4, 0xFF, 0xF5, 0xFF, 0xF6, 0xFF, 0xF7, 0xFF,
        0xFA, 0xFF, 0xFC, 0xFF, 0xFF, 0x00, 0x00, 0xFF, 0x6C, 0xFF, 0x6C, 0x00, 0x00, 0xFF, 0xFD, 0xFF,
        0xFB, 0xFF, 0xF9, 0xFF, 0xFB, 0xFF, 0xF6, 0xFF, 0xFA, 0xFF, 0xF5, 0xFF, 0xFA, 0xFF, 0xF5, 0xFF,
        0xFA, 0xFF, 0xF6, 0xFF, 0xFB, 0xFF, 0xF9, 0xFF, 0xFD, 0xFF, 0xFC, 0xFF, 0xFF, 0x01, 0x7D, 0xFF,
        0xF6, 0xFF, 0xF6, 0xFE, 0x83, 0xFF, 0xF6, 0xFF, 0xF7, 0xFF, 0xFA, 0xFF, 0xFD, 0xFF, 0x8F, 0xFF,
        0xFF, 0xFF, 0xFE, 0xFF, 0xFA, 0xFF, 0xF9, 0xFF, 0xFB, 0xFF, 0xF6, 0xFF, 0xF5, 0xFF, 0xFA, 0xFF,
        0xF5, 0xFF, 0xF4, 0xFF, 0xFB, 0xFF, 0xF7, 0xFF, 0xF8, 0xFF, 0xFB, 0xFF, 0xFD, 0x00, 0x00, 0x00,
        0x00, 0x00, 0x03, 0x00, 0x05, 0x00, 0x08, 0x00, 0x04, 0x00, 0x0A, 0x02, 0x51, 0x00, 0x0A, 0x00,
        0x0A, 0x00, 0x5A, 0x00, 0x0B, 0x00, 0x06, 0x00, 0x0A, 0x00, 0x08, 0x00, 0x05, 0x00, 0x04, 0x00,
        0x00, 0x00, 0x00, 0xFF, 0xFC, 0xFF, 0xFB, 0xFF, 0xF8, 0xFF, 0xF6, 0xFF, 0xF5, 0xFF, 0xFA, 0xFF,
        0xB0, 0xFE, 0xB0, 0x01, 0x50, 0x00, 0x50, 0x00, 0x0B, 0x00, 0x0B, 0x00, 0x09, 0x00, 0x04, 0x00,
        0x05, 0x00, 0x02, 0x00, 0x02, 0x00, 0x00, 0xFF, 0xFE, 0xFF, 0xFE, 0xFF, 0xFB, 0xFF, 0xFC, 0xFF,
        0xF7, 0xFF, 0xFB, 0xFF, 0xF5, 0xFF, 0xF4, 0x00, 0x00, 0x01, 0x00, 0x70, 0xFF, 0xCE, 0x02, 0x60,
        0x02, 0x04, 0x00, 0x44, 0x00, 0x00, 0x01, 0x01, 0x01, 0x01, 0x01, 0x01, 0x01, 0x01, 0x01, 0x01,
        0x01, 0x01, 0x01, 0x01, 0x01, 0x01, 0x01, 0x01, 0x01, 0x01, 0x01, 0x01, 0x01, 0x01, 0x01, 0x01,
        0x01, 0x01, 0x01, 0x01, 0x01, 0x01, 0x01, 0x01, 0x01, 0x01, 0x01, 0x01, 0x01, 0x01, 0x01, 0x01,
        0x01, 0x01, 0x01, 0x01, 0x01, 0x01, 0x01, 0x01, 0x01, 0x01, 0x01, 0x01, 0x01, 0x01, 0x01, 0x01,
        0x01, 0x01, 0x01, 0x01, 0x01, 0x01, 0x01, 0x01, 0x01, 0x01, 0x01, 0x00, 0xBA, 0xFF, 0xF5, 0xFF,
        0xFA, 0xFF, 0xF6, 0xFF, 0xF7, 0xFF, 0xF9, 0xFF, 0xFD, 0xFF, 0xFD, 0xFF, 0xFF, 0x00, 0x01, 0x00,
        0x01, 0x00, 0x05, 0x00, 0x03, 0x00, 0x04, 0x00, 0x09, 0x00, 0x0A, 0x00, 0x06, 0x00, 0x0B, 0x01,
        0x74, 0xFF, 0xCE, 0x00, 0x00, 0x00, 0x0F, 0xFE, 0x70, 0xFF, 0xFD, 0xFF, 0xFB, 0xFF, 0xFD, 0x00,
        0x00, 0x00, 0x01, 0x00, 0x01, 0x00, 0x03, 0x00, 0x06, 0x00, 0x03, 0x00, 0x09, 0x00, 0x05, 0x00,
        0x0B, 0x00, 0x0B, 0x01, 0x8C, 0x00, 0x0C, 0x00, 0x0B, 0x00, 0x09, 0x00, 0x08, 0x00, 0x06, 0x00,
        0x02, 0x00, 0x02, 0x00, 0x00, 0xFF, 0xFC, 0xFF, 0xFA, 0xFF, 0xF8, 0xFF, 0xF7, 0xFF, 0xF5, 0xFF,
        0xF4, 0xFE, 0x74, 0x00, 0x32, 0x00, 0x00, 0xFF, 0xF1, 0x01, 0x90, 0x00, 0x06, 0x00, 0x04, 0x00,
        0x01, 0x00, 0x00, 0x00, 0x00, 0xFF, 0xFE, 0xFF, 0xFD, 0xFF, 0xFA, 0xFF, 0xF8, 0xFF, 0xF7, 0xFF,
        0xFB, 0xFF, 0xF5, 0xFF, 0xFA, 0x02, 0x04, 0xFF, 0xFE, 0xFF, 0xFE, 0xFF, 0xFB, 0xFF, 0xF9, 0xFF,
        0xF6, 0xFF, 0xFB, 0xFF, 0xF5, 0xFF, 0xFA, 0xFF, 0xF4, 0xFF, 0xFB, 0xFF, 0xF5, 0xFF, 0xFB, 0xFF,
        0xFC, 0xFF, 0xF8, 0xFF, 0xFB, 0xFF, 0xFE, 0xFF, 0xFF, 0x00, 0x00, 0x00, 0x32, 0xFF, 0xD6, 0x00,
        0x25, 0xFE, 0x7F, 0xFF, 0xFB, 0xFF, 0xF6, 0xFF, 0xF4, 0xFF, 0xD0, 0xFF, 0xF5, 0xFF, 0xFA, 0xFF,
        0xFB, 0xFF, 0xF7, 0xFF, 0xFB, 0xFF, 0xF9, 0xFF, 0xFE, 0xFF, 0xFC, 0xFF, 0xFF, 0x00, 0x00, 0x00,
        0x01, 0x00, 0x04, 0x00, 0x06, 0x00, 0x09, 0x00, 0x0A, 0x00, 0x06, 0x00, 0x0B, 0x00, 0x0C, 0x00,
        0x0B, 0x00, 0x0A, 0x00, 0x09, 0x00, 0x06, 0x00, 0x04, 0x00, 0x01, 0x00, 0x00, 0xFF, 0xCE, 0x00,
        0x2A, 0xFF, 0xDC, 0x01, 0x81, 0x00, 0x0A, 0x00, 0x0B, 0x00, 0x06, 0x00, 0x2F, 0x00, 0x06, 0x00,
        0x0B, 0x00, 0x05, 0x00, 0x0A, 0x00, 0x08, 0x00, 0x06, 0x00, 0x02, 0x00, 0x02, 0x00, 0x01, 0x00,
        0x00, 0x02, 0x01, 0x36, 0xFF, 0x2C, 0x01, 0x9A, 0x03, 0x48, 0x00, 0x03, 0x00, 0x07, 0x00, 0x00,
        0x01, 0x01, 0x01, 0x01, 0x01, 0x01, 0x01, 0x01, 0x01, 0x9A, 0xFF, 0x9C, 0x00, 0x00, 0x00, 0x64,
        0x00, 0x00, 0xFF, 0x9C, 0x00, 0x00, 0x00, 0x64, 0x01, 0x28, 0x00, 0x00, 0xFE, 0x04, 0x00, 0x00,
        0x04, 0x1C, 0x00, 0x00, 0xFE, 0x04, 0x00, 0x00, 0x00, 0x01, 0x00, 0x00, 0x01, 0x20, 0x02, 0xD0,
        0x01, 0x85, 0x00, 0x03, 0x00, 0x00, 0x01, 0x01, 0x01, 0x01, 0x00, 0x00, 0x00, 0x00, 0x02, 0xD0,
        0x00, 0x00, 0x01, 0x85, 0xFF, 0x9B, 0x00, 0x00, 0x00, 0x65, 0x00, 0x00, 0x00, 0x01, 0x00, 0x70,
        0xFF, 0xCE, 0x02, 0x60, 0x02, 0xD7, 0x00, 0x2B, 0x00, 0x00, 0x01, 0x01, 0x01, 0x01, 0x01, 0x01,
        0x01, 0x01, 0x01, 0x01, 0x01, 0x01, 0x01, 0x01, 0x01, 0x01, 0x01, 0x01, 0x01, 0x01, 0x01, 0x01,
        0x01, 0x01, 0x01, 0x01, 0x01, 0x01, 0x01, 0x01, 0x01, 0x01, 0x01, 0x01, 0x01, 0x01, 0x01, 0x01,
        0x01, 0x01, 0x01, 0x01, 0x01, 0x01, 0x00, 0xD4, 0xFF, 0xFF, 0xFF, 0xFE, 0xFF, 0xFE, 0xFF, 0xFA,
        0xFF, 0xFC, 0xFF, 0xF6, 0xFF, 0xF5, 0xFF, 0xFB, 0xFF, 0xFA, 0xFF, 0xF4, 0xFF, 0xFB, 0xFF, 0xF5,
        0xFF, 0xF6, 0xFF, 0xFC, 0xFF, 0xFA, 0xFF, 0xFE, 0xFF, 0xFE, 0xFF, 0xFF, 0x00, 0x00, 0x01, 0x2A,
        0x00, 0x00, 0x00, 0x62, 0x00, 0x00, 0x00, 0x01, 0x00, 0x04, 0x00, 0x03, 0x00, 0x07, 0x00, 0x05,
        0x00, 0x0A, 0x00, 0x0B, 0x00, 0x0C, 0x00, 0x0B, 0x00, 0x06, 0x00, 0x0A, 0x00, 0x05, 0x00, 0x07,
        0x00, 0x05, 0x00, 0x02, 0x00, 0x01, 0x00, 0x00, 0xFE, 0xD6, 0x00, 0x00, 0xFF, 0x9E, 0x00, 0xFE,
        0x00, 0x0B, 0x00, 0x06, 0x00, 0x05, 0x00, 0x0A, 0x00, 0x04, 0x00, 0x07, 0x00, 0x05, 0x00, 0x01,
        0x00, 0x01, 0xFF, 0xFF, 0xFF, 0xFF, 0xFF, 0xFB, 0xFF, 0xF9, 0xFF, 0xFC, 0xFF, 0xF6, 0xFF, 0xFB,
        0xFF, 0xFA, 0xFF, 0xF5, 0xFE, 0xD0, 0x00, 0x00, 0x02, 0xA4, 0x00, 0x00, 0xFF, 0x2F, 0xFF, 0xFA,
        0xFF, 0xF5, 0xFF, 0xFB, 0xFF, 0xF7, 0xFF, 0xFD, 0xFF, 0xFA, 0xFF, 0xFC, 0x00, 0x00, 0x00, 0x02,
        0x00, 0x02, 0x00, 0x06, 0x00, 0x03, 0x00, 0x09, 0x00, 0x0B, 0x00, 0x05, 0x00, 0x0C, 0x01, 0x30,
        0x00, 0x00, 0xFD, 0x5B, 0x00, 0x00, 0x00, 0x00, 0x00, 0x01, 0x00, 0x70, 0xFF, 0xCE, 0x02, 0x60,
        0x02, 0xD7, 0x00, 0x38, 0x00, 0x00, 0x01, 0x01, 0x01, 0x01, 0x01, 0x01, 0x01, 0x01, 0x01, 0x01,
        0x01, 0x01, 0x01, 0x01, 0x01, 0x01, 0x01, 0x01, 0x01, 0x01, 0x01, 0x01, 0x01, 0x01, 0x01, 0x01,
        0x01, 0x01, 0x01, 0x01, 0x01, 0x01, 0x01, 0x01, 0x01, 0x01, 0x01, 0x01, 0x01, 0x01, 0x01, 0x01,
        0x01, 0x01, 0x01, 0x01, 0x01, 0x01, 0x01, 0x01, 0x01, 0x01, 0x01, 0x01, 0x01, 0x01, 0x01, 0x00,
        0x70, 0x00, 0x00, 0x00, 0x03, 0x00, 0x05, 0x00, 0x03, 0x00, 0x04, 0x00, 0x0A, 0x00, 0x0B, 0x00,
        0x05, 0x00, 0x06, 0x00, 0x0C, 0x00, 0x05, 0x00, 0x0B, 0x00, 0x05, 0x00, 0x09, 0x00, 0x03, 0x00,
        0x05, 0x00, 0x03, 0x00, 0x00, 0x00, 0x00, 0x01, 0x28, 0x00, 0x00, 0x00, 0x01, 0x00, 0x02, 0x00,
        0x05, 0x00, 0x03, 0x00, 0x04, 0x00, 0x0A, 0x00, 0x05, 0x00, 0x0B, 0x00, 0x06, 0x00, 0x0C, 0x00,
        0x0B, 0x00, 0x05, 0x00, 0x0A, 0x00, 0x04, 0x00, 0x03, 0x00, 0x05, 0x00, 0x02, 0x00, 0x01, 0x00,
        0x00, 0xFF, 0xFF, 0xFF, 0xFC, 0xFF, 0xFA, 0xFF, 0xF7, 0xFF, 0xF6, 0xFF, 0xFA, 0xFF, 0xF5, 0xFF,
        0xF4, 0xFF, 0xF5, 0xFF, 0xF6, 0xFF, 0xF7, 0xFF, 0xFA, 0xFF, 0xFC, 0xFF, 0xFF, 0x00, 0x00, 0xFE,
        0x74, 0x00, 0x00, 0xFF, 0xFA, 0xFF, 0xF5, 0xFF, 0xF5, 0xFF, 0xFC, 0xFF, 0xFB, 0xFF, 0xF9, 0xFF,
        0xFC, 0xFF, 0xFE, 0x00, 0x00, 0x00, 0x00, 0x00, 0x02, 0x00, 0x04, 0x00, 0x04, 0x00, 0x08, 0x00,
        0x04, 0x00, 0x0B, 0x00, 0x0B, 0x00, 0x06, 0x01, 0x20, 0x00, 0x00, 0xFE, 0xE0, 0xFF, 0xF4, 0xFF,
        0xFB, 0xFF, 0xF5, 0xFF, 0xFC, 0xFF, 0xFB, 0xFF, 0xF9, 0xFF, 0xFE, 0xFF, 0xFC, 0x00, 0x00, 0x00,
        0x00, 0x00, 0x04, 0x00, 0x02, 0x00, 0x07, 0x00, 0x05, 0x00, 0x04, 0x00, 0x0B, 0x00, 0x05, 0x00,
        0x0C, 0x02, 0xA5, 0x00, 0x0B, 0x00, 0x0B, 0x00, 0x0A, 0x00, 0x08, 0x00, 0x06, 0x00, 0x02, 0x00,
        0x02, 0xFF, 0xFF, 0xFF, 0xFD, 0xFF, 0xFA, 0xFF, 0xF8, 0xFF, 0xF6, 0xFF, 0xF5, 0xFF, 0xF5, 0xFE,
        0xE0, 0x00, 0x00, 0x00, 0x00, 0x01, 0x00, 0x70, 0xFF, 0xCE, 0x02, 0x60, 0x02, 0xD7, 0x00, 0x36,
        0x00, 0x00, 0x01, 0x01, 0x01, 0x01, 0x01, 0x01, 0x01, 0x01, 0x01, 0x01, 0x01, 0x01, 0x01, 0x01,
        0x01, 0x01, 0x01, 0x01, 0x01, 0x01, 0x01, 0x01, 0x01, 0x01, 0x01, 0x01, 0x01, 0x01, 0x01, 0x01,
        0x01, 0x01, 0x01, 0x01, 0x01, 0x01, 0x01, 0x01, 0x01, 0x01, 0x01, 0x01, 0x01, 0x01, 0x01, 0x01,
        0x01, 0x01, 0x01, 0x01, 0x01, 0x01, 0x01, 0x01, 0x01, 0x00, 0x70, 0x00, 0xC6, 0x00, 0x00, 0x00,
        0x03, 0x00, 0x02, 0x00, 0x03, 0x00, 0x07, 0x00, 0x05, 0x00, 0x0A, 0x00, 0x0B, 0x00, 0x06, 0x00,
        0x0C, 0x00, 0x05, 0x00, 0x0B, 0x00, 0x0A, 0x00, 0x07, 0x00, 0x03, 0x00, 0x02, 0x00, 0x03, 0x00,
        0x00, 0x00, 0xC6, 0x00, 0x00, 0xFF, 0xFD, 0xFF, 0xFE, 0xFF, 0xFA, 0xFF, 0xF7, 0xFF, 0xFB, 0xFF,
        0xF5, 0xFF, 0xFB, 0xFF, 0xFA, 0xFF, 0xF4, 0xFF, 0xF5, 0xFF, 0xF6, 0xFF, 0xF7, 0xFF, 0xFD, 0xFF,
        0xFB, 0xFF, 0xFD, 0x00, 0x00, 0xFE, 0xD8, 0x00, 0x00, 0xFF, 0xFF, 0xFF, 0xFC, 0xFF, 0xFA, 0xFF,
        0xF7, 0xFF, 0xF6, 0xFF, 0xF5, 0xFF, 0xF4, 0xFF, 0xF5, 0xFF, 0xFA, 0xFF, 0xF6, 0xFF, 0xFB, 0xFF,
        0xF9, 0xFF, 0xFB, 0xFF, 0xFD, 0x00, 0x00, 0x01, 0x20, 0x00, 0x00, 0xFE, 0xDA, 0xFF, 0xF5, 0xFF,
        0xFA, 0xFF, 0xFB, 0xFF, 0xF7, 0xFF, 0xFD, 0xFF, 0xFA, 0xFF, 0xFC, 0x00, 0x00, 0x00, 0x00, 0x00,
        0x02, 0x00, 0x04, 0x00, 0x07, 0x00, 0x09, 0x00, 0x05, 0x00, 0x06, 0x00, 0x0B, 0x01, 0x26, 0x00,
        0x00, 0x01, 0x8B, 0x00, 0x0B, 0x00, 0x05, 0x00, 0x0A, 0x00, 0x08, 0x00, 0x03, 0x00, 0x05, 0x00,
        0x01, 0x00, 0x01, 0xFF, 0xFF, 0xFF, 0xFD, 0xFF, 0xFA, 0xFF, 0xF8, 0xFF, 0xFB, 0xFF, 0xF6, 0xFF,
        0xF5, 0xFE, 0xDA, 0x00, 0x00, 0x01, 0x20, 0x00, 0x0B, 0x00, 0x0B, 0x00, 0x0A, 0x00, 0x08, 0x00,
        0x06, 0x00, 0x03, 0x00, 0x01, 0xFF, 0xFE, 0xFF, 0xFE, 0xFF, 0xFA, 0xFF, 0xFC, 0xFF, 0xF7, 0xFF,
        0xF6, 0xFF, 0xF5, 0xFE, 0xDA, 0x00, 0x00, 0x00, 0x00, 0x01, 0x00, 0x70, 0xFF, 0xCE, 0x02, 0x60,
        0x02, 0xD7, 0x00, 0x03, 0x00, 0x00, 0x01, 0x01, 0x01, 0x01, 0x00, 0x70, 0x01, 0xF0, 0x00, 0x00,
        0xFE, 0x10, 0xFF, 0xCE, 0x00, 0x00, 0x03, 0x09, 0x00, 0x00, 0x00, 0x00, 0x00, 0x01, 0x00, 0x00,
        0x00, 0x01, 0x00, 0x00, 0x67, 0x9E, 0xAF, 0x6D, 0x5F, 0x0F, 0x3C, 0xF5, 0x00, 0x03, 0x03, 0xE8,
        0x00, 0x00, 0x00, 0x00, 0x00, 0x00, 0x00, 0x00, 0x00, 0x00, 0x00, 0x00, 0x00, 0x00, 0x00, 0x00,
        0x00, 0x00, 0xFE, 0xFA, 0x02, 0xD0, 0x03, 0x48, 0x00, 0x00, 0x00, 0x08, 0x00, 0x02, 0x00, 0x01,
        0x00, 0x00, 0x00, 0x00, 0x00, 0x01, 0x00, 0x00, 0x04, 0x12, 0xFE, 0xFA, 0x00, 0x00, 0x03, 0xE8,
        0x00, 0x00, 0x00, 0x00, 0x02, 0xD0, 0x00, 0x01, 0x00, 0x00, 0x00, 0x00, 0x00, 0x00, 0x00, 0x00,
        0x00, 0x00, 0x00, 0x00, 0x00, 0x00, 0x00, 0x57, 0x03, 0xE8, 0x00, 0x00, 0x02, 0xD0, 0x00, 0x00,
        0x02, 0xD0, 0x00, 0x70, 0x02, 0xD0, 0x00, 0x70, 0x02, 0xD0, 0x00, 0x70, 0x02, 0xD0, 0x00, 0x70,
        0x02, 0xD0, 0x01, 0x04, 0x02, 0xD0, 0x00, 0x70, 0x02, 0xD0, 0x00, 0x70, 0x02, 0xD0, 0x00, 0x70,
        0x02, 0xD0, 0x00, 0x70, 0x02, 0xD0, 0x00, 0xD3, 0x02, 0xD0, 0x00, 0x70, 0x02, 0xD0, 0x01, 0x04,
        0x02, 0xD0, 0x00, 0x70, 0x02, 0xD0, 0x00, 0x70, 0x02, 0xD0, 0x00, 0x70, 0x02, 0xD0, 0x00, 0x70,
        0x02, 0xD0, 0x00, 0x70, 0x02, 0xD0, 0x00, 0xA1, 0x02, 0xD0, 0x00, 0x70, 0x02, 0xD0, 0x00, 0x70,
        0x02, 0xD0, 0x00, 0x70, 0x02, 0xD0, 0x00, 0x70, 0x02, 0xD0, 0x00, 0x70, 0x02, 0xD0, 0x01, 0x04,
        0x02, 0xD0, 0x00, 0xD3, 0x02, 0xD0, 0x00, 0x70, 0x02, 0xD0, 0x00, 0x70, 0x02, 0xD0, 0x00, 0x70,
        0x02, 0xD0, 0x00, 0x70, 0x02, 0xD0, 0x00, 0x70, 0x02, 0xD0, 0x00, 0x70, 0x02, 0xD0, 0x00, 0x70,
        0x02, 0xD0, 0x00, 0x70, 0x02, 0xD0, 0x00, 0x70, 0x02, 0xD0, 0x00, 0x70, 0x02, 0xD0, 0x00, 0x70,
        0x02, 0xD0, 0x00, 0xA1, 0x02, 0xD0, 0x00, 0x70, 0x02, 0xD0, 0x00, 0x70, 0x02, 0xD0, 0x00, 0x70,
        0x02, 0xD0, 0x00, 0x70, 0x02, 0xD0, 0x00, 0x70, 0x02, 0xD0, 0x00, 0x70, 0x02, 0xD0, 0x00, 0x70,
        0x02, 0xD0, 0x00, 0x70, 0x02, 0xD0, 0x00, 0x6F, 0x02, 0xD0, 0x00, 0x70, 0x02, 0xD0, 0x00, 0x70,
        0x02, 0xD0, 0x00, 0x70, 0x02, 0xD0, 0x00, 0x70, 0x02, 0xD0, 0x00, 0x70, 0x02, 0xD0, 0x00, 0x70,
        0x02, 0xD0, 0x00, 0x70, 0x02, 0xD0, 0x00, 0x70, 0x02, 0xD0, 0x00, 0x70, 0x02, 0xD0, 0x00, 0x70,
        0x02, 0xD0, 0x00, 0x70, 0x02, 0xD0, 0x00, 0x70, 0x02, 0xD0, 0x00, 0xA1, 0x02, 0xD0, 0x00, 0x70,
        0x02, 0xD0, 0x00, 0x70, 0x02, 0xD0, 0x00, 0xA1, 0x02, 0xD0, 0x00, 0x70, 0x02, 0xD0, 0x00, 0x70,
        0x02, 0xD0, 0x00, 0xA1, 0x02, 0xD0, 0x00, 0x65, 0x02, 0xD0, 0x00, 0x70, 0x02, 0xD0, 0x00, 0x70,
        0x02, 0xD0, 0x00, 0x70, 0x02, 0xD0, 0x00, 0x70, 0x02, 0xD0, 0x00, 0x70, 0x02, 0xD0, 0x00, 0x77,
        0x02, 0xD0, 0x00, 0x70, 0x02, 0xD0, 0x00, 0x70, 0x02, 0xD0, 0x00, 0x70, 0x02, 0xD0, 0x00, 0x66,
        0x02, 0xD0, 0x00, 0x7A, 0x02, 0xD0, 0x00, 0x70, 0x02, 0xD0, 0x00, 0x70, 0x02, 0xD0, 0x01, 0x36,
        0x02, 0xD0, 0x00, 0x00, 0x02, 0xD0, 0x00, 0x70, 0x02, 0xD0, 0x00, 0x70, 0x02, 0xD0, 0x00, 0x70,
        0x02, 0xD0, 0x00, 0x70, 0x00, 0x00, 0x00, 0x00, 0x00, 0x00, 0x00, 0x00, 0x00, 0x00, 0x00, 0x00,
        0x00, 0x00, 0x00, 0xCC, 0x00, 0x00, 0x02, 0xF8, 0x00, 0x00, 0x05, 0x28, 0x00, 0x00, 0x07, 0xA4,
        0x00, 0x00, 0x08, 0x90, 0x00, 0x00, 0x0A, 0xBC, 0x00, 0x00, 0x0C, 0xE8, 0x00, 0x00, 0x0F, 0x04,
        0x00, 0x00, 0x10, 0x90, 0x00, 0x00, 0x11, 0x80, 0x00, 0x00, 0x12, 0x40, 0x00, 0x00, 0x13, 0x08,
        0x00, 0x00, 0x13, 0xC0, 0x00, 0x00, 0x15, 0x04, 0x00, 0x00, 0x16, 0x54, 0x00, 0x00, 0x18, 0x10,
        0x00, 0x00, 0x1A, 0x4C, 0x00, 0x00, 0x1B, 0xC8, 0x00, 0x00, 0x1D, 0x6C, 0x00, 0x00, 0x1E, 0xA4,
        0x00, 0x00, 0x1F, 0xCC, 0x00, 0x00, 0x21, 0x64, 0x00, 0x00, 0x22, 0x98, 0x00, 0x00, 0x24, 0x1C,
        0x00, 0x00, 0x25, 0xBC, 0x00, 0x00, 0x27, 0x40, 0x00, 0x00, 0x29, 0x3C, 0x00, 0x00, 0x2A, 0x50,
        0x00, 0x00, 0x2C, 0x58, 0x00, 0x00, 0x2E, 0x20, 0x00, 0x00, 0x2F, 0xE0, 0x00, 0x00, 0x31, 0x08,
        0x00, 0x00, 0x32, 0x30, 0x00, 0x00, 0x34, 0x50, 0x00, 0x00, 0x35, 0xE4, 0x00, 0x00, 0x37, 0x64,
        0x00, 0x00, 0x39, 0x04, 0x00, 0x00, 0x3A, 0x7C, 0x00, 0x00, 0x3B, 0x40, 0x00, 0x00, 0x3C, 0x6C,
        0x00, 0x00, 0x3D, 0x60, 0x00, 0x00, 0x3F, 0x24, 0x00, 0x00, 0x40, 0x7C, 0x00, 0x00, 0x43, 0x04,
        0x00, 0x00, 0x44, 0xB0, 0x00, 0x00, 0x47, 0x30, 0x00, 0x00, 0x48, 0x4C, 0x00, 0x00, 0x49, 0xE0,
        0x00, 0x00, 0x4B, 0x08, 0x00, 0x00, 0x4C, 0xEC, 0x00, 0x00, 0x4E, 0x50, 0x00, 0x00, 0x4F, 0xA4,
        0x00, 0x00, 0x50, 0x94, 0x00, 0x00, 0x52, 0xDC, 0x00, 0x00, 0x55, 0x38, 0x00, 0x00, 0x56, 0xF0,
        0x00, 0x00, 0x59, 0x50, 0x00, 0x00, 0x5B, 0x5C, 0x00, 0x00, 0x5D, 0x48, 0x00, 0x00, 0x60, 0x14,
        0x00, 0x00, 0x61, 0xD8, 0x00, 0x00, 0x63, 0xD8, 0x00, 0x00, 0x66, 0x4C, 0x00, 0x00, 0x67, 0xC4,
        0x00, 0x00, 0x69, 0x18, 0x00, 0x00, 0x6B, 0xB8, 0x00, 0x00, 0x6D, 0x70, 0x00, 0x00, 0x6F, 0x80,
        0x00, 0x00, 0x71, 0xC8, 0x00, 0x00, 0x74, 0x14, 0x00, 0x00, 0x75, 0xC8, 0x00, 0x00, 0x78, 0x60,
        0x00, 0x00, 0x7A, 0xA4, 0x00, 0x00, 0x7C, 0x58, 0x00, 0x00, 0x7D, 0x74, 0x00, 0x00, 0x7F, 0x4C,
        0x00, 0x00, 0x80, 0xC8, 0x00, 0x00, 0x82, 0x30, 0x00, 0x00, 0x83, 0x98, 0x00, 0x00, 0x83, 0xD0,
        0x00, 0x00, 0x83, 0xF4, 0x00, 0x00, 0x84, 0xE0, 0x00, 0x00, 0x86, 0x0C, 0x00, 0x00, 0x87, 0x30,
        0x00, 0x00, 0x87, 0x54, 0x00, 0x01, 0x00, 0x00, 0x00, 0x57, 0x00, 0x8C, 0x00, 0x03, 0x00, 0x00,
        0x00, 0x00, 0x00, 0x02, 0x00, 0x00, 0x00, 0x00, 0x00, 0x00, 0x00, 0x00, 0x00, 0x00, 0x00, 0x00,
        0x00, 0x00, 0x00, 0x00, 0x00, 0x00, 0x00, 0x07, 0x00, 0x5A, 0x00, 0x03, 0x00, 0x01, 0x04, 0x09,
        0x00, 0x00, 0x00, 0x8C, 0x00, 0x00, 0x00, 0x03, 0x00, 0x01, 0x04, 0x09, 0x00, 0x01, 0x00, 0x1C,
        0x00, 0x8C, 0x00, 0x03, 0x00, 0x01, 0x04, 0x09, 0x00, 0x02, 0x00, 0x0E, 0x00, 0xA8, 0x00, 0x03,
        0x00, 0x01, 0x04, 0x09, 0x00, 0x03, 0x00, 0x1C, 0x00, 0xB6, 0x00, 0x03, 0x00, 0x01, 0x04, 0x09,
        0x00, 0x04, 0x00, 0x1C, 0x00, 0xD2, 0x00, 0x03, 0x00, 0x01, 0x04, 0x09, 0x00, 0x05, 0x00, 0x1A,
        0x00, 0xEE, 0x00, 0x03, 0x00, 0x01, 0x04, 0x09, 0x00, 0x06, 0x00, 0x1A, 0x01, 0x08, 0x00, 0x43,
        0x00, 0x6F, 0x00, 0x70, 0x00, 0x79, 0x00, 0x72, 0x00, 0x69, 0x00, 0x67, 0x00, 0x68, 0x00, 0x74,
        0x00, 0x20, 0x00, 0x28, 0x00, 0x63, 0x00, 0x29, 0x00, 0x20, 0x00, 0x53, 0x00, 0x69, 0x00, 0x78,
        0x00, 0x20, 0x00, 0x4C, 0x00, 0x61, 0x00, 0x62, 0x00, 0x6F, 0x00, 0x72, 0x00, 0x73, 0x00, 0x2E,
        0x00, 0x20, 0x00, 0x4C, 0x00, 0x69, 0x00, 0x63, 0x00, 0x65, 0x00, 0x6E, 0x00, 0x73, 0x00, 0x65,
        0x00, 0x64, 0x00, 0x20, 0x00, 0x75, 0x00, 0x6E, 0x00, 0x64, 0x00, 0x65, 0x00, 0x72, 0x00, 0x20,
        0x00, 0x74, 0x00, 0x68, 0x00, 0x65, 0x00, 0x20, 0x00, 0x53, 0x00, 0x69, 0x00, 0x78, 0x00, 0x20,
        0x00, 0x4C, 0x00, 0x61, 0x00, 0x62, 0x00, 0x6F, 0x00, 0x72, 0x00, 0x73, 0x00, 0x20, 0x00, 0x53,
        0x00, 0x70, 0x00, 0x6C, 0x00, 0x69, 0x00, 0x74, 0x00, 0x20, 0x00, 0x4C, 0x00, 0x69, 0x00, 0x63,
        0x00, 0x65, 0x00, 0x6E, 0x00, 0x73, 0x00, 0x65, 0x00, 0x2E, 0x00, 0x53, 0x00, 0x69, 0x00, 0x78,
        0x00, 0x4C, 0x00, 0x61, 0x00, 0x62, 0x00, 0x6F, 0x00, 0x72, 0x00, 0x73, 0x00, 0x20, 0x00, 0x4F,
        0x00, 0x43, 0x00, 0x52, 0x00, 0x41, 0x00, 0x52, 0x00, 0x65, 0x00, 0x67, 0x00, 0x75, 0x00, 0x6C,
        0x00, 0x61, 0x00, 0x72, 0x00, 0x53, 0x00, 0x69, 0x00, 0x78, 0x00, 0x4C, 0x00, 0x61, 0x00, 0x62,
        0x00, 0x6F, 0x00, 0x72, 0x00, 0x73, 0x00, 0x20, 0x00, 0x4F, 0x00, 0x43, 0x00, 0x52, 0x00, 0x41,
        0x00, 0x53, 0x00, 0x69, 0x00, 0x78, 0x00, 0x4C, 0x00, 0x61, 0x00, 0x62, 0x00, 0x6F, 0x00, 0x72,
        0x00, 0x73, 0x00, 0x20, 0x00, 0x4F, 0x00, 0x43, 0x00, 0x52, 0x00, 0x41, 0x00, 0x56, 0x00, 0x65,
        0x00, 0x72, 0x00, 0x73, 0x00, 0x69, 0x00, 0x6F, 0x00, 0x6E, 0x00, 0x20, 0x00, 0x31, 0x00, 0x2E,
        0x00, 0x30, 0x00, 0x30, 0x00, 0x30, 0x00, 0x53, 0x00, 0x69, 0x00, 0x78, 0x00, 0x4C, 0x00, 0x61,
        0x00, 0x62, 0x00, 0x6F, 0x00, 0x72, 0x00, 0x73, 0x00, 0x4F, 0x00, 0x43, 0x00, 0x52, 0x00, 0x41,
        0x00, 0x03, 0x00, 0x00, 0x00, 0x00, 0x00, 0x00, 0x00, 0x00, 0x00, 0x00, 0x00, 0x00, 0x00, 0x00,
        0x00, 0x00, 0x00, 0x00, 0x00, 0x00, 0x00, 0x00, 0x00, 0x00, 0x00, 0x00, 0x00, 0x00, 0x00, 0x00,
    ];
}
