// Copyright (c) Six Labors.
// Licensed under the Six Labors Split License.

// <auto-generated>
// Generated by ImageSharp.Drawing.FontGenerator. Do not edit.
// </auto-generated>

namespace SixLabors.ImageSharp.Drawing.Barcodes;

/// <summary>
/// The SixLabors OCRB TrueType font file.
/// Built clean-room from the character sheet and dimension tables of ECMA-11.
/// </summary>
internal static class OcrBFontData
{
    /// <summary>
    /// Gets the font file bytes.
    /// </summary>
    public static ReadOnlySpan<byte> Bytes =>
    [
        0x00, 0x01, 0x00, 0x00, 0x00, 0x0A, 0x00, 0x80, 0x00, 0x03, 0x00, 0x20, 0x4F, 0x53, 0x2F, 0x32,
        0x83, 0x13, 0x7F, 0xF0, 0x00, 0x00, 0x00, 0xAC, 0x00, 0x00, 0x00, 0x60, 0x63, 0x6D, 0x61, 0x70,
        0x2B, 0xA9, 0x4F, 0x2B, 0x00, 0x00, 0x01, 0x0C, 0x00, 0x00, 0x00, 0xAC, 0x67, 0x6C, 0x79, 0x66,
        0x3D, 0x2D, 0x12, 0x27, 0x00, 0x00, 0x01, 0xB8, 0x00, 0x00, 0xA4, 0x40, 0x68, 0x65, 0x61, 0x64,
        0x61, 0xD3, 0x42, 0xF0, 0x00, 0x00, 0xA5, 0xF8, 0x00, 0x00, 0x00, 0x36, 0x68, 0x68, 0x65, 0x61,
        0x07, 0x37, 0x02, 0xF1, 0x00, 0x00, 0xA6, 0x30, 0x00, 0x00, 0x00, 0x24, 0x68, 0x6D, 0x74, 0x78,
        0x46, 0x91, 0x44, 0x1F, 0x00, 0x00, 0xA6, 0x54, 0x00, 0x00, 0x01, 0xDC, 0x6C, 0x6F, 0x63, 0x61,
        0x00, 0x24, 0x17, 0x3C, 0x00, 0x00, 0xA8, 0x30, 0x00, 0x00, 0x01, 0xE0, 0x6D, 0x61, 0x78, 0x70,
        0x00, 0x7D, 0x00, 0xFB, 0x00, 0x00, 0xAA, 0x10, 0x00, 0x00, 0x00, 0x20, 0x6E, 0x61, 0x6D, 0x65,
        0x1E, 0xCD, 0x36, 0x7F, 0x00, 0x00, 0xAA, 0x30, 0x00, 0x00, 0x01, 0x7C, 0x70, 0x6F, 0x73, 0x74,
        0x00, 0x03, 0x00, 0x00, 0x00, 0x00, 0xAB, 0xAC, 0x00, 0x00, 0x00, 0x20, 0x00, 0x04, 0x03, 0xE8,
        0x01, 0x90, 0x00, 0x05, 0x00, 0x00, 0x00, 0xC8, 0x00, 0x64, 0x00, 0x00, 0x00, 0x00, 0x00, 0x00,
        0x00, 0x00, 0x00, 0x00, 0x00, 0x00, 0x00, 0x00, 0x00, 0x00, 0x00, 0x00, 0x00, 0x00, 0x00, 0x00,
        0x00, 0x00, 0x00, 0x00, 0x00, 0x00, 0x00, 0x00, 0x00, 0x00, 0x00, 0x00, 0x00, 0x00, 0x00, 0x00,
        0x00, 0x00, 0x00, 0x00, 0x00, 0x00, 0x53, 0x69, 0x78, 0x4C, 0x00, 0x40, 0x00, 0x20, 0x25, 0x88,
        0x04, 0x79, 0xFE, 0x91, 0x00, 0x00, 0x03, 0x79, 0x01, 0x6F, 0x00, 0x00, 0x00, 0x00, 0x00, 0x00,
        0x00, 0x00, 0x00, 0x00, 0x02, 0xA6, 0x00, 0x00, 0x00, 0x20, 0x00, 0x00, 0x00, 0x00, 0x00, 0x01,
        0x00, 0x03, 0x00, 0x01, 0x00, 0x00, 0x00, 0x0C, 0x00, 0x04, 0x00, 0xA0, 0x00, 0x00, 0x00, 0x24,
        0x00, 0x20, 0x00, 0x04, 0x00, 0x04, 0x00, 0x7E, 0x00, 0xA5, 0x00, 0xA8, 0x00, 0xB4, 0x00, 0xB8,
        0x00, 0xC6, 0x00, 0xD1, 0x00, 0xD6, 0x00, 0xD8, 0x00, 0xDC, 0x00, 0xDF, 0x00, 0xE6, 0x00, 0xF8,
        0x01, 0x33, 0x20, 0x15, 0x22, 0x23, 0x25, 0x88, 0xFF, 0xFF, 0x00, 0x00, 0x00, 0x20, 0x00, 0xA3,
        0x00, 0xA7, 0x00, 0xB4, 0x00, 0xB8, 0x00, 0xC4, 0x00, 0xD1, 0x00, 0xD6, 0x00, 0xD8, 0x00, 0xDC,
        0x00, 0xDF, 0x00, 0xE5, 0x00, 0xF8, 0x01, 0x32, 0x20, 0x15, 0x22, 0x23, 0x25, 0x88, 0xFF, 0xFF,
        0xFF, 0xE1, 0xFF, 0xBD, 0xFF, 0xBC, 0xFF, 0xB1, 0xFF, 0xAE, 0xFF, 0xA3, 0xFF, 0x99, 0xFF, 0x95,
        0xFF, 0x94, 0xFF, 0x91, 0xFF, 0x8F, 0xFF, 0x8A, 0xFF, 0x79, 0xFF, 0x40, 0xE0, 0x5F, 0xDE, 0x52,
        0xDA, 0xEE, 0x00, 0x01, 0x00, 0x00, 0x00, 0x00, 0x00, 0x00, 0x00, 0x00, 0x00, 0x00, 0x00, 0x00,
        0x00, 0x00, 0x00, 0x00, 0x00, 0x00, 0x00, 0x00, 0x00, 0x00, 0x00, 0x00, 0x00, 0x00, 0x00, 0x00,
        0x00, 0x00, 0x00, 0x00, 0x00, 0x00, 0x00, 0x00, 0x00, 0x02, 0x01, 0x27, 0x00, 0x04, 0x01, 0x9D,
        0x02, 0xA6, 0x00, 0x03, 0x00, 0x07, 0x00, 0x00, 0x01, 0x01, 0x01, 0x01, 0x01, 0x01, 0x01, 0x01,
        0x01, 0x2F, 0x00, 0x0D, 0x00, 0x51, 0x00, 0x10, 0xFF, 0x8A, 0x00, 0x00, 0x00, 0x6E, 0x00, 0x00,
        0x02, 0xA6, 0xFE, 0x57, 0x00, 0x00, 0x01, 0xA9, 0xFD, 0xC6, 0xFF, 0x98, 0x00, 0x00, 0x00, 0x68,
        0x00, 0x02, 0x00, 0xAF, 0x01, 0xA1, 0x02, 0x0D, 0x02, 0xA6, 0x00, 0x03, 0x00, 0x07, 0x00, 0x00,
        0x01, 0x01, 0x01, 0x01, 0x01, 0x01, 0x01, 0x01, 0x00, 0xFC, 0x00, 0x20, 0xFF, 0x93, 0x00, 0x00,
        0x01, 0x40, 0x00, 0x1E, 0xFF, 0x93, 0x00, 0x00, 0x01, 0xA1, 0x01, 0x05, 0x00, 0x00, 0xFE, 0xFB,
        0x00, 0x00, 0x01, 0x05, 0x00, 0x00, 0xFE, 0xFB, 0x00, 0x02, 0x00, 0x96, 0x00, 0x00, 0x02, 0x26,
        0x02, 0xA6, 0x00, 0x1B, 0x00, 0x1F, 0x00, 0x00, 0x01, 0x01, 0x01, 0x01, 0x01, 0x01, 0x01, 0x01,
        0x01, 0x01, 0x01, 0x01, 0x01, 0x01, 0x01, 0x01, 0x01, 0x01, 0x01, 0x01, 0x01, 0x01, 0x01, 0x01,
        0x01, 0x01, 0x01, 0x01, 0x01, 0x01, 0x01, 0x01, 0x01, 0x3D, 0x00, 0x29, 0xFF, 0xBC, 0xFF, 0xD8,
        0xFF, 0xBD, 0xFF, 0xEF, 0x00, 0x48, 0xFF, 0xDE, 0xFF, 0xDA, 0xFF, 0xF0, 0x00, 0x28, 0xFF, 0xD8,
        0x00, 0x46, 0x00, 0x29, 0x00, 0x79, 0xFF, 0xDA, 0x00, 0x47, 0x00, 0x25, 0x00, 0x41, 0x00, 0x10,
        0xFF, 0xBB, 0x00, 0x22, 0x00, 0x23, 0x00, 0x11, 0xFF, 0xD9, 0x00, 0x27, 0xFF, 0xBA, 0xFF, 0xD8,
        0xFF, 0x58, 0x00, 0x21, 0x00, 0x7A, 0xFF, 0xDE, 0x01, 0xE2, 0x00, 0xC4, 0x00, 0x00, 0xFF, 0x3C,
        0x00, 0x00, 0xFF, 0xBF, 0x00, 0x00, 0xFF, 0x5C, 0x00, 0x00, 0xFF, 0xBF, 0x00, 0x00, 0xFF, 0x44,
        0x00, 0x00, 0x00, 0xBC, 0x00, 0x00, 0xFF, 0x44, 0x00, 0x00, 0x00, 0xBC, 0x00, 0x00, 0x00, 0x41,
        0x00, 0x00, 0x00, 0xA4, 0x00, 0x00, 0x00, 0x41, 0x00, 0x00, 0x00, 0xC4, 0x00, 0x00, 0xFF, 0x3C,
        0xFF, 0x1C, 0x00, 0x9F, 0x00, 0x00, 0xFF, 0x61, 0x00, 0x03, 0x00, 0x86, 0x00, 0x00, 0x02, 0x36,
        0x02, 0xA6, 0x00, 0x16, 0x00, 0x2E, 0x00, 0xB4, 0x00, 0x00, 0x01, 0x01, 0x01, 0x01, 0x01, 0x01,
        0x01, 0x01, 0x01, 0x01, 0x01, 0x01, 0x01, 0x01, 0x01, 0x01, 0x01, 0x01, 0x01, 0x01, 0x01, 0x01,
        0x01, 0x01, 0x01, 0x01, 0x01, 0x01, 0x01, 0x01, 0x01, 0x01, 0x01, 0x01, 0x01, 0x01, 0x01, 0x01,
        0x01, 0x01, 0x01, 0x01, 0x01, 0x01, 0x01, 0x01, 0x01, 0x01, 0x01, 0x01, 0x01, 0x01, 0x01, 0x01,
        0x01, 0x01, 0x01, 0x01, 0x01, 0x01, 0x01, 0x01, 0x01, 0x01, 0x01, 0x01, 0x01, 0x01, 0x01, 0x01,
        0x01, 0x01, 0x01, 0x01, 0x01, 0x01, 0x01, 0x01, 0x01, 0x01, 0x01, 0x01, 0x01, 0x01, 0x01, 0x01,
        0x01, 0x01, 0x01, 0x01, 0x01, 0x01, 0x01, 0x01, 0x01, 0x01, 0x01, 0x01, 0x01, 0x01, 0x01, 0x01,
        0x01, 0x01, 0x01, 0x01, 0x01, 0x01, 0x01, 0x01, 0x01, 0x01, 0x01, 0x01, 0x01, 0x01, 0x01, 0x01,
        0x01, 0x01, 0x01, 0x01, 0x01, 0x01, 0x01, 0x01, 0x01, 0x01, 0x01, 0x01, 0x01, 0x01, 0x01, 0x01,
        0x01, 0x01, 0x01, 0x01, 0x01, 0x01, 0x01, 0x01, 0x01, 0x01, 0x01, 0x01, 0x01, 0x01, 0x01, 0x01,
        0x01, 0x01, 0x01, 0x01, 0x01, 0x01, 0x01, 0x01, 0x01, 0x01, 0x01, 0x01, 0x01, 0x01, 0x01, 0x01,
        0x01, 0x01, 0x01, 0x01, 0x01, 0x01, 0x01, 0x01, 0x01, 0x01, 0x01, 0x01, 0x01, 0x01, 0x01, 0x01,
        0x39, 0xFF, 0xE1, 0xFF, 0xF0, 0xFF, 0xF2, 0xFF, 0xF5, 0xFF, 0xF8, 0xFF, 0xFC, 0xFF, 0xFD, 0xFF,
        0xFD, 0xFF, 0xFF, 0xFF, 0xFF, 0x00, 0x01, 0x00, 0x02, 0x00, 0x03, 0x00, 0x02, 0x00, 0x05, 0x00,
        0x04, 0x00, 0x06, 0x00, 0x06, 0x00, 0x08, 0x00, 0x10, 0x00, 0x11, 0x00, 0x16, 0x00, 0x4A, 0x00,
        0x1A, 0x00, 0x13, 0x00, 0x0E, 0x00, 0x0B, 0x00, 0x05, 0x00, 0x05, 0x00, 0x05, 0x00, 0x02, 0x00,
        0x03, 0x00, 0x01, 0x00, 0x01, 0x00, 0x00, 0xFF, 0xFE, 0xFF, 0xFF, 0xFF, 0xFD, 0xFF, 0xFD, 0xFF,
        0xFB, 0xFF, 0xF7, 0xFF, 0xFA, 0xFF, 0xF9, 0xFF, 0xF0, 0xFF, 0xED, 0xFF, 0xEB, 0xFF, 0xFF, 0xFF,
        0xB9, 0x00, 0x00, 0xFF, 0xEC, 0xFF, 0xEC, 0xFF, 0xEC, 0xFF, 0xF0, 0xFF, 0xF0, 0xFF, 0xF1, 0xFF,
        0xF2, 0xFF, 0xF5, 0xFF, 0xF4, 0xFF, 0xF7, 0xFF, 0xF7, 0xFF, 0xFA, 0xFF, 0xF9, 0xFF, 0xFD, 0xFF,
        0xFD, 0x00, 0x00, 0x00, 0x00, 0x00, 0x02, 0x00, 0x03, 0x00, 0x05, 0x00, 0x07, 0x00, 0x08, 0x00,
        0x08, 0x00, 0x0A, 0x00, 0x0B, 0x00, 0x0E, 0x00, 0x0F, 0x00, 0x0F, 0x00, 0x10, 0x00, 0x13, 0x00,
        0x15, 0x00, 0x1B, 0x00, 0x00, 0xFF, 0xE7, 0xFF, 0xEF, 0xFF, 0xF8, 0xFF, 0xF9, 0xFF, 0xF5, 0xFF,
        0xFA, 0xFF, 0xFC, 0xFF, 0xFC, 0xFF, 0xFD, 0xFF, 0xFD, 0xFF, 0xFF, 0xFF, 0xFF, 0x00, 0x00, 0xFF,
        0xA5, 0x00, 0x00, 0x00, 0x02, 0x00, 0x04, 0x00, 0x07, 0x00, 0x04, 0x00, 0x07, 0x00, 0x08, 0x00,
        0x08, 0x00, 0x09, 0x00, 0x0A, 0x00, 0x0A, 0x00, 0x0B, 0x00, 0x0B, 0x00, 0x0B, 0x00, 0x0B, 0x00,
        0x0E, 0x00, 0x0C, 0x00, 0x0E, 0x00, 0x1C, 0x00, 0x00, 0x00, 0x47, 0x00, 0x00, 0x00, 0x17, 0x00,
        0x13, 0x00, 0x16, 0x00, 0x13, 0x00, 0x12, 0x00, 0x11, 0x00, 0x0F, 0x00, 0x0C, 0x00, 0x09, 0x00,
        0x06, 0x00, 0x07, 0x00, 0x04, 0x00, 0x05, 0x00, 0x02, 0x00, 0x02, 0x00, 0x00, 0x00, 0x00, 0xFF,
        0xFE, 0xFF, 0xFC, 0xFF, 0xFC, 0xFF, 0xFA, 0xFF, 0xF8, 0xFF, 0xF8, 0xFF, 0xF5, 0xFF, 0xF6, 0xFF,
        0xF3, 0xFF, 0xF1, 0xFF, 0xF2, 0xFF, 0xEE, 0xFF, 0xED, 0xFF, 0xD0, 0x00, 0x00, 0x00, 0x16, 0x00,
        0x0F, 0x00, 0x0B, 0x00, 0x06, 0x00, 0x04, 0x00, 0x04, 0x00, 0x03, 0x00, 0x03, 0x00, 0x02, 0x00,
        0x01, 0x00, 0x01, 0x00, 0x00, 0x00, 0x5C, 0x00, 0x00, 0xFF, 0xFE, 0xFF, 0xFE, 0xFF, 0xFB, 0xFF,
        0xFC, 0xFF, 0xFA, 0xFF, 0xFB, 0xFF, 0xF8, 0xFF, 0xFA, 0xFF, 0xF7, 0xFF, 0xF6, 0xFF, 0xF6, 0xFF,
        0xEA, 0xFF, 0xF5, 0xFF, 0xF2, 0xFF, 0xE6, 0xFF, 0xE8, 0x01, 0x97, 0x00, 0x0B, 0x00, 0x06, 0x00,
        0x08, 0x00, 0x07, 0x00, 0x0A, 0x00, 0x07, 0x00, 0x05, 0x00, 0x08, 0x00, 0x06, 0x00, 0x0E, 0x00,
        0x0D, 0x00, 0x06, 0x00, 0x09, 0x00, 0x05, 0x00, 0x06, 0x00, 0x04, 0x00, 0x05, 0x00, 0x04, 0x00,
        0x03, 0x00, 0x05, 0x00, 0x03, 0x00, 0x01, 0xFE, 0xF8, 0xFF, 0xF7, 0xFF, 0xF8, 0xFF, 0xF8, 0xFF,
        0xF7, 0xFF, 0xFB, 0xFF, 0xF9, 0xFF, 0xFA, 0xFF, 0xFB, 0xFF, 0xF7, 0xFF, 0xFB, 0xFF, 0xF3, 0xFF,
        0xF9, 0xFF, 0xF6, 0xFF, 0xFA, 0xFF, 0xF8, 0xFF, 0xFB, 0xFF, 0xFA, 0xFF, 0xF6, 0xFF, 0xFC, 0xFF,
        0xFC, 0xFF, 0xF9, 0xFF, 0xFB, 0xFF, 0xFE, 0x02, 0x23, 0x00, 0x00, 0xFF, 0xD2, 0xFF, 0xFE, 0xFF,
        0xFD, 0xFF, 0xFC, 0xFF, 0xFB, 0xFF, 0xFA, 0xFF, 0xFA, 0xFF, 0xF8, 0xFF, 0xF8, 0xFF, 0xF6, 0xFF,
        0xF6, 0xFF, 0xF3, 0xFF, 0xF4, 0xFF, 0xF0, 0xFF, 0xF1, 0xFF, 0xF1, 0xFF, 0xEF, 0xFF, 0xF2, 0xFF,
        0xF1, 0xFF, 0xF4, 0xFF, 0xF3, 0xFF, 0xF4, 0xFF, 0xF4, 0xFF, 0xF5, 0xFF, 0xF6, 0xFF, 0xF7, 0xFF,
        0xF6, 0xFF, 0xF7, 0xFF, 0xF8, 0xFF, 0xF9, 0xFF, 0xF8, 0xFF, 0xF8, 0xFF, 0xF8, 0xFF, 0x4B, 0x00,
        0x00, 0x00, 0x03, 0x00, 0x02, 0x00, 0x02, 0x00, 0x07, 0x00, 0x04, 0x00, 0x04, 0x00, 0x06, 0x00,
        0x05, 0x00, 0x08, 0x00, 0x06, 0x00, 0x09, 0x00, 0x07, 0x00, 0x00, 0xFF, 0xE8, 0xFF, 0xF1, 0xFF,
        0xF1, 0xFF, 0xF0, 0xFF, 0xF9, 0xFF, 0xF6, 0xFF, 0xF7, 0xFF, 0xF8, 0xFF, 0xF8, 0xFF, 0xF9, 0xFF,
        0xFA, 0xFF, 0xFB, 0xFF, 0xFB, 0xFF, 0xFB, 0xFF, 0xFD, 0xFF, 0xFC, 0xFF, 0xFE, 0xFF, 0xFF, 0xFF,
        0xFF, 0xFF, 0xD1, 0x00, 0x00, 0x00, 0x2F, 0x00, 0x04, 0x00, 0x04, 0x00, 0x07, 0x00, 0x08, 0x00,
        0x0A, 0x00, 0x0B, 0x00, 0x0D, 0x00, 0x0C, 0x00, 0x0B, 0x00, 0x0A, 0x00, 0x0D, 0x00, 0x0A, 0x00,
        0x0E, 0x00, 0x0C, 0x00, 0x0D, 0x00, 0x0C, 0x00, 0x0E, 0x00, 0x0F, 0x00, 0x0E, 0x00, 0x0E, 0x00,
        0x0C, 0x00, 0x0B, 0x00, 0x0B, 0x00, 0x0C, 0x00, 0x09, 0x00, 0x0A, 0x00, 0x08, 0x00, 0x09, 0x00,
        0x08, 0x00, 0x08, 0x00, 0x12, 0x00, 0xA1, 0xFF, 0xFF, 0xFF, 0xFE, 0xFF, 0xFC, 0xFF, 0xFC, 0xFF,
        0xFE, 0xFF, 0xFB, 0xFF, 0xFC, 0xFF, 0xFA, 0xFF, 0xFB, 0xFF, 0xF7, 0xFF, 0xF9, 0xFF, 0xF2, 0x00,
        0x00, 0x00, 0x13, 0x00, 0x0C, 0x00, 0x0C, 0x00, 0x0E, 0x00, 0x08, 0x00, 0x0A, 0x00, 0x07, 0x00,
        0x09, 0x00, 0x06, 0x00, 0x08, 0x00, 0x07, 0x00, 0x07, 0x00, 0x0B, 0x00, 0x05, 0x00, 0x05, 0x00,
        0x07, 0x00, 0x03, 0x00, 0x00, 0x05, 0x00, 0x91, 0xFF, 0xF8, 0x02, 0x2F, 0x02, 0xA6, 0x00, 0x40,
        0x00, 0x62, 0x00, 0xA3, 0x00, 0xC4, 0x00, 0xCA, 0x00, 0x00, 0x01, 0x01, 0x01, 0x01, 0x01, 0x01,
        0x01, 0x01, 0x01, 0x01, 0x01, 0x01, 0x01, 0x01, 0x01, 0x01, 0x01, 0x01, 0x01, 0x01, 0x01, 0x01,
        0x01, 0x01, 0x01, 0x01, 0x01, 0x01, 0x01, 0x01, 0x01, 0x01, 0x01, 0x01, 0x01, 0x01, 0x01, 0x01,
        0x01, 0x01, 0x01, 0x01, 0x01, 0x01, 0x01, 0x01, 0x01, 0x01, 0x01, 0x01, 0x01, 0x01, 0x01, 0x01,
        0x01, 0x01, 0x01, 0x01, 0x01, 0x01, 0x01, 0x01, 0x01, 0x01, 0x01, 0x01, 0x01, 0x01, 0x01, 0x01,
        0x01, 0x01, 0x01, 0x01, 0x01, 0x01, 0x01, 0x01, 0x01, 0x01, 0x01, 0x01, 0x01, 0x01, 0x01, 0x01,
        0x01, 0x01, 0x01, 0x01, 0x01, 0x01, 0x01, 0x01, 0x01, 0x01, 0x01, 0x01, 0x01, 0x01, 0x01, 0x01,
        0x01, 0x01, 0x01, 0x01, 0x01, 0x01, 0x01, 0x01, 0x01, 0x01, 0x01, 0x01, 0x01, 0x01, 0x01, 0x01,
        0x01, 0x01, 0x01, 0x01, 0x01, 0x01, 0x01, 0x01, 0x01, 0x01, 0x01, 0x01, 0x01, 0x01, 0x01, 0x01,
        0x01, 0x01, 0x01, 0x01, 0x01, 0x01, 0x01, 0x01, 0x01, 0x01, 0x01, 0x01, 0x01, 0x01, 0x01, 0x01,
        0x01, 0x01, 0x01, 0x01, 0x01, 0x01, 0x01, 0x01, 0x01, 0x01, 0x01, 0x01, 0x01, 0x01, 0x01, 0x01,
        0x01, 0x01, 0x01, 0x01, 0x01, 0x01, 0x01, 0x01, 0x01, 0x01, 0x01, 0x01, 0x01, 0x01, 0x01, 0x01,
        0x01, 0x01, 0x01, 0x01, 0x01, 0x01, 0x01, 0x01, 0x01, 0x01, 0x01, 0x01, 0x01, 0x01, 0x01, 0x01,
        0x01, 0x01, 0x01, 0x01, 0x01, 0x00, 0xF5, 0xFF, 0xF7, 0xFF, 0xF5, 0xFF, 0xF7, 0xFF, 0xF6, 0xFF,
        0xF9, 0xFF, 0xF7, 0xFF, 0xF7, 0xFF, 0xF8, 0xFF, 0xFA, 0xFF, 0xFA, 0xFF, 0xFB, 0xFF, 0xFC, 0xFF,
        0xFD, 0xFF, 0xFE, 0xFF, 0xFF, 0xFF, 0xFF, 0x00, 0x01, 0x00, 0x01, 0x00, 0x02, 0x00, 0x03, 0x00,
        0x05, 0x00, 0x05, 0x00, 0x06, 0x00, 0x06, 0x00, 0x07, 0x00, 0x07, 0x00, 0x09, 0x00, 0x08, 0x00,
        0x0A, 0x00, 0x09, 0x00, 0x0C, 0x00, 0x09, 0x00, 0x09, 0x00, 0x09, 0x00, 0x09, 0x00, 0x0A, 0x00,
        0x08, 0x00, 0x0A, 0x00, 0x06, 0x00, 0x08, 0x00, 0x06, 0x00, 0x06, 0x00, 0x06, 0x00, 0x04, 0x00,
        0x04, 0x00, 0x02, 0x00, 0x02, 0x00, 0x00, 0x00, 0x00, 0xFF, 0xFF, 0xFF, 0xFE, 0xFF, 0xFD, 0xFF,
        0xFD, 0xFF, 0xFC, 0xFF, 0xFA, 0xFF, 0xF9, 0xFF, 0xF9, 0xFF, 0xF7, 0xFF, 0xF7, 0xFF, 0xF9, 0xFF,
        0xF6, 0xFF, 0xF8, 0xFF, 0xF5, 0xFF, 0xF7, 0xFF, 0xFC, 0x00, 0x0A, 0x00, 0x08, 0x00, 0x06, 0x00,
        0x05, 0x00, 0x03, 0x00, 0x03, 0x00, 0x01, 0x00, 0x00, 0x00, 0x00, 0xFF, 0xFF, 0xFF, 0xFD, 0xFF,
        0xFD, 0xFF, 0xFB, 0xFF, 0xF9, 0xFF, 0xF6, 0xFF, 0xF9, 0xFF, 0xF8, 0xFF, 0xF7, 0xFF, 0xFB, 0xFF,
        0xFA, 0xFF, 0xFC, 0xFF, 0xFE, 0xFF, 0xFE, 0xFF, 0xFF, 0x00, 0x00, 0x00, 0x01, 0x00, 0x02, 0x00,
        0x02, 0x00, 0x03, 0x00, 0x03, 0x00, 0x05, 0x00, 0x08, 0x00, 0x09, 0x00, 0xDC, 0xFF, 0xF7, 0xFF,
        0xF5, 0xFF, 0xF8, 0xFF, 0xF5, 0xFF, 0xF9, 0xFF, 0xF7, 0xFF, 0xF8, 0xFF, 0xF8, 0xFF, 0xF9, 0xFF,
        0xFA, 0xFF, 0xFB, 0xFF, 0xFD, 0xFF, 0xFD, 0xFF, 0xFD, 0xFF, 0xFF, 0x00, 0x00, 0x00, 0x00, 0x00,
        0x01, 0x00, 0x02, 0x00, 0x03, 0x00, 0x05, 0x00, 0x05, 0x00, 0x06, 0x00, 0x06, 0x00, 0x08, 0x00,
        0x06, 0x00, 0x09, 0x00, 0x08, 0x00, 0x0A, 0x00, 0x09, 0x00, 0x0C, 0x00, 0x09, 0x00, 0x09, 0x00,
        0x09, 0x00, 0x09, 0x00, 0x0B, 0x00, 0x07, 0x00, 0x0A, 0x00, 0x06, 0x00, 0x08, 0x00, 0x06, 0x00,
        0x06, 0x00, 0x06, 0x00, 0x04, 0x00, 0x04, 0x00, 0x02, 0x00, 0x02, 0x00, 0x00, 0x00, 0x00, 0xFF,
        0xFF, 0xFF, 0xFE, 0xFF, 0xFD, 0xFF, 0xFD, 0xFF, 0xFB, 0xFF, 0xFA, 0xFF, 0xF9, 0xFF, 0xF9, 0xFF,
        0xF8, 0xFF, 0xF7, 0xFF, 0xF9, 0xFF, 0xF6, 0xFF, 0xF8, 0xFF, 0xF5, 0xFF, 0xF7, 0xFF, 0xFA, 0x00,
        0x0A, 0x00, 0x09, 0x00, 0x06, 0x00, 0x04, 0x00, 0x04, 0x00, 0x02, 0x00, 0x01, 0x00, 0x00, 0x00,
        0x00, 0xFF, 0xFF, 0xFF, 0xFD, 0xFF, 0xFD, 0xFF, 0xFB, 0xFF, 0xF9, 0xFF, 0xF6, 0xFF, 0xF9, 0xFF,
        0xF8, 0xFF, 0xF7, 0xFF, 0xFB, 0xFF, 0xFA, 0xFF, 0xFC, 0xFF, 0xFE, 0xFF, 0xFE, 0xFF, 0xFF, 0x00,
        0x00, 0x00, 0x01, 0x00, 0x02, 0x00, 0x03, 0x00, 0x04, 0x00, 0x06, 0x00, 0x07, 0x00, 0x0A, 0x00,
        0x3C, 0xFE, 0x96, 0x00, 0x00, 0x00, 0x32, 0x01, 0x65, 0x00, 0x00, 0x02, 0x9A, 0xFF, 0xFF, 0xFF,
        0xFF, 0xFF, 0xFE, 0xFF, 0xFC, 0xFF, 0xFD, 0xFF, 0xFA, 0xFF, 0xF9, 0xFF, 0xF9, 0xFF, 0xF7, 0xFF,
        0xF7, 0xFF, 0xF6, 0xFF, 0xF7, 0xFF, 0xF5, 0xFF, 0xF7, 0xFF, 0xF3, 0xFF, 0xF7, 0xFF, 0xF6, 0xFF,
        0xF4, 0xFF, 0xF8, 0xFF, 0xF5, 0xFF, 0xF5, 0xFF, 0xF6, 0xFF, 0xF7, 0xFF, 0xFA, 0xFF, 0xF8, 0xFF,
        0xFB, 0xFF, 0xFA, 0xFF, 0xFC, 0xFF, 0xFC, 0xFF, 0xFE, 0xFF, 0xFE, 0x00, 0x00, 0x00, 0x00, 0x00,
        0x02, 0x00, 0x01, 0x00, 0x04, 0x00, 0x04, 0x00, 0x05, 0x00, 0x05, 0x00, 0x08, 0x00, 0x06, 0x00,
        0x09, 0x00, 0x0A, 0x00, 0x0A, 0x00, 0x0B, 0x00, 0x09, 0x00, 0x0B, 0x00, 0x09, 0x00, 0x0D, 0x00,
        0x0A, 0x00, 0x09, 0x00, 0x0C, 0x00, 0x08, 0x00, 0x0A, 0x00, 0x0A, 0x00, 0x09, 0x00, 0x08, 0x00,
        0x06, 0x00, 0x06, 0x00, 0x04, 0x00, 0x04, 0x00, 0x02, 0x00, 0x02, 0x00, 0x01, 0xFF, 0xCB, 0x00,
        0x00, 0xFF, 0xFD, 0xFF, 0xFC, 0xFF, 0xFB, 0xFF, 0xFA, 0xFF, 0xF6, 0xFF, 0xF5, 0xFF, 0xEE, 0xFF,
        0xF2, 0xFF, 0xF4, 0xFF, 0xF6, 0xFF, 0xF9, 0xFF, 0xFB, 0xFF, 0xFB, 0xFF, 0xFE, 0xFF, 0xFF, 0x00,
        0x01, 0x00, 0x02, 0x00, 0x03, 0x00, 0x05, 0x00, 0x07, 0x00, 0x07, 0x00, 0x08, 0x00, 0x0B, 0x00,
        0x18, 0x00, 0x0B, 0x00, 0x0B, 0x00, 0x07, 0x00, 0x04, 0x00, 0x03, 0x00, 0x05, 0x00, 0x03, 0x00,
        0x01, 0xFE, 0x73, 0x00, 0x00, 0xFF, 0xFE, 0xFF, 0xFE, 0xFF, 0xFC, 0xFF, 0xFD, 0xFF, 0xFA, 0xFF,
        0xFA, 0xFF, 0xF8, 0xFF, 0xF8, 0xFF, 0xF6, 0xFF, 0xF6, 0xFF, 0xF8, 0xFF, 0xF4, 0xFF, 0xF4, 0xFF,
        0xF3, 0xFF, 0xF6, 0xFF, 0xF7, 0xFF, 0xF4, 0xFF, 0xF7, 0xFF, 0xF4, 0xFF, 0xF5, 0xFF, 0xF6, 0xFF,
        0xF7, 0xFF, 0xF9, 0xFF, 0xF8, 0xFF, 0xFB, 0xFF, 0xFA, 0xFF, 0xFC, 0xFF, 0xFC, 0xFF, 0xFE, 0xFF,
        0xFE, 0x00, 0x00, 0x00, 0x00, 0x00, 0x01, 0x00, 0x02, 0x00, 0x04, 0x00, 0x04, 0x00, 0x05, 0x00,
        0x06, 0x00, 0x07, 0x00, 0x07, 0x00, 0x09, 0x00, 0x0A, 0x00, 0x0B, 0x00, 0x0B, 0x00, 0x09, 0x00,
        0x0C, 0x00, 0x09, 0x00, 0x0D, 0x00, 0x0A, 0x00, 0x0C, 0x00, 0x0C, 0x00, 0x08, 0x00, 0x0B, 0x00,
        0x09, 0x00, 0x09, 0x00, 0x08, 0x00, 0x07, 0x00, 0x06, 0x00, 0x03, 0x00, 0x04, 0x00, 0x03, 0x00,
        0x01, 0x00, 0x01, 0xFF, 0xC9, 0xFF, 0xFF, 0xFF, 0xFD, 0xFF, 0xFC, 0xFF, 0xFB, 0xFF, 0xF9, 0xFF,
        0xF6, 0xFF, 0xF5, 0xFF, 0xF1, 0xFF, 0xF2, 0xFF, 0xF5, 0xFF, 0xF6, 0xFF, 0xFA, 0xFF, 0xFA, 0xFF,
        0xFC, 0xFF, 0xFE, 0xFF, 0xFF, 0x00, 0x01, 0x00, 0x02, 0x00, 0x03, 0x00, 0x05, 0x00, 0x06, 0x00,
        0x07, 0x00, 0x08, 0x00, 0x0B, 0x00, 0x17, 0x00, 0x0C, 0x00, 0x0A, 0x00, 0x07, 0x00, 0x06, 0x00,
        0x04, 0x00, 0x03, 0x00, 0x02, 0x02, 0x05, 0xFD, 0x8C, 0xFF, 0xCE, 0x00, 0x00, 0x02, 0x70, 0x00,
        0x36, 0x00, 0x00, 0x00, 0x00, 0x03, 0x00, 0x85, 0xFF, 0xF8, 0x02, 0x30, 0x02, 0xA6, 0x00, 0x28,
        0x00, 0x49, 0x00, 0xB4, 0x00, 0x00, 0x01, 0x01, 0x01, 0x01, 0x01, 0x01, 0x01, 0x01, 0x01, 0x01,
        0x01, 0x01, 0x01, 0x01, 0x01, 0x01, 0x01, 0x01, 0x01, 0x01, 0x01, 0x01, 0x01, 0x01, 0x01, 0x01,
        0x01, 0x01, 0x01, 0x01, 0x01, 0x01, 0x01, 0x01, 0x01, 0x01, 0x01, 0x01, 0x01, 0x01, 0x01, 0x01,
        0x01, 0x01, 0x01, 0x01, 0x01, 0x01, 0x01, 0x01, 0x01, 0x01, 0x01, 0x01, 0x01, 0x01, 0x01, 0x01,
        0x01, 0x01, 0x01, 0x01, 0x01, 0x01, 0x01, 0x01, 0x01, 0x01, 0x01, 0x01, 0x01, 0x01, 0x01, 0x01,
        0x01, 0x01, 0x01, 0x01, 0x01, 0x01, 0x01, 0x01, 0x01, 0x01, 0x01, 0x01, 0x01, 0x01, 0x01, 0x01,
        0x01, 0x01, 0x01, 0x01, 0x01, 0x01, 0x01, 0x01, 0x01, 0x01, 0x01, 0x01, 0x01, 0x01, 0x01, 0x01,
        0x01, 0x01, 0x01, 0x01, 0x01, 0x01, 0x01, 0x01, 0x01, 0x01, 0x01, 0x01, 0x01, 0x01, 0x01, 0x01,
        0x01, 0x01, 0x01, 0x01, 0x01, 0x01, 0x01, 0x01, 0x01, 0x01, 0x01, 0x01, 0x01, 0x01, 0x01, 0x01,
        0x01, 0x01, 0x01, 0x01, 0x01, 0x01, 0x01, 0x01, 0x01, 0x01, 0x01, 0x01, 0x01, 0x01, 0x01, 0x01,
        0x01, 0x01, 0x01, 0x01, 0x01, 0x01, 0x01, 0x01, 0x01, 0x01, 0x01, 0x01, 0x01, 0x01, 0x01, 0x01,
        0x01, 0x01, 0x01, 0x01, 0x01, 0x01, 0x01, 0x01, 0x01, 0x01, 0x01, 0x01, 0x1C, 0xFF, 0xEC, 0xFF,
        0xF3, 0xFF, 0xFB, 0xFF, 0xFC, 0xFF, 0xFD, 0xFF, 0xFE, 0x00, 0x00, 0x00, 0x00, 0x00, 0x02, 0x00,
        0x03, 0x00, 0x03, 0x00, 0x05, 0x00, 0x06, 0x00, 0x07, 0x00, 0x08, 0x00, 0x09, 0x00, 0x0A, 0x00,
        0x0A, 0x00, 0x0B, 0x00, 0x0B, 0x00, 0x0B, 0x00, 0x0B, 0x00, 0x09, 0x00, 0x0A, 0x00, 0x08, 0x00,
        0x05, 0x00, 0x06, 0x00, 0x04, 0x00, 0x02, 0x00, 0x02, 0x00, 0x00, 0x00, 0x00, 0xFF, 0xFF, 0xFF,
        0xFE, 0xFF, 0xFA, 0xFF, 0xFB, 0xFF, 0xFA, 0xFF, 0xF3, 0xFF, 0xF2, 0xFF, 0xC6, 0x00, 0x6F, 0xFF,
        0xF7, 0xFF, 0xF6, 0xFF, 0xF6, 0xFF, 0xF5, 0xFF, 0xF6, 0xFF, 0xF5, 0xFF, 0xF5, 0xFF, 0xF2, 0xFF,
        0xF3, 0xFF, 0xF6, 0xFF, 0xF6, 0xFF, 0xF7, 0xFF, 0xF7, 0xFF, 0xF8, 0xFF, 0xF9, 0xFF, 0xFA, 0xFF,
        0xFB, 0xFF, 0xFB, 0xFF, 0xFD, 0xFF, 0xFE, 0xFF, 0xFE, 0x00, 0x00, 0x00, 0x00, 0x00, 0x02, 0x00,
        0x03, 0x00, 0x04, 0x00, 0x05, 0x00, 0x06, 0x00, 0x06, 0x00, 0x07, 0x00, 0x08, 0x00, 0x0A, 0x00,
        0xB6, 0x00, 0x6A, 0xFF, 0xC3, 0x00, 0x0A, 0x00, 0x0B, 0x00, 0x0A, 0x00, 0x08, 0x00, 0x07, 0x00,
        0x04, 0x00, 0x03, 0x00, 0x00, 0xFF, 0xA9, 0xFF, 0xFF, 0xFF, 0xFE, 0xFF, 0xFD, 0xFF, 0xFD, 0xFF,
        0xF9, 0xFF, 0x8B, 0x00, 0x41, 0x00, 0x0F, 0x00, 0x0E, 0x00, 0x0F, 0x00, 0x0D, 0x00, 0x0B, 0x00,
        0x08, 0x00, 0x08, 0x00, 0x04, 0x00, 0x02, 0x00, 0x00, 0xFF, 0xFE, 0xFF, 0xFB, 0xFF, 0xF9, 0xFF,
        0xF7, 0xFF, 0xF5, 0xFF, 0xF2, 0xFF, 0xF0, 0xFF, 0xEE, 0xFF, 0xEE, 0xFF, 0xED, 0xFF, 0xED, 0xFF,
        0xEA, 0xFF, 0xEB, 0xFF, 0xEA, 0xFF, 0xEA, 0xFF, 0xEE, 0xFF, 0xEF, 0xFF, 0xEF, 0xFF, 0xF2, 0xFF,
        0xF3, 0xFF, 0xF8, 0xFF, 0xF9, 0xFF, 0xFB, 0xFF, 0xFB, 0xFF, 0xFE, 0xFF, 0xFF, 0x00, 0x00, 0x00,
        0x01, 0x00, 0x04, 0x00, 0x05, 0x00, 0x06, 0x00, 0x08, 0x00, 0x09, 0x00, 0x0A, 0x00, 0x0D, 0x00,
        0x0F, 0xFF, 0xED, 0xFF, 0xEF, 0xFF, 0xF0, 0xFF, 0xF2, 0xFF, 0xFA, 0xFF, 0xFB, 0xFF, 0xF9, 0xFF,
        0xFC, 0xFF, 0xFE, 0xFF, 0xFE, 0xFF, 0xFF, 0x00, 0x01, 0x00, 0x01, 0x00, 0x03, 0x00, 0x02, 0x00,
        0x04, 0x00, 0x04, 0x00, 0x06, 0x00, 0x06, 0x00, 0x07, 0x00, 0x08, 0x00, 0x09, 0x00, 0x08, 0x00,
        0x0A, 0x00, 0x0B, 0x00, 0x0B, 0x00, 0x0C, 0x00, 0x0C, 0x00, 0x0D, 0x00, 0x10, 0x00, 0x0E, 0x00,
        0x0E, 0x00, 0x0F, 0x00, 0x10, 0x00, 0x10, 0x00, 0x0D, 0x00, 0x0D, 0x00, 0x0D, 0x00, 0x0D, 0x00,
        0x0A, 0x00, 0x0C, 0x00, 0x0A, 0x01, 0x92, 0x00, 0x1F, 0x00, 0x18, 0x00, 0x0B, 0x00, 0x0B, 0x00,
        0x0B, 0x00, 0x08, 0x00, 0x0B, 0x00, 0x0D, 0x00, 0x09, 0x00, 0x0B, 0x00, 0x08, 0x00, 0x0A, 0x00,
        0x09, 0x00, 0x07, 0x00, 0x07, 0x00, 0x05, 0x00, 0x04, 0x00, 0x03, 0x00, 0x01, 0x00, 0x00, 0xFF,
        0xFE, 0xFF, 0xFE, 0xFF, 0xFC, 0xFF, 0xFB, 0xFF, 0xFA, 0xFF, 0xFB, 0xFF, 0xF7, 0xFF, 0xF9, 0xFF,
        0xF7, 0xFF, 0xF7, 0xFF, 0xF6, 0xFF, 0xFB, 0xFF, 0xFB, 0xFF, 0xF8, 0xFF, 0xF3, 0xFF, 0xF8, 0xFF,
        0xF8, 0xFF, 0xF1, 0xFF, 0xF2, 0xFF, 0xD0, 0xFE, 0xC6, 0xFF, 0xFA, 0xFF, 0xFC, 0xFF, 0xFC, 0xFF,
        0xFE, 0xFF, 0xFF, 0xFF, 0xFF, 0x00, 0x01, 0x00, 0x01, 0x00, 0x04, 0x00, 0x03, 0x00, 0x05, 0x00,
        0x05, 0x00, 0x07, 0x00, 0x07, 0x00, 0x08, 0x00, 0x08, 0x00, 0x0A, 0x00, 0x0A, 0x00, 0x0B, 0x00,
        0x09, 0x00, 0x0C, 0x00, 0x0A, 0x00, 0x09, 0x00, 0x0B, 0x00, 0x08, 0x00, 0x0B, 0x00, 0x0B, 0x00,
        0x0A, 0x00, 0x0A, 0x00, 0x09, 0x00, 0x08, 0x00, 0x09, 0xFE, 0xE9, 0x00, 0x00, 0x00, 0x5A, 0x00,
        0x12, 0x00, 0x17, 0x00, 0x1B, 0x00, 0x1C, 0x00, 0x1F, 0x00, 0x1E, 0x00, 0x1D, 0x00, 0x1C, 0x00,
        0x00, 0xFF, 0xD7, 0xFF, 0xDF, 0xFF, 0xED, 0xFF, 0xF0, 0xFF, 0xE0, 0x00, 0xAC, 0x00, 0x34, 0x00,
        0x0D, 0x00, 0x0E, 0x00, 0x10, 0x00, 0x10, 0x00, 0x11, 0x00, 0x0F, 0x00, 0x12, 0x00, 0x10, 0x00,
        0x11, 0x00, 0x13, 0x00, 0x12, 0x00, 0x11, 0x00, 0x10, 0x00, 0x0E, 0x00, 0x0D, 0x00, 0x0E, 0x00,
        0x0B, 0x00, 0x09, 0x00, 0x08, 0x00, 0x05, 0x00, 0x04, 0x00, 0x01, 0xFF, 0xFF, 0xFF, 0xFC, 0xFF,
        0xFA, 0xFF, 0xF9, 0xFF, 0xF6, 0xFF, 0xF5, 0xFF, 0xF4, 0xFF, 0xF1, 0xFF, 0xF5, 0xFF, 0xF3, 0xFF,
        0xF3, 0xFF, 0xF2, 0xFF, 0xF0, 0xFF, 0xF4, 0xFF, 0xF1, 0xFF, 0xEF, 0xFF, 0xEF, 0xFF, 0xF0, 0xFF,
        0xEF, 0xFF, 0xED, 0xFF, 0xED, 0xFF, 0xEE, 0xFF, 0xEA, 0xFF, 0xE9, 0xFF, 0xF1, 0xFF, 0xEF, 0xFF,
        0xEC, 0xFF, 0xEB, 0xFF, 0xF4, 0xFF, 0xF5, 0xFF, 0xEB, 0xFF, 0xF2, 0xFF, 0xF5, 0xFF, 0xE9, 0xFF,
        0xF1, 0xFF, 0xF3, 0xFF, 0xF4, 0xFF, 0xF4, 0xFF, 0xF4, 0xFF, 0xF2, 0xFF, 0xF6, 0xFF, 0xF3, 0xFF,
        0xF7, 0xFF, 0xF5, 0xFF, 0xF5, 0xFF, 0xF7, 0xFF, 0xF8, 0xFF, 0xF8, 0xFF, 0xF9, 0xFF, 0xF9, 0xFF,
        0xFB, 0xFF, 0xFB, 0xFF, 0xFC, 0xFF, 0xFC, 0xFF, 0xFE, 0xFF, 0xFE, 0x00, 0x00, 0x00, 0x00, 0x00,
        0x02, 0x00, 0x01, 0x00, 0x03, 0x00, 0x04, 0x00, 0x05, 0x00, 0x04, 0x00, 0x07, 0x00, 0x07, 0x00,
        0x00, 0x01, 0x01, 0x20, 0x01, 0x6A, 0x01, 0x9C, 0x02, 0xA6, 0x00, 0x03, 0x00, 0x00, 0x01, 0x01,
        0x01, 0x01, 0x01, 0x32, 0x00, 0x58, 0x00, 0x12, 0xFF, 0x84, 0x01, 0x6A, 0x00, 0x00, 0x01, 0x3C,
        0x00, 0x00, 0x00, 0x00, 0x00, 0x01, 0x00, 0xDD, 0x00, 0x00, 0x01, 0xD3, 0x02, 0xA6, 0x00, 0x43,
        0x00, 0x00, 0x01, 0x01, 0x01, 0x01, 0x01, 0x01, 0x01, 0x01, 0x01, 0x01, 0x01, 0x01, 0x01, 0x01,
        0x01, 0x01, 0x01, 0x01, 0x01, 0x01, 0x01, 0x01, 0x01, 0x01, 0x01, 0x01, 0x01, 0x01, 0x01, 0x01,
        0x01, 0x01, 0x01, 0x01, 0x01, 0x01, 0x01, 0x01, 0x01, 0x01, 0x01, 0x01, 0x01, 0x01, 0x01, 0x01,
        0x01, 0x01, 0x01, 0x01, 0x01, 0x01, 0x01, 0x01, 0x01, 0x01, 0x01, 0x01, 0x01, 0x01, 0x01, 0x01,
        0x01, 0x01, 0x01, 0x01, 0x01, 0x01, 0x01, 0x91, 0xFF, 0xEF, 0xFF, 0xEC, 0xFF, 0xF0, 0xFF, 0xEE,
        0xFF, 0xF2, 0xFF, 0xF0, 0xFF, 0xF1, 0xFF, 0xF3, 0xFF, 0xF4, 0xFF, 0xF6, 0xFF, 0xF7, 0xFF, 0xF9,
        0xFF, 0xFA, 0xFF, 0xFD, 0xFF, 0xFD, 0xFF, 0xFF, 0x00, 0x01, 0x00, 0x03, 0x00, 0x03, 0x00, 0x06,
        0x00, 0x07, 0x00, 0x09, 0x00, 0x0B, 0x00, 0x0C, 0x00, 0x0E, 0x00, 0x0D, 0x00, 0x10, 0x00, 0x0E,
        0x00, 0x12, 0x00, 0x10, 0x00, 0x14, 0x00, 0x11, 0x00, 0x42, 0x00, 0x00, 0xFF, 0xF1, 0xFF, 0xF2,
        0xFF, 0xF2, 0xFF, 0xF0, 0xFF, 0xF2, 0xFF, 0xF2, 0xFF, 0xF3, 0xFF, 0xF4, 0xFF, 0xF5, 0xFF, 0xF5,
        0xFF, 0xF8, 0xFF, 0xF9, 0xFF, 0xFB, 0xFF, 0xFD, 0xFF, 0xFF, 0x00, 0x01, 0x00, 0x03, 0x00, 0x04,
        0x00, 0x06, 0x00, 0x07, 0x00, 0x08, 0x00, 0x08, 0x00, 0x0B, 0x00, 0x0A, 0x00, 0x0B, 0x00, 0x0B,
        0x00, 0x0D, 0x00, 0x0D, 0x00, 0x0D, 0x00, 0x0C, 0x00, 0x0F, 0x00, 0x0C, 0x00, 0x00, 0x02, 0xA6,
        0xFF, 0xF3, 0xFF, 0xF1, 0xFF, 0xF0, 0xFF, 0xED, 0xFF, 0xEE, 0xFF, 0xEA, 0xFF, 0xEA, 0xFF, 0xE8,
        0xFF, 0xE8, 0xFF, 0xE9, 0xFF, 0xE7, 0xFF, 0xE9, 0xFF, 0xE6, 0xFF, 0xE9, 0xFF, 0xE8, 0xFF, 0xEA,
        0xFF, 0xE9, 0xFF, 0xE9, 0xFF, 0xE9, 0xFF, 0xE6, 0xFF, 0xE9, 0xFF, 0xE6, 0xFF, 0xE7, 0xFF, 0xE8,
        0xFF, 0xE8, 0xFF, 0xEC, 0xFF, 0xEB, 0xFF, 0xEE, 0xFF, 0xED, 0xFF, 0xF0, 0xFF, 0xF0, 0xFF, 0xF4,
        0x00, 0x00, 0x00, 0x42, 0x00, 0x05, 0x00, 0x07, 0x00, 0x0A, 0x00, 0x0D, 0x00, 0x10, 0x00, 0x11,
        0x00, 0x13, 0x00, 0x15, 0x00, 0x18, 0x00, 0x19, 0x00, 0x19, 0x00, 0x19, 0x00, 0x18, 0x00, 0x17,
        0x00, 0x13, 0x00, 0x15, 0x00, 0x14, 0x00, 0x15, 0x00, 0x16, 0x00, 0x16, 0x00, 0x16, 0x00, 0x13,
        0x00, 0x15, 0x00, 0x11, 0x00, 0x10, 0x00, 0x10, 0x00, 0x0E, 0x00, 0x0C, 0x00, 0x0B, 0x00, 0x08,
        0x00, 0x07, 0x00, 0x04, 0x00, 0x42, 0x00, 0x00, 0x00, 0x01, 0x00, 0xE7, 0x00, 0x00, 0x01, 0xDA,
        0x02, 0xA6, 0x00, 0x42, 0x00, 0x00, 0x01, 0x01, 0x01, 0x01, 0x01, 0x01, 0x01, 0x01, 0x01, 0x01,
        0x01, 0x01, 0x01, 0x01, 0x01, 0x01, 0x01, 0x01, 0x01, 0x01, 0x01, 0x01, 0x01, 0x01, 0x01, 0x01,
        0x01, 0x01, 0x01, 0x01, 0x01, 0x01, 0x01, 0x01, 0x01, 0x01, 0x01, 0x01, 0x01, 0x01, 0x01, 0x01,
        0x01, 0x01, 0x01, 0x01, 0x01, 0x01, 0x01, 0x01, 0x01, 0x01, 0x01, 0x01, 0x01, 0x01, 0x01, 0x01,
        0x01, 0x01, 0x01, 0x01, 0x01, 0x01, 0x01, 0x01, 0x01, 0x00, 0xE7, 0x00, 0x00, 0x00, 0x07, 0x00,
        0x0A, 0x00, 0x10, 0x00, 0x10, 0x00, 0x0F, 0x00, 0x10, 0x00, 0x0F, 0x00, 0x0D, 0x00, 0x0C, 0x00,
        0x08, 0x00, 0x07, 0x00, 0x07, 0x00, 0x05, 0x00, 0x04, 0x00, 0x03, 0x00, 0x01, 0x00, 0x01, 0xFF,
        0xFF, 0xFF, 0xFF, 0xFF, 0xFD, 0xFF, 0xFB, 0xFF, 0xFB, 0xFF, 0xFA, 0xFF, 0xF9, 0xFF, 0xF8, 0xFF,
        0xF3, 0xFF, 0xF3, 0xFF, 0xF1, 0xFF, 0xF2, 0xFF, 0xF0, 0xFF, 0xF1, 0xFF, 0xF6, 0xFF, 0xF9, 0xFF,
        0xF6, 0xFF, 0xF9, 0x00, 0x00, 0x00, 0x41, 0x00, 0x16, 0x00, 0x14, 0x00, 0x14, 0x00, 0x13, 0x00,
        0x12, 0x00, 0x11, 0x00, 0x10, 0x00, 0x0E, 0x00, 0x0B, 0x00, 0x09, 0x00, 0x07, 0x00, 0x04, 0x00,
        0x01, 0x00, 0x00, 0xFF, 0xFD, 0xFF, 0xFC, 0xFF, 0xFA, 0xFF, 0xF8, 0xFF, 0xF7, 0xFF, 0xF4, 0xFF,
        0xF4, 0xFF, 0xF1, 0xFF, 0xEF, 0xFF, 0xF0, 0xFF, 0xED, 0xFF, 0xED, 0xFF, 0xED, 0xFF, 0xED, 0x02,
        0xA6, 0xFF, 0xBE, 0xFF, 0xFE, 0xFF, 0xFC, 0xFF, 0xF6, 0xFF, 0xF4, 0xFF, 0xF2, 0xFF, 0xED, 0xFF,
        0xEB, 0xFF, 0xE9, 0xFF, 0xE8, 0xFF, 0xED, 0xFF, 0xED, 0xFF, 0xED, 0xFF, 0xED, 0xFF, 0xEE, 0xFF,
        0xEE, 0xFF, 0xEF, 0xFF, 0xF1, 0xFF, 0xEF, 0xFF, 0xEF, 0xFF, 0xEE, 0xFF, 0xEE, 0xFF, 0xED, 0xFF,
        0xED, 0xFF, 0xED, 0xFF, 0xED, 0xFF, 0xE8, 0xFF, 0xE9, 0xFF, 0xEB, 0xFF, 0xEF, 0xFF, 0xF2, 0xFF,
        0xF4, 0xFF, 0xFA, 0xFF, 0xFC, 0xFF, 0xFC, 0xFF, 0xFE, 0xFF, 0xBE, 0x00, 0x00, 0x00, 0x10, 0x00,
        0x12, 0x00, 0x14, 0x00, 0x16, 0x00, 0x18, 0x00, 0x1C, 0x00, 0x1D, 0x00, 0x1E, 0x00, 0x1F, 0x00,
        0x1D, 0x00, 0x1F, 0x00, 0x1D, 0x00, 0x1A, 0x00, 0x17, 0x00, 0x1A, 0x00, 0x1A, 0x00, 0x1A, 0x00,
        0x1A, 0x00, 0x19, 0x00, 0x1C, 0x00, 0x18, 0x00, 0x1A, 0x00, 0x18, 0x00, 0x15, 0x00, 0x16, 0x00,
        0x12, 0x00, 0x10, 0x00, 0x0E, 0x00, 0x00, 0x00, 0x00, 0x01, 0x00, 0x6D, 0x00, 0x5A, 0x02, 0x4F,
        0x02, 0x3C, 0x00, 0x0E, 0x00, 0x00, 0x01, 0x01, 0x01, 0x01, 0x01, 0x01, 0x01, 0x01, 0x01, 0x01,
        0x01, 0x01, 0x01, 0x01, 0x01, 0x01, 0x81, 0x00, 0x0E, 0xFF, 0x9C, 0x00, 0x09, 0xFF, 0x61, 0xFF,
        0xD8, 0x00, 0xAA, 0xFF, 0x91, 0x00, 0x50, 0x00, 0x67, 0x00, 0x60, 0x00, 0x5A, 0xFF, 0x89, 0x00,
        0xAD, 0xFF, 0xD5, 0x01, 0x7E, 0x00, 0xBE, 0x00, 0x00, 0xFF, 0x42, 0x00, 0x47, 0xFF, 0x9A, 0xFF,
        0xC8, 0xFF, 0x6F, 0xFF, 0xC4, 0x00, 0x9D, 0xFF, 0x63, 0x00, 0x3C, 0x00, 0x91, 0x00, 0x32, 0x00,
        0x6C, 0x00, 0x00, 0x00, 0x00, 0x01, 0x00, 0x84, 0x00, 0x50, 0x02, 0x38, 0x02, 0x5D, 0x00, 0x0B,
        0x00, 0x00, 0x01, 0x01, 0x01, 0x01, 0x01, 0x01, 0x01, 0x01, 0x01, 0x01, 0x01, 0x01, 0x01, 0x31,
        0xFF, 0x53, 0x00, 0x00, 0x00, 0xAD, 0x00, 0x00, 0x00, 0x59, 0x00, 0x00, 0x00, 0xAE, 0x00, 0x00,
        0xFF, 0x52, 0x00, 0x00, 0xFF, 0xA7, 0x01, 0x9A, 0x00, 0x00, 0xFF, 0x94, 0x00, 0x00, 0xFF, 0x22,
        0x00, 0x00, 0x00, 0xDE, 0x00, 0x00, 0x00, 0x6C, 0x00, 0x00, 0x00, 0xC3, 0x00, 0x00, 0x00, 0x00,
        0x00, 0x01, 0x00, 0xAE, 0xFF, 0x52, 0x02, 0x17, 0x00, 0xB2, 0x00, 0x04, 0x00, 0x00, 0x01, 0x01,
        0x01, 0x01, 0x01, 0x01, 0x6D, 0xFF, 0x41, 0x00, 0x6C, 0x00, 0xFD, 0x00, 0x00, 0x00, 0xB2, 0xFE,
        0xA0, 0x00, 0x00, 0x01, 0x14, 0x00, 0x4C, 0x00, 0x00, 0x01, 0x00, 0x81, 0x01, 0x60, 0x02, 0x3B,
        0x01, 0xDD, 0x00, 0x03, 0x00, 0x00, 0x01, 0x01, 0x01, 0x01, 0x00, 0x81, 0x01, 0xBA, 0x00, 0x00,
        0xFE, 0x46, 0x01, 0x60, 0x00, 0x00, 0x00, 0x7D, 0x00, 0x00, 0x00, 0x00, 0x00, 0x01, 0x00, 0xFA,
        0x00, 0x00, 0x01, 0xC3, 0x00, 0xAE, 0x00, 0x03, 0x00, 0x00, 0x01, 0x01, 0x01, 0x01, 0x00, 0xFA,
        0x00, 0x00, 0x00, 0xC9, 0x00, 0x00, 0x00, 0xAE, 0xFF, 0x52, 0x00, 0x00, 0x00, 0xAE, 0x00, 0x00,
        0x00, 0x01, 0x00, 0xB4, 0x00, 0x00, 0x02, 0x0B, 0x02, 0xA6, 0x00, 0x03, 0x00, 0x00, 0x01, 0x01,
        0x01, 0x01, 0x01, 0xB2, 0xFF, 0x02, 0x00, 0x57, 0x01, 0x00, 0x02, 0xA6, 0xFD, 0x5A, 0x00, 0x00,
        0x02, 0xA6, 0x00, 0x00, 0x00, 0x02, 0x00, 0x85, 0xFF, 0xF8, 0x02, 0x3B, 0x02, 0xA6, 0x00, 0x53,
        0x00, 0x93, 0x00, 0x00, 0x01, 0x01, 0x01, 0x01, 0x01, 0x01, 0x01, 0x01, 0x01, 0x01, 0x01, 0x01,
        0x01, 0x01, 0x01, 0x01, 0x01, 0x01, 0x01, 0x01, 0x01, 0x01, 0x01, 0x01, 0x01, 0x01, 0x01, 0x01,
        0x01, 0x01, 0x01, 0x01, 0x01, 0x01, 0x01, 0x01, 0x01, 0x01, 0x01, 0x01, 0x01, 0x01, 0x01, 0x01,
        0x01, 0x01, 0x01, 0x01, 0x01, 0x01, 0x01, 0x01, 0x01, 0x01, 0x01, 0x01, 0x01, 0x01, 0x01, 0x01,
        0x01, 0x01, 0x01, 0x01, 0x01, 0x01, 0x01, 0x01, 0x01, 0x01, 0x01, 0x01, 0x01, 0x01, 0x01, 0x01,
        0x01, 0x01, 0x01, 0x01, 0x01, 0x01, 0x01, 0x01, 0x01, 0x01, 0x01, 0x01, 0x01, 0x01, 0x01, 0x01,
        0x01, 0x01, 0x01, 0x01, 0x01, 0x01, 0x01, 0x01, 0x01, 0x01, 0x01, 0x01, 0x01, 0x01, 0x01, 0x01,
        0x01, 0x01, 0x01, 0x01, 0x01, 0x01, 0x01, 0x01, 0x01, 0x01, 0x01, 0x01, 0x01, 0x01, 0x01, 0x01,
        0x01, 0x01, 0x01, 0x01, 0x01, 0x01, 0x01, 0x01, 0x01, 0x01, 0x01, 0x01, 0x01, 0x01, 0x01, 0x01,
        0x01, 0x01, 0x01, 0x01, 0x01, 0x01, 0x01, 0x01, 0x01, 0x60, 0xFF, 0xDF, 0xFF, 0xE3, 0xFF, 0xE7,
        0xFF, 0xF4, 0xFF, 0xF6, 0xFF, 0xF6, 0xFF, 0xF7, 0xFF, 0xF8, 0xFF, 0xF8, 0xFF, 0xF8, 0xFF, 0xF8,
        0xFF, 0xF5, 0xFF, 0xF6, 0xFF, 0xFB, 0xFF, 0xFB, 0xFF, 0xF7, 0xFF, 0xF9, 0xFF, 0xFB, 0xFF, 0xFC,
        0xFF, 0xFE, 0xFF, 0xFF, 0x00, 0x01, 0x00, 0x02, 0x00, 0x04, 0x00, 0x05, 0x00, 0x07, 0x00, 0x04,
        0x00, 0x05, 0x00, 0x05, 0x00, 0x05, 0x00, 0x05, 0x00, 0x05, 0x00, 0x0B, 0x00, 0x07, 0x00, 0x06,
        0x00, 0x07, 0x00, 0x09, 0x00, 0x13, 0x00, 0x17, 0x00, 0x1C, 0x00, 0x1C, 0x00, 0x21, 0x00, 0x22,
        0x00, 0x1C, 0x00, 0x1A, 0x00, 0x18, 0x00, 0x12, 0x00, 0x0A, 0x00, 0x07, 0x00, 0x06, 0x00, 0x07,
        0x00, 0x0B, 0x00, 0x05, 0x00, 0x06, 0x00, 0x04, 0x00, 0x06, 0x00, 0x08, 0x00, 0x07, 0x00, 0x05,
        0x00, 0x04, 0x00, 0x02, 0x00, 0x01, 0x00, 0x00, 0xFF, 0xFE, 0xFF, 0xFD, 0xFF, 0xFB, 0xFF, 0xF9,
        0xFF, 0xF7, 0xFF, 0xF8, 0xFF, 0xFA, 0xFF, 0xFA, 0xFF, 0xF5, 0xFF, 0xF9, 0xFF, 0xF8, 0xFF, 0xF8,
        0xFF, 0xF7, 0xFF, 0xF7, 0xFF, 0xF7, 0xFF, 0xF6, 0xFF, 0xF4, 0xFF, 0xE7, 0xFF, 0xE4, 0xFF, 0xDF,
        0xFF, 0xFC, 0x00, 0x1B, 0x00, 0x12, 0x00, 0x0F, 0x00, 0x0D, 0x00, 0x0C, 0x00, 0x08, 0x00, 0x07,
        0x00, 0x06, 0x00, 0x05, 0x00, 0x04, 0x00, 0x03, 0x00, 0x03, 0x00, 0x02, 0x00, 0x02, 0x00, 0x01,
        0x00, 0x01, 0xFF, 0xFF, 0xFF, 0xFF, 0xFF, 0xFE, 0xFF, 0xFD, 0xFF, 0xFC, 0xFF, 0xFD, 0xFF, 0xFB,
        0xFF, 0xFB, 0xFF, 0xFA, 0xFF, 0xFA, 0xFF, 0xF7, 0xFF, 0xF4, 0xFF, 0xF4, 0xFF, 0xEF, 0xFF, 0xEC,
        0xFF, 0xEB, 0xFF, 0xEB, 0xFF, 0xED, 0xFF, 0xEF, 0xFF, 0xF3, 0xFF, 0xF5, 0xFF, 0xF7, 0xFF, 0xFA,
        0xFF, 0xFA, 0xFF, 0xFB, 0xFF, 0xFC, 0xFF, 0xFC, 0xFF, 0xFC, 0xFF, 0xFD, 0xFF, 0xFE, 0xFF, 0xFF,
        0xFF, 0xFF, 0x00, 0x01, 0x00, 0x01, 0x00, 0x02, 0x00, 0x03, 0x00, 0x04, 0x00, 0x04, 0x00, 0x05,
        0x00, 0x06, 0x00, 0x06, 0x00, 0x08, 0x00, 0x0B, 0x00, 0x0D, 0x00, 0x0F, 0x00, 0x12, 0x00, 0x1A,
        0x02, 0xA6, 0xFF, 0xFF, 0xFF, 0xFE, 0xFF, 0xFC, 0xFF, 0xFD, 0xFF, 0xFC, 0xFF, 0xFD, 0xFF, 0xFB,
        0xFF, 0xFB, 0xFF, 0xFA, 0xFF, 0xFA, 0xFF, 0xF8, 0xFF, 0xF1, 0xFF, 0xEE, 0xFF, 0xF5, 0xFF, 0xF4,
        0xFF, 0xDF, 0xFF, 0xDE, 0xFF, 0xDB, 0xFF, 0xDA, 0xFF, 0xD7, 0xFF, 0xD0, 0xFF, 0xCE, 0xFF, 0xD1,
        0xFF, 0xD5, 0xFF, 0xD9, 0xFF, 0xDE, 0xFF, 0xEF, 0xFF, 0xF1, 0xFF, 0xF1, 0xFF, 0xF5, 0xFF, 0xF5,
        0xFF, 0xF6, 0xFF, 0xF1, 0xFF, 0xF9, 0xFF, 0xFB, 0xFF, 0xFC, 0xFF, 0xFA, 0xFF, 0xF8, 0xFF, 0xFA,
        0xFF, 0xFB, 0xFF, 0xFD, 0xFF, 0xFF, 0x00, 0x01, 0x00, 0x03, 0x00, 0x04, 0x00, 0x07, 0x00, 0x08,
        0x00, 0x05, 0x00, 0x05, 0x00, 0x05, 0x00, 0x07, 0x00, 0x0F, 0x00, 0x0A, 0x00, 0x0B, 0x00, 0x0B,
        0x00, 0x0F, 0x00, 0x1C, 0x00, 0x23, 0x00, 0x23, 0x00, 0x2B, 0x00, 0x2C, 0x00, 0x32, 0x00, 0x32,
        0x00, 0x2B, 0x00, 0x26, 0x00, 0x26, 0x00, 0x22, 0x00, 0x20, 0x00, 0x18, 0x00, 0x0B, 0x00, 0x0A,
        0x00, 0x0F, 0x00, 0x08, 0x00, 0x07, 0x00, 0x06, 0x00, 0x05, 0x00, 0x05, 0x00, 0x04, 0x00, 0x03,
        0x00, 0x03, 0x00, 0x05, 0x00, 0x02, 0x00, 0x01, 0xFF, 0xB3, 0x00, 0x00, 0xFF, 0xFF, 0xFF, 0xFE,
        0xFF, 0xFC, 0xFF, 0xFB, 0xFF, 0xF9, 0xFF, 0xF8, 0xFF, 0xF6, 0xFF, 0xF3, 0xFF, 0xF1, 0xFF, 0xEC,
        0xFF, 0xE6, 0xFF, 0xE1, 0xFF, 0xD9, 0xFF, 0xD6, 0xFF, 0xD6, 0xFF, 0xD7, 0xFF, 0xDA, 0xFF, 0xDB,
        0xFF, 0xDE, 0xFF, 0xE5, 0xFF, 0xEA, 0xFF, 0xEE, 0xFF, 0xF1, 0xFF, 0xF7, 0xFF, 0xFA, 0xFF, 0xFB,
        0xFF, 0xFB, 0xFF, 0xFD, 0xFF, 0xFD, 0xFF, 0xFF, 0x00, 0x00, 0x00, 0x00, 0x00, 0x01, 0x00, 0x03,
        0x00, 0x03, 0x00, 0x05, 0x00, 0x05, 0x00, 0x06, 0x00, 0x09, 0x00, 0x0C, 0x00, 0x11, 0x00, 0x15,
        0x00, 0x1B, 0x00, 0x20, 0x00, 0x21, 0x00, 0x23, 0x00, 0x28, 0x00, 0x59, 0x00, 0x24, 0x00, 0x20,
        0x00, 0x1B, 0x00, 0x19, 0x00, 0x13, 0x00, 0x0D, 0x00, 0x0A, 0x00, 0x09, 0x00, 0x07, 0x00, 0x06,
        0x00, 0x04, 0x00, 0x02, 0x00, 0x01, 0x00, 0x00, 0x00, 0x01, 0x00, 0xDE, 0x00, 0x00, 0x01, 0xD2,
        0x02, 0xA6, 0x00, 0x06, 0x00, 0x00, 0x01, 0x01, 0x01, 0x01, 0x01, 0x01, 0x01, 0x01, 0x7B, 0x00,
        0x00, 0x00, 0x57, 0x00, 0x00, 0xFF, 0xA2, 0xFF, 0x6A, 0x00, 0x00, 0x02, 0x3A, 0xFD, 0xC6, 0x00,
        0x00, 0x02, 0xA6, 0x00, 0x00, 0xFF, 0x76, 0xFF, 0x89, 0x00, 0x00, 0x00, 0x00, 0x01, 0x00, 0x9C,
        0x00, 0x00, 0x02, 0x19, 0x02, 0xA6, 0x00, 0x64, 0x00, 0x00, 0x01, 0x01, 0x01, 0x01, 0x01, 0x01,
        0x01, 0x01, 0x01, 0x01, 0x01, 0x01, 0x01, 0x01, 0x01, 0x01, 0x01, 0x01, 0x01, 0x01, 0x01, 0x01,
        0x01, 0x01, 0x01, 0x01, 0x01, 0x01, 0x01, 0x01, 0x01, 0x01, 0x01, 0x01, 0x01, 0x01, 0x01, 0x01,
        0x01, 0x01, 0x01, 0x01, 0x01, 0x01, 0x01, 0x01, 0x01, 0x01, 0x01, 0x01, 0x01, 0x01, 0x01, 0x01,
        0x01, 0x01, 0x01, 0x01, 0x01, 0x01, 0x01, 0x01, 0x01, 0x01, 0x01, 0x01, 0x01, 0x01, 0x01, 0x01,
        0x01, 0x01, 0x01, 0x01, 0x01, 0x01, 0x01, 0x01, 0x01, 0x01, 0x01, 0x01, 0x01, 0x01, 0x01, 0x01,
        0x01, 0x01, 0x01, 0x01, 0x01, 0x01, 0x01, 0x01, 0x01, 0x01, 0x01, 0x01, 0x01, 0x01, 0x01, 0x00,
        0xF5, 0x00, 0x00, 0x00, 0x01, 0x00, 0x02, 0x00, 0x03, 0x00, 0x06, 0x00, 0x06, 0x00, 0x07, 0x00,
        0x09, 0x00, 0x09, 0x00, 0x0C, 0x00, 0x0D, 0x00, 0x10, 0x00, 0x1F, 0x00, 0x38, 0x00, 0x18, 0x00,
        0x19, 0x00, 0x12, 0x00, 0x0A, 0x00, 0x0A, 0x00, 0x08, 0x00, 0x06, 0x00, 0x07, 0x00, 0x04, 0x00,
        0x04, 0x00, 0x03, 0x00, 0x02, 0x00, 0x00, 0xFF, 0xFE, 0xFF, 0xFC, 0xFF, 0xF9, 0xFF, 0xF8, 0xFF,
        0xF6, 0xFF, 0xF4, 0xFF, 0xF3, 0xFF, 0xEF, 0xFF, 0xF0, 0xFF, 0xEC, 0xFF, 0xEB, 0xFF, 0xEA, 0xFF,
        0xE8, 0xFF, 0xE8, 0xFF, 0xE8, 0xFF, 0xEA, 0xFF, 0xE9, 0xFF, 0xEA, 0xFF, 0xEA, 0xFF, 0xEB, 0xFF,
        0xEC, 0xFF, 0xF0, 0x00, 0x00, 0x00, 0x17, 0x00, 0x19, 0x00, 0x1B, 0x00, 0x1C, 0x00, 0x1A, 0x00,
        0x19, 0x00, 0x0E, 0x00, 0x0B, 0x00, 0x0B, 0x00, 0x09, 0x00, 0x08, 0x00, 0x0B, 0x00, 0x08, 0x00,
        0x0A, 0x00, 0x07, 0x00, 0x09, 0x00, 0x07, 0x00, 0x06, 0x00, 0x05, 0x00, 0x04, 0x00, 0x04, 0x00,
        0x02, 0x00, 0x01, 0x00, 0x00, 0xFF, 0xFF, 0xFF, 0xFE, 0xFF, 0xFE, 0xFF, 0xFC, 0xFF, 0xF8, 0xFF,
        0xF5, 0xFF, 0xF2, 0xFF, 0xF3, 0xFF, 0xEF, 0xFF, 0xB6, 0xFF, 0xE9, 0xFF, 0xEE, 0xFF, 0xEB, 0xFF,
        0xF0, 0xFF, 0xF1, 0xFF, 0xF4, 0xFF, 0xF4, 0xFF, 0xF7, 0xFF, 0xF8, 0xFF, 0xFB, 0xFF, 0xFC, 0xFF,
        0xFE, 0xFF, 0xFF, 0x00, 0x00, 0x01, 0x75, 0x00, 0x00, 0x00, 0x56, 0x00, 0x11, 0x00, 0x0C, 0x00,
        0x0B, 0x00, 0x0E, 0x00, 0x0D, 0x00, 0x0D, 0x00, 0x0C, 0x00, 0x0C, 0x00, 0x0B, 0x00, 0x0D, 0x00,
        0x0C, 0x00, 0x0D, 0x00, 0x19, 0x00, 0x25, 0x00, 0x12, 0x00, 0x14, 0x00, 0x12, 0x00, 0x0B, 0x00,
        0x0D, 0x00, 0x0D, 0x00, 0x0B, 0x00, 0x0E, 0x00, 0x0D, 0x00, 0x0E, 0x00, 0x0E, 0x00, 0x16, 0x00,
        0x17, 0x00, 0x17, 0x00, 0x15, 0x00, 0x13, 0x00, 0x12, 0x00, 0x10, 0x00, 0x0F, 0x00, 0x0D, 0x00,
        0x0D, 0x00, 0x0A, 0x00, 0x09, 0x00, 0x07, 0x00, 0x05, 0x00, 0x03, 0x00, 0x01, 0xFF, 0xFF, 0xFF,
        0xFD, 0xFF, 0xFC, 0xFF, 0xF9, 0xFF, 0xF8, 0xFF, 0xF6, 0xFF, 0xF5, 0xFF, 0xF4, 0xFF, 0x9B, 0x00,
        0x10, 0x00, 0x0F, 0x00, 0x0D, 0x00, 0x0B, 0x00, 0x08, 0x00, 0x06, 0x00, 0x01, 0x00, 0x01, 0x00,
        0x00, 0xFF, 0xFF, 0xFF, 0xFE, 0xFF, 0xFC, 0xFF, 0xFC, 0xFF, 0xFA, 0xFF, 0xFB, 0xFF, 0xF8, 0xFF,
        0xF7, 0xFF, 0xF9, 0xFF, 0xF5, 0xFF, 0xF8, 0xFF, 0xF5, 0xFF, 0xF7, 0xFF, 0xF7, 0xFF, 0xF6, 0xFF,
        0xF7, 0xFF, 0xF5, 0xFF, 0xF8, 0xFF, 0xF8, 0xFF, 0xF1, 0xFF, 0xF2, 0xFF, 0xF1, 0xFF, 0xF4, 0xFF,
        0xF3, 0xFF, 0xCD, 0xFF, 0xEF, 0xFF, 0xF1, 0xFF, 0xED, 0xFF, 0xEE, 0xFF, 0xEE, 0xFF, 0xEF, 0xFF,
        0xE9, 0xFF, 0xEB, 0xFF, 0xE8, 0xFF, 0xE6, 0xFF, 0xE5, 0xFF, 0xE5, 0xFF, 0xE9, 0xFF, 0xC7, 0x00,
        0x00, 0x00, 0x56, 0x00, 0x00, 0x01, 0x00, 0x94, 0xFF, 0xF8, 0x02, 0x2D, 0x02, 0xA6, 0x00, 0x65,
        0x00, 0x00, 0x01, 0x01, 0x01, 0x01, 0x01, 0x01, 0x01, 0x01, 0x01, 0x01, 0x01, 0x01, 0x01, 0x01,
        0x01, 0x01, 0x01, 0x01, 0x01, 0x01, 0x01, 0x01, 0x01, 0x01, 0x01, 0x01, 0x01, 0x01, 0x01, 0x01,
        0x01, 0x01, 0x01, 0x01, 0x01, 0x01, 0x01, 0x01, 0x01, 0x01, 0x01, 0x01, 0x01, 0x01, 0x01, 0x01,
        0x01, 0x01, 0x01, 0x01, 0x01, 0x01, 0x01, 0x01, 0x01, 0x01, 0x01, 0x01, 0x01, 0x01, 0x01, 0x01,
        0x01, 0x01, 0x01, 0x01, 0x01, 0x01, 0x01, 0x01, 0x01, 0x01, 0x01, 0x01, 0x01, 0x01, 0x01, 0x01,
        0x01, 0x01, 0x01, 0x01, 0x01, 0x01, 0x01, 0x01, 0x01, 0x01, 0x01, 0x01, 0x01, 0x01, 0x01, 0x01,
        0x01, 0x01, 0x01, 0x01, 0x01, 0x01, 0x01, 0x01, 0x02, 0x14, 0xFE, 0x80, 0x00, 0x00, 0x01, 0x0D,
        0xFF, 0x5D, 0x00, 0x00, 0x00, 0x49, 0x00, 0x18, 0x00, 0x0E, 0x00, 0x0E, 0x00, 0x0D, 0x00, 0x0C,
        0x00, 0x0E, 0x00, 0x0A, 0x00, 0x0A, 0x00, 0x08, 0x00, 0x07, 0x00, 0x06, 0x00, 0x04, 0x00, 0x03,
        0x00, 0x01, 0x00, 0x00, 0xFF, 0xFF, 0xFF, 0xFE, 0xFF, 0xFE, 0xFF, 0xFD, 0xFF, 0xFB, 0xFF, 0xFB,
        0xFF, 0xFA, 0xFF, 0xF9, 0xFF, 0xF9, 0xFF, 0xF8, 0xFF, 0xF7, 0xFF, 0xF5, 0xFF, 0xF6, 0xFF, 0xF3,
        0xFF, 0xF2, 0xFF, 0xF3, 0xFF, 0xF1, 0xFF, 0xF2, 0xFF, 0xF1, 0xFF, 0xEF, 0xFF, 0xF0, 0xFF, 0xEF,
        0xFF, 0xF0, 0xFF, 0xF2, 0xFF, 0xF3, 0xFF, 0xF3, 0xFF, 0xF1, 0xFF, 0xF3, 0xFF, 0xF3, 0xFF, 0xF4,
        0x00, 0x00, 0x00, 0x17, 0x00, 0x15, 0x00, 0x15, 0x00, 0x13, 0x00, 0x18, 0x00, 0x16, 0x00, 0x16,
        0x00, 0x18, 0x00, 0x17, 0x00, 0x17, 0x00, 0x17, 0x00, 0x16, 0x00, 0x14, 0x00, 0x12, 0x00, 0x12,
        0x00, 0x0F, 0x00, 0x0E, 0x00, 0x0D, 0x00, 0x0B, 0x00, 0x0A, 0x00, 0x06, 0x00, 0x04, 0x00, 0x05,
        0x00, 0x03, 0x00, 0x02, 0x00, 0x02, 0x00, 0x01, 0xFF, 0xFE, 0xFF, 0xFF, 0xFF, 0xFD, 0xFF, 0xFC,
        0xFF, 0xFC, 0xFF, 0xFB, 0xFF, 0xFA, 0xFF, 0xF5, 0xFF, 0xF9, 0xFF, 0xF7, 0xFF, 0xF9, 0xFF, 0xF6,
        0xFF, 0xF7, 0xFF, 0xF5, 0xFF, 0xF4, 0xFF, 0xF6, 0xFF, 0xF3, 0xFF, 0xF5, 0xFF, 0xF2, 0xFF, 0xF4,
        0xFF, 0xE8, 0x00, 0xA0, 0x02, 0xA6, 0x00, 0x00, 0xFF, 0xA8, 0x00, 0x00, 0xFF, 0x4F, 0xFF, 0xB6,
        0x00, 0x00, 0xFF, 0xFE, 0xFF, 0xFE, 0xFF, 0xFD, 0xFF, 0xFC, 0xFF, 0xFB, 0xFF, 0xF8, 0xFF, 0xF8,
        0xFF, 0xF7, 0xFF, 0xF6, 0xFF, 0xF5, 0xFF, 0xF3, 0xFF, 0xF2, 0xFF, 0xF1, 0xFF, 0xF2, 0xFF, 0xF6,
        0xFF, 0xF2, 0xFF, 0xF3, 0xFF, 0xF7, 0xFF, 0xF5, 0xFF, 0xF5, 0xFF, 0xF6, 0xFF, 0xF7, 0xFF, 0xF8,
        0xFF, 0xF8, 0xFF, 0xFA, 0xFF, 0xF9, 0xFF, 0xFA, 0xFF, 0xFB, 0xFF, 0xFB, 0xFF, 0xFC, 0xFF, 0xFE,
        0xFF, 0xFE, 0xFF, 0xFE, 0x00, 0x00, 0x00, 0x01, 0x00, 0x01, 0x00, 0x02, 0x00, 0x04, 0x00, 0x03,
        0x00, 0x04, 0x00, 0x05, 0x00, 0x07, 0x00, 0x06, 0x00, 0x07, 0x00, 0x09, 0xFF, 0xA0, 0xFF, 0xF6,
        0xFF, 0xF8, 0xFF, 0xF9, 0xFF, 0xFB, 0xFF, 0xFA, 0xFF, 0xFD, 0xFF, 0xFF, 0x00, 0x00, 0x00, 0x01,
        0x00, 0x04, 0x00, 0x05, 0x00, 0x06, 0x00, 0x09, 0x00, 0x08, 0x00, 0x0C, 0x00, 0x0B, 0x00, 0x0D,
        0x00, 0x0F, 0x00, 0x0F, 0x00, 0x11, 0x00, 0x0D, 0x00, 0x0B, 0x00, 0x0F, 0x00, 0x0C, 0x00, 0x0F,
        0x00, 0x0D, 0x00, 0x1C, 0x00, 0x1A, 0x00, 0x0D, 0x00, 0x0F, 0x00, 0x0B, 0x00, 0x0E, 0x00, 0x0B,
        0x00, 0x0C, 0x00, 0x13, 0x00, 0x09, 0x00, 0x0A, 0x00, 0x08, 0x00, 0x08, 0x00, 0x07, 0x00, 0x07,
        0x00, 0x07, 0x00, 0x04, 0x00, 0x05, 0x00, 0x04, 0x00, 0x03, 0x00, 0x02, 0x00, 0x03, 0x00, 0xAA,
        0x00, 0x01, 0x00, 0x83, 0x00, 0x00, 0x02, 0x2D, 0x02, 0xA6, 0x00, 0x0E, 0x00, 0x00, 0x01, 0x01,
        0x01, 0x01, 0x01, 0x01, 0x01, 0x01, 0x01, 0x01, 0x01, 0x01, 0x01, 0x01, 0x01, 0x01, 0xDC, 0x00,
        0x00, 0xFF, 0xA2, 0x00, 0x00, 0xFF, 0x60, 0x00, 0xC8, 0xFF, 0xA0, 0xFF, 0x3D, 0x00, 0x00, 0x00,
        0xFB, 0x00, 0x00, 0x00, 0x5E, 0x00, 0x00, 0x00, 0x51, 0x00, 0x00, 0x00, 0xED, 0x00, 0x8B, 0x00,
        0x00, 0xFF, 0x75, 0x00, 0x00, 0x01, 0xB9, 0x00, 0x00, 0xFE, 0x54, 0xFF, 0x9B, 0x00, 0x00, 0xFF,
        0x6B, 0x00, 0x00, 0x00, 0x95, 0x00, 0x00, 0x00, 0x58, 0x00, 0x00, 0x00, 0x00, 0x01, 0x00, 0xA7,
        0xFF, 0xF8, 0x02, 0x15, 0x02, 0xA6, 0x00, 0x50, 0x00, 0x00, 0x01, 0x01, 0x01, 0x01, 0x01, 0x01,
        0x01, 0x01, 0x01, 0x01, 0x01, 0x01, 0x01, 0x01, 0x01, 0x01, 0x01, 0x01, 0x01, 0x01, 0x01, 0x01,
        0x01, 0x01, 0x01, 0x01, 0x01, 0x01, 0x01, 0x01, 0x01, 0x01, 0x01, 0x01, 0x01, 0x01, 0x01, 0x01,
        0x01, 0x01, 0x01, 0x01, 0x01, 0x01, 0x01, 0x01, 0x01, 0x01, 0x01, 0x01, 0x01, 0x01, 0x01, 0x01,
        0x01, 0x01, 0x01, 0x01, 0x01, 0x01, 0x01, 0x01, 0x01, 0x01, 0x01, 0x01, 0x01, 0x01, 0x01, 0x01,
        0x01, 0x01, 0x01, 0x01, 0x01, 0x01, 0x01, 0x01, 0x01, 0x01, 0x01, 0x01, 0x0C, 0x00, 0xF7, 0x00,
        0x00, 0xFE, 0xB8, 0xFF, 0xEC, 0x00, 0x71, 0x00, 0x16, 0x00, 0x14, 0x00, 0x13, 0x00, 0x13, 0x00,
        0x0F, 0x00, 0x0A, 0x00, 0x08, 0x00, 0x0D, 0x00, 0x06, 0x00, 0x06, 0x00, 0x08, 0x00, 0x07, 0x00,
        0x05, 0x00, 0x02, 0x00, 0x01, 0xFF, 0xFE, 0xFF, 0xFC, 0xFF, 0xFA, 0xFF, 0xFD, 0xFF, 0xFB, 0xFF,
        0xF6, 0xFF, 0xF4, 0xFF, 0xF1, 0xFF, 0xF0, 0xFF, 0xEF, 0xFF, 0xEB, 0xFF, 0xEA, 0xFF, 0xE9, 0xFF,
        0xE8, 0xFF, 0xE9, 0xFF, 0xB9, 0x00, 0x00, 0x00, 0x2C, 0x00, 0x21, 0x00, 0x24, 0x00, 0x22, 0x00,
        0x20, 0x00, 0x1D, 0x00, 0x0F, 0x00, 0x0E, 0x00, 0x19, 0x00, 0x0D, 0x00, 0x0A, 0x00, 0x0A, 0x00,
        0x0A, 0x00, 0x09, 0x00, 0x08, 0x00, 0x0D, 0x00, 0x0B, 0x00, 0x06, 0x00, 0x03, 0x00, 0x04, 0x00,
        0x02, 0x00, 0x03, 0x00, 0x01, 0x00, 0x01, 0xFF, 0xFE, 0xFF, 0xFC, 0xFF, 0xF9, 0xFF, 0xF7, 0xFF,
        0xFB, 0xFF, 0xF8, 0xFF, 0xF3, 0xFF, 0xF9, 0xFF, 0xF7, 0xFF, 0xF7, 0xFF, 0xF6, 0xFF, 0xF5, 0xFF,
        0xF4, 0xFF, 0xE9, 0xFF, 0xE6, 0xFF, 0xE4, 0xFF, 0xE3, 0xFF, 0xE5, 0xFF, 0xDB, 0x02, 0x4E, 0x00,
        0x00, 0x00, 0x58, 0x00, 0x00, 0xFE, 0xC5, 0x00, 0x09, 0x00, 0x00, 0xFF, 0xFE, 0xFF, 0xFD, 0xFF,
        0xFB, 0xFF, 0xFA, 0xFF, 0xFA, 0xFF, 0xFC, 0xFF, 0xF5, 0xFF, 0xF9, 0xFF, 0xF9, 0xFF, 0xF3, 0xFF,
        0xF1, 0xFF, 0xEF, 0xFF, 0xEC, 0xFF, 0xEC, 0xFF, 0xEC, 0xFF, 0xED, 0xFF, 0xEF, 0xFF, 0xF9, 0xFF,
        0xF6, 0xFF, 0xF2, 0xFF, 0xF2, 0xFF, 0xF4, 0xFF, 0xF5, 0xFF, 0xF7, 0xFF, 0xF8, 0xFF, 0xFA, 0xFF,
        0xFB, 0xFF, 0xFD, 0xFF, 0xFF, 0xFF, 0xFF, 0xFF, 0xA9, 0x00, 0x00, 0x00, 0x02, 0x00, 0x04, 0x00,
        0x06, 0x00, 0x08, 0x00, 0x0A, 0x00, 0x06, 0x00, 0x07, 0x00, 0x0E, 0x00, 0x09, 0x00, 0x08, 0x00,
        0x08, 0x00, 0x09, 0x00, 0x09, 0x00, 0x0A, 0x00, 0x14, 0x00, 0x15, 0x00, 0x0D, 0x00, 0x0A, 0x00,
        0x0F, 0x00, 0x0B, 0x00, 0x10, 0x00, 0x0C, 0x00, 0x1D, 0x00, 0x1B, 0x00, 0x19, 0x00, 0x17, 0x00,
        0x15, 0x00, 0x09, 0x00, 0x0C, 0x00, 0x11, 0x00, 0x07, 0x00, 0x09, 0x00, 0x07, 0x00, 0x08, 0x00,
        0x07, 0x00, 0x07, 0x00, 0x0A, 0x00, 0x08, 0x00, 0x07, 0x00, 0x04, 0x00, 0x02, 0x00, 0x00, 0x00,
        0x00, 0x02, 0x00, 0x85, 0xFF, 0xF8, 0x02, 0x37, 0x02, 0xA6, 0x00, 0x57, 0x00, 0x98, 0x00, 0x00,
        0x01, 0x01, 0x01, 0x01, 0x01, 0x01, 0x01, 0x01, 0x01, 0x01, 0x01, 0x01, 0x01, 0x01, 0x01, 0x01,
        0x01, 0x01, 0x01, 0x01, 0x01, 0x01, 0x01, 0x01, 0x01, 0x01, 0x01, 0x01, 0x01, 0x01, 0x01, 0x01,
        0x01, 0x01, 0x01, 0x01, 0x01, 0x01, 0x01, 0x01, 0x01, 0x01, 0x01, 0x01, 0x01, 0x01, 0x01, 0x01,
        0x01, 0x01, 0x01, 0x01, 0x01, 0x01, 0x01, 0x01, 0x01, 0x01, 0x01, 0x01, 0x01, 0x01, 0x01, 0x01,
        0x01, 0x01, 0x01, 0x01, 0x01, 0x01, 0x01, 0x01, 0x01, 0x01, 0x01, 0x01, 0x01, 0x01, 0x01, 0x01,
        0x01, 0x01, 0x01, 0x01, 0x01, 0x01, 0x01, 0x01, 0x01, 0x01, 0x01, 0x01, 0x01, 0x01, 0x01, 0x01,
        0x01, 0x01, 0x01, 0x01, 0x01, 0x01, 0x01, 0x01, 0x01, 0x01, 0x01, 0x01, 0x01, 0x01, 0x01, 0x01,
        0x01, 0x01, 0x01, 0x01, 0x01, 0x01, 0x01, 0x01, 0x01, 0x01, 0x01, 0x01, 0x01, 0x01, 0x01, 0x01,
        0x01, 0x01, 0x01, 0x01, 0x01, 0x01, 0x01, 0x01, 0x01, 0x01, 0x01, 0x01, 0x01, 0x01, 0x01, 0x01,
        0x01, 0x01, 0x01, 0x01, 0x01, 0x01, 0x01, 0x01, 0x01, 0x01, 0x83, 0xFF, 0x57, 0xFF, 0xED, 0xFF,
        0xF1, 0xFF, 0xF5, 0xFF, 0xF7, 0xFF, 0xF8, 0xFF, 0xF8, 0xFF, 0xFB, 0xFF, 0xFB, 0xFF, 0xFD, 0xFF,
        0xFE, 0x00, 0x00, 0x00, 0x01, 0x00, 0x03, 0x00, 0x05, 0x00, 0x07, 0x00, 0x0A, 0x00, 0x0A, 0x00,
        0x08, 0x00, 0x06, 0x00, 0x08, 0x00, 0x08, 0x00, 0x0F, 0x00, 0x0B, 0x00, 0x09, 0x00, 0x13, 0x00,
        0x0D, 0x00, 0x0A, 0x00, 0x17, 0x00, 0x1B, 0x00, 0x19, 0x00, 0x12, 0x00, 0x15, 0x00, 0x11, 0x00,
        0x13, 0x00, 0x10, 0x00, 0x11, 0x00, 0x0E, 0x00, 0x10, 0x00, 0x0E, 0x00, 0x0B, 0x00, 0x0C, 0x00,
        0x09, 0x00, 0x0A, 0x00, 0x06, 0x00, 0x06, 0x00, 0x04, 0x00, 0x03, 0x00, 0x02, 0x00, 0x01, 0x00,
        0x00, 0xFF, 0xFF, 0xFF, 0xFF, 0xFF, 0xFD, 0xFF, 0xFC, 0xFF, 0xFB, 0xFF, 0xFB, 0xFF, 0xF9, 0xFF,
        0xF9, 0xFF, 0xF8, 0xFF, 0xF8, 0xFF, 0xF6, 0xFF, 0xF7, 0xFF, 0xF5, 0xFF, 0xF5, 0xFF, 0xF4, 0xFF,
        0xF4, 0xFF, 0xF3, 0xFF, 0xF3, 0xFF, 0xF2, 0xFF, 0xF5, 0xFF, 0xF1, 0xFF, 0xF4, 0xFF, 0xF1, 0xFF,
        0xF0, 0xFF, 0xF0, 0xFF, 0xF3, 0xFF, 0xF0, 0xFF, 0xF4, 0xFF, 0xFF, 0x00, 0x38, 0x00, 0x1A, 0x00,
        0x1A, 0x00, 0x1A, 0x00, 0x1C, 0x00, 0x1B, 0x00, 0x1A, 0xFF, 0x67, 0x00, 0x0C, 0x00, 0x0F, 0x00,
        0x0B, 0x00, 0x0D, 0x00, 0x0A, 0x00, 0x0B, 0x00, 0x09, 0x00, 0x0A, 0x00, 0x09, 0x00, 0x06, 0x00,
        0x07, 0x00, 0x04, 0x00, 0x05, 0x00, 0x03, 0x00, 0x02, 0x00, 0x01, 0xFF, 0xFF, 0xFF, 0xFF, 0xFF,
        0xFE, 0xFF, 0xFC, 0xFF, 0xFC, 0xFF, 0xFA, 0xFF, 0xF9, 0xFF, 0xF8, 0xFF, 0xF6, 0xFF, 0xF6, 0xFF,
        0xF5, 0xFF, 0xF6, 0xFF, 0xF4, 0xFF, 0xF5, 0xFF, 0xF2, 0xFF, 0xF4, 0xFF, 0xF4, 0xFF, 0xF1, 0xFF,
        0xF5, 0xFF, 0xF3, 0xFF, 0xF6, 0xFF, 0xF4, 0xFF, 0xF8, 0xFF, 0xF6, 0xFF, 0xF7, 0xFF, 0xF9, 0xFF,
        0xF9, 0xFF, 0xFC, 0xFF, 0xFB, 0xFF, 0xFE, 0xFF, 0xFD, 0x00, 0x00, 0x00, 0x00, 0x00, 0x01, 0x00,
        0x02, 0x00, 0x04, 0x00, 0x04, 0x00, 0x06, 0x00, 0x06, 0x00, 0x09, 0x00, 0x09, 0x00, 0x08, 0x00,
        0x0C, 0x00, 0x09, 0x00, 0x0D, 0x00, 0x0B, 0x00, 0x0E, 0x00, 0x0C, 0x02, 0xA6, 0xFF, 0x35, 0xFF,
        0xE6, 0xFF, 0xE9, 0xFF, 0xEB, 0xFF, 0xEC, 0xFF, 0xED, 0xFF, 0xE9, 0xFF, 0xEB, 0xFF, 0xE8, 0xFF,
        0xE9, 0xFF, 0xE6, 0xFF, 0xE2, 0xFF, 0xE6, 0xFF, 0xE7, 0xFF, 0xE6, 0xFF, 0xEA, 0xFF, 0xEA, 0xFF,
        0xED, 0xFF, 0xF6, 0xFF, 0xF8, 0xFF, 0xF6, 0xFF, 0xF9, 0xFF, 0xF3, 0xFF, 0xF9, 0xFF, 0xFB, 0xFF,
        0xF6, 0xFF, 0xFC, 0xFF, 0xFC, 0xFF, 0xFB, 0xFF, 0xFD, 0xFF, 0xFF, 0x00, 0x00, 0x00, 0x03, 0x00,
        0x03, 0x00, 0x05, 0x00, 0x06, 0x00, 0x09, 0x00, 0x08, 0x00, 0x0B, 0x00, 0x0C, 0x00, 0x0C, 0x00,
        0x0F, 0x00, 0x0E, 0x00, 0x11, 0x00, 0x10, 0x00, 0x10, 0x00, 0x12, 0x00, 0x0F, 0x00, 0x0F, 0x00,
        0x10, 0x00, 0x10, 0x00, 0x10, 0x00, 0x0F, 0x00, 0x0F, 0x00, 0x11, 0x00, 0x0F, 0x00, 0x0D, 0x00,
        0x10, 0x00, 0x0D, 0x00, 0x0C, 0x00, 0x0B, 0x00, 0x0B, 0x00, 0x0A, 0x00, 0x0A, 0x00, 0x08, 0x00,
        0x08, 0x00, 0x07, 0x00, 0x06, 0x00, 0x05, 0x00, 0x04, 0x00, 0x02, 0x00, 0x02, 0x00, 0x01, 0x00,
        0x00, 0xFF, 0xFE, 0xFF, 0xFE, 0xFF, 0xFD, 0xFF, 0xFB, 0xFF, 0xFA, 0x00, 0x02, 0x00, 0x4C, 0x00,
        0x22, 0x00, 0x1F, 0x00, 0x1F, 0x00, 0x1F, 0x00, 0x1D, 0x00, 0x1A, 0xFE, 0xB8, 0x00, 0x00, 0xFF,
        0xFE, 0xFF, 0xFD, 0xFF, 0xFC, 0xFF, 0xFB, 0xFF, 0xF9, 0xFF, 0xFA, 0xFF, 0xF6, 0xFF, 0xF6, 0xFF,
        0xF7, 0xFF, 0xF4, 0xFF, 0xF5, 0xFF, 0xF2, 0xFF, 0xF4, 0xFF, 0xF1, 0xFF, 0xF3, 0xFF, 0xF2, 0xFF,
        0xF0, 0xFF, 0xF4, 0xFF, 0xF1, 0xFF, 0xF5, 0xFF, 0xF3, 0xFF, 0xF4, 0xFF, 0xF6, 0xFF, 0xF6, 0xFF,
        0xF8, 0xFF, 0xF9, 0xFF, 0xFB, 0xFF, 0xFB, 0xFF, 0xFD, 0xFF, 0xFE, 0xFF, 0xFF, 0x00, 0x01, 0x00,
        0x01, 0x00, 0x03, 0x00, 0x04, 0x00, 0x05, 0x00, 0x06, 0x00, 0x07, 0x00, 0x09, 0x00, 0x0A, 0x00,
        0x0B, 0x00, 0x0D, 0x00, 0x0A, 0x00, 0x0E, 0x00, 0x0C, 0x00, 0x10, 0x00, 0x0D, 0x00, 0x10, 0x00,
        0x0D, 0x00, 0x0C, 0x00, 0x0E, 0x00, 0x0C, 0x00, 0x0D, 0x00, 0x09, 0x00, 0x0B, 0x00, 0x0A, 0x00,
        0x08, 0x00, 0x07, 0x00, 0x06, 0x00, 0x05, 0x00, 0x03, 0x00, 0x03, 0x00, 0x00, 0x00, 0x00, 0x00,
        0x00, 0x01, 0x00, 0x89, 0x00, 0x00, 0x02, 0x35, 0x02, 0xA6, 0x00, 0x2E, 0x00, 0x00, 0x01, 0x01,
        0x01, 0x01, 0x01, 0x01, 0x01, 0x01, 0x01, 0x01, 0x01, 0x01, 0x01, 0x01, 0x01, 0x01, 0x01, 0x01,
        0x01, 0x01, 0x01, 0x01, 0x01, 0x01, 0x01, 0x01, 0x01, 0x01, 0x01, 0x01, 0x01, 0x01, 0x01, 0x01,
        0x01, 0x01, 0x01, 0x01, 0x01, 0x01, 0x01, 0x01, 0x01, 0x01, 0x01, 0x01, 0x01, 0x01, 0xC7, 0xFF,
        0xFF, 0xFF, 0xFC, 0xFF, 0xFB, 0xFF, 0xFA, 0xFF, 0xF7, 0xFF, 0xD3, 0xFF, 0xE9, 0xFF, 0xE9, 0xFF,
        0xEA, 0xFF, 0xEF, 0xFF, 0xF2, 0xFF, 0xF3, 0xFF, 0xF5, 0xFF, 0xF7, 0xFF, 0xF7, 0xFF, 0xFA, 0xFF,
        0xFB, 0xFF, 0xFE, 0xFF, 0xFF, 0x00, 0x00, 0x00, 0x5C, 0x00, 0x00, 0x00, 0x01, 0x00, 0x01, 0x00,
        0x03, 0x00, 0x05, 0x00, 0x06, 0x00, 0x08, 0x00, 0x09, 0x00, 0x0C, 0x00, 0x0E, 0x00, 0x10, 0x00,
        0x10, 0x00, 0x12, 0x00, 0x32, 0x00, 0x1F, 0x00, 0x14, 0x00, 0x0E, 0x00, 0x05, 0x00, 0x05, 0x00,
        0x03, 0x00, 0x03, 0x00, 0x02, 0x00, 0x01, 0xFE, 0x54, 0x00, 0x00, 0x02, 0x4E, 0xFF, 0xF8, 0xFF,
        0xF6, 0xFF, 0xF6, 0xFF, 0xF6, 0xFF, 0xF4, 0xFF, 0xCA, 0xFF, 0xE2, 0xFF, 0xE0, 0xFF, 0xE0, 0xFF,
        0xE3, 0xFF, 0xE5, 0xFF, 0xE5, 0xFF, 0xE7, 0xFF, 0xE3, 0xFF, 0xE3, 0xFF, 0xE2, 0xFF, 0xE1, 0xFF,
        0xE9, 0xFF, 0xE8, 0xFF, 0x8A, 0x00, 0x00, 0x00, 0x77, 0x00, 0x12, 0x00, 0x15, 0x00, 0x1A, 0x00,
        0x1A, 0x00, 0x17, 0x00, 0x19, 0x00, 0x17, 0x00, 0x19, 0x00, 0x18, 0x00, 0x19, 0x00, 0x18, 0x00,
        0x18, 0x00, 0x3F, 0x00, 0x28, 0x00, 0x1D, 0x00, 0x17, 0x00, 0x0D, 0x00, 0x0D, 0x00, 0x0D, 0x00,
        0x0C, 0x00, 0x1B, 0x00, 0x2A, 0x00, 0x00, 0xFF, 0xA8, 0x00, 0x00, 0x00, 0x00, 0x03, 0x00, 0x85,
        0xFF, 0xF8, 0x02, 0x32, 0x02, 0xA6, 0x00, 0x3A, 0x00, 0xBB, 0x00, 0xE9, 0x00, 0x00, 0x01, 0x01,
        0x01, 0x01, 0x01, 0x01, 0x01, 0x01, 0x01, 0x01, 0x01, 0x01, 0x01, 0x01, 0x01, 0x01, 0x01, 0x01,
        0x01, 0x01, 0x01, 0x01, 0x01, 0x01, 0x01, 0x01, 0x01, 0x01, 0x01, 0x01, 0x01, 0x01, 0x01, 0x01,
        0x01, 0x01, 0x01, 0x01, 0x01, 0x01, 0x01, 0x01, 0x01, 0x01, 0x01, 0x01, 0x01, 0x01, 0x01, 0x01,
        0x01, 0x01, 0x01, 0x01, 0x01, 0x01, 0x01, 0x01, 0x01, 0x01, 0x01, 0x01, 0x01, 0x01, 0x01, 0x01,
        0x01, 0x01, 0x01, 0x01, 0x01, 0x01, 0x01, 0x01, 0x01, 0x01, 0x01, 0x01, 0x01, 0x01, 0x01, 0x01,
        0x01, 0x01, 0x01, 0x01, 0x01, 0x01, 0x01, 0x01, 0x01, 0x01, 0x01, 0x01, 0x01, 0x01, 0x01, 0x01,
        0x01, 0x01, 0x01, 0x01, 0x01, 0x01, 0x01, 0x01, 0x01, 0x01, 0x01, 0x01, 0x01, 0x01, 0x01, 0x01,
        0x01, 0x01, 0x01, 0x01, 0x01, 0x01, 0x01, 0x01, 0x01, 0x01, 0x01, 0x01, 0x01, 0x01, 0x01, 0x01,
        0x01, 0x01, 0x01, 0x01, 0x01, 0x01, 0x01, 0x01, 0x01, 0x01, 0x01, 0x01, 0x01, 0x01, 0x01, 0x01,
        0x01, 0x01, 0x01, 0x01, 0x01, 0x01, 0x01, 0x01, 0x01, 0x01, 0x01, 0x01, 0x01, 0x01, 0x01, 0x01,
        0x01, 0x01, 0x01, 0x01, 0x01, 0x01, 0x01, 0x01, 0x01, 0x01, 0x01, 0x01, 0x01, 0x01, 0x01, 0x01,
        0x01, 0x01, 0x01, 0x01, 0x01, 0x01, 0x01, 0x01, 0x01, 0x01, 0x01, 0x01, 0x01, 0x01, 0x01, 0x01,
        0x01, 0x01, 0x01, 0x01, 0x01, 0x01, 0x01, 0x01, 0x01, 0x01, 0x01, 0x01, 0x01, 0x01, 0x01, 0x01,
        0x01, 0x01, 0x01, 0x01, 0x01, 0x01, 0x01, 0x01, 0x01, 0x01, 0x01, 0x01, 0x01, 0x01, 0x01, 0x01,
        0x01, 0x01, 0x01, 0x01, 0x01, 0x01, 0x01, 0x01, 0x01, 0x5C, 0xFF, 0xF1, 0xFF, 0xF2, 0xFF, 0xF2,
        0xFF, 0xF6, 0xFF, 0xF3, 0xFF, 0xF6, 0xFF, 0xF7, 0xFF, 0xF7, 0xFF, 0xF8, 0xFF, 0xF9, 0xFF, 0xFA,
        0xFF, 0xFB, 0xFF, 0xFC, 0xFF, 0xFE, 0xFF, 0xFF, 0xFF, 0xFF, 0x00, 0x01, 0x00, 0x01, 0x00, 0x02,
        0x00, 0x04, 0x00, 0x04, 0x00, 0x05, 0x00, 0x06, 0x00, 0x06, 0x00, 0x08, 0x00, 0x09, 0x00, 0x14,
        0x00, 0x19, 0x00, 0x25, 0x00, 0x24, 0x00, 0x19, 0x00, 0x14, 0x00, 0x0A, 0x00, 0x07, 0x00, 0x06,
        0x00, 0x06, 0x00, 0x05, 0x00, 0x05, 0x00, 0x03, 0x00, 0x02, 0x00, 0x02, 0x00, 0x00, 0x00, 0x00,
        0xFF, 0xFE, 0xFF, 0xFE, 0xFF, 0xFC, 0xFF, 0xFB, 0xFF, 0xFA, 0xFF, 0xF9, 0xFF, 0xF8, 0xFF, 0xF8,
        0xFF, 0xF7, 0xFF, 0xF6, 0xFF, 0xF3, 0xFF, 0xF5, 0xFF, 0xF2, 0xFF, 0xF5, 0xFF, 0xF2, 0xFF, 0xFD,
        0xFF, 0xEE, 0xFF, 0xF1, 0xFF, 0xF2, 0xFF, 0xF1, 0xFF, 0xF2, 0xFF, 0xF2, 0xFF, 0xF3, 0xFF, 0xF6,
        0xFF, 0xF3, 0xFF, 0xF7, 0xFF, 0xF5, 0xFF, 0xF8, 0xFF, 0xF7, 0xFF, 0xFA, 0xFF, 0xFA, 0xFF, 0xFB,
        0xFF, 0xFB, 0xFF, 0xFD, 0xFF, 0xFE, 0x00, 0x00, 0x00, 0x01, 0x00, 0x02, 0x00, 0x04, 0x00, 0x06,
        0x00, 0x07, 0x00, 0x09, 0x00, 0x08, 0x00, 0x0B, 0x00, 0x0C, 0x00, 0x0F, 0x00, 0x10, 0x00, 0x12,
        0xFF, 0xEE, 0xFF, 0xF2, 0xFF, 0xF2, 0xFF, 0xF3, 0xFF, 0xF4, 0xFF, 0xF5, 0xFF, 0xF5, 0xFF, 0xF8,
        0xFF, 0xF8, 0xFF, 0xFA, 0xFF, 0xFA, 0xFF, 0xFB, 0xFF, 0xFC, 0xFF, 0xFE, 0xFF, 0xFE, 0x00, 0x00,
        0x00, 0x01, 0x00, 0x03, 0x00, 0x04, 0x00, 0x06, 0x00, 0x07, 0x00, 0x0A, 0x00, 0x0B, 0x00, 0x0D,
        0x00, 0x0F, 0x00, 0x0F, 0x00, 0x11, 0x00, 0x14, 0x00, 0x13, 0x00, 0x17, 0x00, 0x17, 0x00, 0x19,
        0x00, 0x18, 0x00, 0x18, 0x00, 0x16, 0x00, 0x16, 0x00, 0x15, 0x00, 0x11, 0x00, 0x0F, 0x00, 0x0F,
        0x00, 0x0D, 0x00, 0x0C, 0x00, 0x0A, 0x00, 0x07, 0x00, 0x07, 0x00, 0x04, 0x00, 0x03, 0x00, 0x01,
        0x00, 0x00, 0xFF, 0xFF, 0xFF, 0xFE, 0xFF, 0xFC, 0xFF, 0xFC, 0xFF, 0xF9, 0xFF, 0xFA, 0xFF, 0xF8,
        0xFF, 0xF9, 0xFF, 0xF5, 0xFF, 0xF5, 0xFF, 0xF4, 0xFF, 0xF3, 0xFF, 0xF0, 0xFF, 0xF1, 0xFF, 0xEE,
        0x00, 0x13, 0x00, 0x10, 0x00, 0x0F, 0x00, 0x0C, 0x00, 0x0B, 0x00, 0x09, 0x00, 0x09, 0x00, 0x06,
        0x00, 0x06, 0x00, 0x04, 0x00, 0x03, 0x00, 0x01, 0xFF, 0xFF, 0xFF, 0xFF, 0xFF, 0xFC, 0xFF, 0xFB,
        0xFF, 0xFB, 0xFF, 0xFB, 0xFF, 0xF9, 0xFF, 0xF9, 0xFF, 0xF8, 0xFF, 0xF5, 0xFF, 0xF7, 0xFF, 0xF4,
        0xFF, 0xF6, 0xFF, 0xF3, 0xFF, 0xF2, 0xFF, 0xF2, 0xFF, 0xF1, 0xFF, 0xF2, 0xFF, 0xF1, 0xFF, 0xEF,
        0xFF, 0xF9, 0x00, 0x17, 0x00, 0x14, 0x00, 0x11, 0x00, 0x07, 0x00, 0x07, 0x00, 0x07, 0x00, 0x06,
        0x00, 0x05, 0x00, 0x03, 0x00, 0x03, 0x00, 0x02, 0x00, 0x01, 0x00, 0x00, 0x00, 0x00, 0xFF, 0xFF,
        0xFF, 0xFB, 0xFF, 0xFC, 0xFF, 0xFC, 0xFF, 0xF4, 0xFF, 0xF2, 0xFF, 0xEE, 0xFF, 0xEB, 0xFF, 0xEA,
        0xFF, 0xE9, 0xFF, 0xEB, 0xFF, 0xEE, 0xFF, 0xF2, 0xFF, 0xF5, 0xFF, 0xFB, 0xFF, 0xFC, 0xFF, 0xFB,
        0xFF, 0xFF, 0x00, 0x00, 0x00, 0x00, 0x00, 0x01, 0x00, 0x02, 0x00, 0x03, 0x00, 0x03, 0x00, 0x05,
        0x00, 0x0A, 0x00, 0x07, 0x00, 0x08, 0x00, 0x10, 0x00, 0x15, 0x00, 0x17, 0x00, 0x48, 0x00, 0x00,
        0x00, 0x02, 0x00, 0x03, 0x00, 0x03, 0x00, 0x05, 0x00, 0x05, 0x00, 0x06, 0x00, 0x07, 0x00, 0x07,
        0x00, 0x09, 0x00, 0x09, 0x00, 0x0A, 0x00, 0x0C, 0x00, 0x09, 0x00, 0x0D, 0x00, 0x0A, 0x00, 0x09,
        0x00, 0x0B, 0x00, 0x0B, 0x00, 0x0A, 0x00, 0x0A, 0x00, 0x09, 0x00, 0x08, 0x00, 0x08, 0x00, 0x08,
        0x00, 0x09, 0x00, 0x0F, 0x00, 0x10, 0x00, 0x15, 0xFF, 0xEB, 0xFF, 0xF0, 0xFF, 0xF1, 0xFF, 0xF7,
        0xFF, 0xF8, 0xFF, 0xF8, 0xFF, 0xF8, 0xFF, 0xF7, 0xFF, 0xF6, 0xFF, 0xF6, 0xFF, 0xF5, 0xFF, 0xF5,
        0xFF, 0xF7, 0xFF, 0xF6, 0xFF, 0xF3, 0xFF, 0xF7, 0xFF, 0xF4, 0xFF, 0xF6, 0xFF, 0xF7, 0xFF, 0xF7,
        0xFF, 0xF9, 0xFF, 0xF9, 0xFF, 0xFA, 0xFF, 0xFB, 0xFF, 0xFB, 0xFF, 0xFD, 0xFF, 0xFD, 0xFF, 0xFF,
        0xFF, 0xFF, 0x02, 0x5E, 0xFF, 0xFF, 0xFF, 0xFF, 0xFF, 0xFE, 0xFF, 0xFD, 0xFF, 0xFD, 0xFF, 0xFB,
        0xFF, 0xFB, 0xFF, 0xFB, 0xFF, 0xF9, 0xFF, 0xFA, 0xFF, 0xF8, 0xFF, 0xF8, 0xFF, 0xF6, 0xFF, 0xF7,
        0xFF, 0xF6, 0xFF, 0xF6, 0xFF, 0xF2, 0xFF, 0xF2, 0xFF, 0xF0, 0xFF, 0xF2, 0xFF, 0xF1, 0xFF, 0xF2,
        0xFF, 0xF2, 0xFF, 0xF1, 0xFF, 0xF4, 0xFF, 0xF2, 0xFF, 0xF6, 0xFF, 0xF4, 0xFF, 0xF4, 0xFF, 0xF4,
        0xFF, 0xF4, 0xFF, 0xF3, 0xFF, 0xF7, 0xFF, 0xF7, 0xFF, 0xF7, 0xFF, 0xF6, 0xFF, 0xF5, 0xFF, 0xF5,
        0xFF, 0xF5, 0xFF, 0xF5, 0xFF, 0xF3, 0xFF, 0xF4, 0xFF, 0xF2, 0xFF, 0xF3, 0xFF, 0xEF, 0xFF, 0xF2,
        0xFF, 0xF1, 0xFF, 0xF0, 0xFF, 0xEB, 0xFF, 0xEA, 0xFF, 0xEE, 0xFF, 0xED, 0xFF, 0xF1, 0xFF, 0xF0,
        0xFF, 0xF2, 0xFF, 0xF4, 0xFF, 0xF5, 0xFF, 0xF7, 0xFF, 0xF8, 0xFF, 0xF8, 0xFF, 0xFB, 0xFF, 0xFC,
        0xFF, 0xFE, 0xFF, 0xFF, 0x00, 0x00, 0x00, 0x02, 0x00, 0x04, 0x00, 0x05, 0x00, 0x08, 0x00, 0x07,
        0x00, 0x09, 0x00, 0x0B, 0x00, 0x0C, 0x00, 0x0E, 0x00, 0x10, 0x00, 0x0E, 0x00, 0x13, 0x00, 0x12,
        0x00, 0x16, 0x00, 0x14, 0x00, 0x10, 0x00, 0x10, 0x00, 0x0E, 0x00, 0x11, 0x00, 0x0D, 0x00, 0x0F,
        0x00, 0x0C, 0x00, 0x0D, 0x00, 0x0B, 0x00, 0x0B, 0x00, 0x0C, 0x00, 0x0A, 0x00, 0x0A, 0x00, 0x0B,
        0x00, 0x09, 0x00, 0x09, 0x00, 0x0D, 0x00, 0x0C, 0x00, 0x0C, 0x00, 0x0C, 0x00, 0x0C, 0x00, 0x0A,
        0x00, 0x0E, 0x00, 0x0C, 0x00, 0x0F, 0x00, 0x0E, 0x00, 0x0E, 0x00, 0x0F, 0x00, 0x0E, 0x00, 0x10,
        0x00, 0x0E, 0x00, 0x0E, 0x00, 0x0A, 0x00, 0x0A, 0x00, 0x09, 0x00, 0x08, 0x00, 0x08, 0x00, 0x09,
        0x00, 0x06, 0x00, 0x07, 0x00, 0x05, 0x00, 0x05, 0x00, 0x05, 0x00, 0x04, 0x00, 0x03, 0x00, 0x02,
        0x00, 0x01, 0x00, 0x01, 0xFF, 0xAA, 0xFF, 0xFF, 0xFF, 0xFC, 0xFF, 0xFB, 0xFF, 0xFC, 0xFF, 0xFC,
        0xFF, 0xFB, 0xFF, 0xFA, 0xFF, 0xFA, 0xFF, 0xFB, 0xFF, 0xF8, 0xFF, 0xFB, 0xFF, 0xF6, 0xFF, 0xF9,
        0xFF, 0xFA, 0xFF, 0xF8, 0xFF, 0xF2, 0xFF, 0xF8, 0xFF, 0xF9, 0xFF, 0xF2, 0xFF, 0xF4, 0xFF, 0xF3,
        0xFF, 0xF4, 0xFF, 0xF6, 0x00, 0x0A, 0x00, 0x0C, 0x00, 0x0D, 0x00, 0x0C, 0x00, 0x0E, 0x00, 0x07,
        0x00, 0x08, 0x00, 0x0E, 0x00, 0x08, 0x00, 0x06, 0x00, 0x07, 0x00, 0x0A, 0x00, 0x05, 0x00, 0x08,
        0x00, 0x05, 0x00, 0x06, 0x00, 0x09, 0x00, 0x05, 0x00, 0x04, 0x00, 0x05, 0x00, 0x04, 0x00, 0x02,
        0x00, 0x02, 0x00, 0x86, 0x00, 0x00, 0x02, 0x36, 0x02, 0xA6, 0x00, 0x5A, 0x00, 0x9B, 0x00, 0x00,
        0x01, 0x01, 0x01, 0x01, 0x01, 0x01, 0x01, 0x01, 0x01, 0x01, 0x01, 0x01, 0x01, 0x01, 0x01, 0x01,
        0x01, 0x01, 0x01, 0x01, 0x01, 0x01, 0x01, 0x01, 0x01, 0x01, 0x01, 0x01, 0x01, 0x01, 0x01, 0x01,
        0x01, 0x01, 0x01, 0x01, 0x01, 0x01, 0x01, 0x01, 0x01, 0x01, 0x01, 0x01, 0x01, 0x01, 0x01, 0x01,
        0x01, 0x01, 0x01, 0x01, 0x01, 0x01, 0x01, 0x01, 0x01, 0x01, 0x01, 0x01, 0x01, 0x01, 0x01, 0x01,
        0x01, 0x01, 0x01, 0x01, 0x01, 0x01, 0x01, 0x01, 0x01, 0x01, 0x01, 0x01, 0x01, 0x01, 0x01, 0x01,
        0x01, 0x01, 0x01, 0x01, 0x01, 0x01, 0x01, 0x01, 0x01, 0x01, 0x01, 0x01, 0x01, 0x01, 0x01, 0x01,
        0x01, 0x01, 0x01, 0x01, 0x01, 0x01, 0x01, 0x01, 0x01, 0x01, 0x01, 0x01, 0x01, 0x01, 0x01, 0x01,
        0x01, 0x01, 0x01, 0x01, 0x01, 0x01, 0x01, 0x01, 0x01, 0x01, 0x01, 0x01, 0x01, 0x01, 0x01, 0x01,
        0x01, 0x01, 0x01, 0x01, 0x01, 0x01, 0x01, 0x01, 0x01, 0x01, 0x01, 0x01, 0x01, 0x01, 0x01, 0x01,
        0x01, 0x01, 0x01, 0x01, 0x01, 0x01, 0x01, 0x01, 0x01, 0x01, 0x01, 0x01, 0x01, 0x3A, 0x00, 0x41,
        0x00, 0x1A, 0x00, 0x16, 0x00, 0x15, 0x00, 0x13, 0x00, 0x11, 0x00, 0x10, 0x00, 0x0E, 0x00, 0x0E,
        0x00, 0x0A, 0x00, 0x09, 0x00, 0x07, 0x00, 0x06, 0x00, 0x04, 0x00, 0x02, 0x00, 0x00, 0xFF, 0xFF,
        0xFF, 0xFC, 0xFF, 0xFA, 0xFF, 0xF9, 0xFF, 0xF6, 0xFF, 0xF3, 0xFF, 0xF4, 0xFF, 0xF7, 0xFF, 0xF9,
        0xFF, 0xEF, 0xFF, 0xEF, 0xFF, 0xED, 0xFF, 0xEB, 0xFF, 0xEA, 0xFF, 0xE8, 0xFF, 0xE7, 0xFF, 0xEE,
        0xFF, 0xEB, 0xFF, 0xEE, 0xFF, 0xED, 0xFF, 0xF1, 0xFF, 0xEE, 0xFF, 0xF2, 0xFF, 0xF1, 0xFF, 0xF2,
        0xFF, 0xF5, 0xFF, 0xF4, 0xFF, 0xF7, 0xFF, 0xF6, 0xFF, 0xFA, 0xFF, 0xF9, 0xFF, 0xFB, 0xFF, 0xFD,
        0xFF, 0xFE, 0xFF, 0xFF, 0x00, 0x00, 0x00, 0x00, 0x00, 0x02, 0x00, 0x02, 0x00, 0x03, 0x00, 0x04,
        0x00, 0x05, 0x00, 0x06, 0x00, 0x07, 0x00, 0x07, 0x00, 0x08, 0x00, 0x0B, 0x00, 0x09, 0x00, 0x0D,
        0x00, 0x0B, 0x00, 0x0B, 0x00, 0x0C, 0x00, 0x0D, 0x00, 0x0D, 0x00, 0x0E, 0x00, 0x0E, 0x00, 0x0F,
        0x00, 0x0F, 0x00, 0x0B, 0x00, 0x0E, 0x00, 0x0C, 0x00, 0x0D, 0x00, 0x10, 0x00, 0x0F, 0x00, 0x01,
        0x00, 0x01, 0xFF, 0xEE, 0xFF, 0xEA, 0xFF, 0xEA, 0xFF, 0xE7, 0xFF, 0xE6, 0xFF, 0xE1, 0xFF, 0xDF,
        0xFF, 0xD7, 0x00, 0x9E, 0x00, 0x0C, 0x00, 0x0F, 0x00, 0x0B, 0x00, 0x0D, 0x00, 0x0A, 0x00, 0x0B,
        0x00, 0x09, 0x00, 0x09, 0x00, 0x08, 0x00, 0x06, 0x00, 0x07, 0x00, 0x04, 0x00, 0x04, 0x00, 0x02,
        0x00, 0x02, 0x00, 0x01, 0xFF, 0xFF, 0xFF, 0xFE, 0xFF, 0xFE, 0xFF, 0xFB, 0xFF, 0xFC, 0xFF, 0xF9,
        0xFF, 0xFA, 0xFF, 0xF7, 0xFF, 0xF7, 0xFF, 0xF7, 0xFF, 0xF4, 0xFF, 0xF6, 0xFF, 0xF3, 0xFF, 0xF5,
        0xFF, 0xF4, 0xFF, 0xF4, 0xFF, 0xF4, 0xFF, 0xF1, 0xFF, 0xF5, 0xFF, 0xF3, 0xFF, 0xF6, 0xFF, 0xF4,
        0xFF, 0xF7, 0xFF, 0xF6, 0xFF, 0xF7, 0xFF, 0xFA, 0xFF, 0xF9, 0xFF, 0xFC, 0xFF, 0xFB, 0xFF, 0xFE,
        0xFF, 0xFE, 0xFF, 0xFF, 0x00, 0x01, 0x00, 0x01, 0x00, 0x03, 0x00, 0x03, 0x00, 0x04, 0x00, 0x06,
        0x00, 0x07, 0x00, 0x08, 0x00, 0x09, 0x00, 0x0A, 0x00, 0x0C, 0x00, 0x09, 0x00, 0x0E, 0x00, 0x0B,
        0x00, 0x0E, 0x00, 0x0D, 0x00, 0x00, 0x00, 0x49, 0x00, 0x1D, 0x00, 0x1D, 0x00, 0x1A, 0x00, 0x1B,
        0x00, 0x19, 0x00, 0x1A, 0x00, 0x1A, 0x00, 0x1A, 0x00, 0x18, 0x00, 0x18, 0x00, 0x18, 0x00, 0x15,
        0x00, 0x19, 0x00, 0x15, 0x00, 0x1B, 0x00, 0x19, 0x00, 0x18, 0x00, 0x1A, 0x00, 0x16, 0x00, 0x17,
        0x00, 0x14, 0x00, 0x11, 0x00, 0x0A, 0x00, 0x07, 0x00, 0x0D, 0x00, 0x0B, 0x00, 0x0A, 0x00, 0x07,
        0x00, 0x06, 0x00, 0x03, 0x00, 0x01, 0xFF, 0xFF, 0xFF, 0xFE, 0xFF, 0xFD, 0xFF, 0xFB, 0xFF, 0xFA,
        0xFF, 0xF8, 0xFF, 0xF8, 0xFF, 0xF6, 0xFF, 0xF4, 0xFF, 0xF4, 0xFF, 0xF2, 0xFF, 0xF3, 0xFF, 0xEF,
        0xFF, 0xF1, 0xFF, 0xED, 0xFF, 0xEF, 0xFF, 0xEF, 0xFF, 0xF0, 0xFF, 0xF1, 0xFF, 0xF0, 0xFF, 0xF3,
        0xFF, 0xF1, 0xFF, 0xF1, 0xFF, 0xF1, 0xFF, 0xF2, 0xFF, 0xF2, 0xFF, 0xF3, 0xFF, 0xF4, 0xFF, 0xF4,
        0xFF, 0xF4, 0xFF, 0xF3, 0xFF, 0xF7, 0xFF, 0xF5, 0xFF, 0xF7, 0xFF, 0xF9, 0xFF, 0xF9, 0xFF, 0xFA,
        0xFF, 0xFC, 0xFF, 0xFC, 0xFF, 0xFD, 0xFF, 0xFE, 0xFF, 0xFF, 0x00, 0x00, 0x00, 0x01, 0x00, 0x01,
        0x00, 0x04, 0x00, 0x05, 0x00, 0x06, 0xFF, 0xFE, 0x00, 0x01, 0xFF, 0xE4, 0xFF, 0xE2, 0xFF, 0xE3,
        0xFF, 0xE2, 0xFF, 0xE2, 0xFF, 0xDF, 0xFF, 0xDD, 0xFF, 0xD6, 0x02, 0x50, 0xFF, 0xFF, 0xFF, 0xFF,
        0xFF, 0xFD, 0xFF, 0xFB, 0xFF, 0xFC, 0xFF, 0xF9, 0xFF, 0xF9, 0xFF, 0xF7, 0xFF, 0xF6, 0xFF, 0xF7,
        0xFF, 0xF4, 0xFF, 0xF5, 0xFF, 0xF2, 0xFF, 0xF5, 0xFF, 0xF0, 0xFF, 0xF3, 0xFF, 0xF4, 0xFF, 0xF0,
        0xFF, 0xF4, 0xFF, 0xF2, 0xFF, 0xF6, 0xFF, 0xF4, 0xFF, 0xF7, 0xFF, 0xF5, 0xFF, 0xF7, 0xFF, 0xF9,
        0xFF, 0xF9, 0xFF, 0xFC, 0xFF, 0xFB, 0xFF, 0xFE, 0xFF, 0xFE, 0x00, 0x00, 0x00, 0x00, 0x00, 0x02,
        0x00, 0x03, 0x00, 0x04, 0x00, 0x05, 0x00, 0x07, 0x00, 0x06, 0x00, 0x09, 0x00, 0x0A, 0x00, 0x09,
        0x00, 0x0C, 0x00, 0x0A, 0x00, 0x0E, 0x00, 0x0C, 0x00, 0x0C, 0x00, 0x0C, 0x00, 0x0E, 0x00, 0x0F,
        0x00, 0x0F, 0x00, 0x0E, 0x00, 0x0B, 0x00, 0x0C, 0x00, 0x0B, 0x00, 0x0A, 0x00, 0x08, 0x00, 0x08,
        0x00, 0x06, 0x00, 0x05, 0x00, 0x04, 0x00, 0x02, 0x00, 0x02, 0x00, 0x01, 0x00, 0x02, 0x00, 0xFC,
        0x00, 0x00, 0x01, 0xBC, 0x02, 0x10, 0x00, 0x03, 0x00, 0x07, 0x00, 0x00, 0x01, 0x01, 0x01, 0x01,
        0x01, 0x01, 0x01, 0x01, 0x01, 0x04, 0x00, 0x00, 0x00, 0xB8, 0x00, 0x00, 0xFF, 0x40, 0x00, 0x00,
        0x00, 0xBF, 0x00, 0x00, 0x02, 0x10, 0xFF, 0x60, 0x00, 0x00, 0x00, 0xA0, 0xFE, 0x90, 0xFF, 0x60,
        0x00, 0x00, 0x00, 0xA0, 0x00, 0x02, 0x00, 0xA9, 0xFF, 0x50, 0x02, 0x0D, 0x01, 0xFE, 0x00, 0x03,
        0x00, 0x07, 0x00, 0x00, 0x01, 0x01, 0x01, 0x01, 0x01, 0x01, 0x01, 0x01, 0x01, 0x42, 0xFF, 0x67,
        0x00, 0x78, 0x00, 0xEC, 0xFF, 0x3D, 0x00, 0x00, 0x00, 0xAB, 0x00, 0x00, 0x00, 0x9A, 0xFE, 0xB6,
        0x00, 0x00, 0x01, 0x4A, 0x01, 0x64, 0xFF, 0x65, 0x00, 0x00, 0x00, 0x9B, 0x00, 0x01, 0x00, 0x83,
        0x00, 0x41, 0x02, 0x29, 0x02, 0xA6, 0x00, 0x06, 0x00, 0x00, 0x01, 0x01, 0x01, 0x01, 0x01, 0x01,
        0x01, 0x02, 0x29, 0xFE, 0xDC, 0x01, 0x24, 0x00, 0x00, 0xFE, 0x5A, 0x00, 0x00, 0x01, 0xA6, 0x00,
        0xB5, 0x00, 0xBF, 0x00, 0xC0, 0x00, 0x72, 0xFE, 0xD9, 0xFF, 0xE7, 0xFE, 0xDB, 0x00, 0x00, 0x00,
        0x00, 0x02, 0x00, 0x86, 0x00, 0xC0, 0x02, 0x36, 0x01, 0xF6, 0x00, 0x03, 0x00, 0x07, 0x00, 0x00,
        0x01, 0x01, 0x01, 0x01, 0x01, 0x01, 0x01, 0x01, 0x00, 0x86, 0x01, 0xB0, 0x00, 0x00, 0xFE, 0x50,
        0x00, 0x00, 0x01, 0xB0, 0x00, 0x00, 0xFE, 0x50, 0x00, 0xC0, 0x00, 0x00, 0x00, 0x55, 0x00, 0x00,
        0x00, 0x8A, 0x00, 0x00, 0x00, 0x57, 0x00, 0x00, 0x00, 0x01, 0x00, 0x98, 0x00, 0x41, 0x02, 0x39,
        0x02, 0xA6, 0x00, 0x06, 0x00, 0x00, 0x01, 0x01, 0x01, 0x01, 0x01, 0x01, 0x01, 0x02, 0x39, 0xFE,
        0x5F, 0x00, 0x00, 0x01, 0x21, 0xFE, 0xDF, 0x00, 0x00, 0x01, 0xA1, 0x01, 0x7F, 0x01, 0x27, 0xFF,
        0x8E, 0xFF, 0x40, 0xFF, 0x41, 0xFF, 0x8C, 0x01, 0x26, 0x00, 0x00, 0x00, 0x00, 0x02, 0x00, 0xAB,
        0x00, 0x00, 0x02, 0x16, 0x02, 0xA6, 0x00, 0x63, 0x00, 0x67, 0x00, 0x00, 0x01, 0x01, 0x01, 0x01,
        0x01, 0x01, 0x01, 0x01, 0x01, 0x01, 0x01, 0x01, 0x01, 0x01, 0x01, 0x01, 0x01, 0x01, 0x01, 0x01,
        0x01, 0x01, 0x01, 0x01, 0x01, 0x01, 0x01, 0x01, 0x01, 0x01, 0x01, 0x01, 0x01, 0x01, 0x01, 0x01,
        0x01, 0x01, 0x01, 0x01, 0x01, 0x01, 0x01, 0x01, 0x01, 0x01, 0x01, 0x01, 0x01, 0x01, 0x01, 0x01,
        0x01, 0x01, 0x01, 0x01, 0x01, 0x01, 0x01, 0x01, 0x01, 0x01, 0x01, 0x01, 0x01, 0x01, 0x01, 0x01,
        0x01, 0x01, 0x01, 0x01, 0x01, 0x01, 0x01, 0x01, 0x01, 0x01, 0x01, 0x01, 0x01, 0x01, 0x01, 0x01,
        0x01, 0x01, 0x01, 0x01, 0x01, 0x01, 0x01, 0x01, 0x01, 0x01, 0x01, 0x01, 0x01, 0x01, 0x01, 0x01,
        0x01, 0x01, 0x01, 0x01, 0x01, 0xA1, 0x00, 0x00, 0x00, 0x02, 0x00, 0x01, 0x00, 0x02, 0x00, 0x05,
        0x00, 0x04, 0x00, 0x07, 0x00, 0x21, 0x00, 0x0B, 0x00, 0x0A, 0x00, 0x09, 0x00, 0x07, 0x00, 0x07,
        0x00, 0x05, 0x00, 0x05, 0x00, 0x03, 0x00, 0x03, 0x00, 0x01, 0x00, 0x02, 0x00, 0x00, 0xFF, 0xFF,
        0xFF, 0xFF, 0xFF, 0xFD, 0xFF, 0xFC, 0xFF, 0xFB, 0xFF, 0xF9, 0xFF, 0xF9, 0xFF, 0xF7, 0xFF, 0xF6,
        0xFF, 0xF6, 0xFF, 0xF5, 0xFF, 0xF4, 0xFF, 0xF3, 0xFF, 0xF0, 0xFF, 0xEF, 0xFF, 0xF1, 0xFF, 0xEE,
        0xFF, 0xF0, 0xFF, 0xEC, 0xFF, 0xED, 0xFF, 0xEE, 0xFF, 0xEF, 0xFF, 0xF0, 0xFF, 0xF2, 0xFF, 0xF2,
        0xFF, 0xF2, 0xFF, 0xF5, 0xFF, 0xF6, 0xFF, 0xF8, 0xFF, 0xF7, 0xFF, 0xFA, 0xFF, 0xFC, 0xFF, 0xFC,
        0xFF, 0xFD, 0xFF, 0xFF, 0x00, 0x00, 0x00, 0x60, 0x00, 0x00, 0x00, 0x02, 0x00, 0x04, 0x00, 0x04,
        0x00, 0x07, 0x00, 0x08, 0x00, 0x0A, 0x00, 0x0B, 0x00, 0x08, 0x00, 0x08, 0x00, 0x0F, 0x00, 0x0A,
        0x00, 0x0A, 0x00, 0x0F, 0x00, 0x0E, 0x00, 0x07, 0x00, 0x07, 0x00, 0x0A, 0x00, 0x05, 0x00, 0x04,
        0x00, 0x05, 0x00, 0x03, 0x00, 0x03, 0x00, 0x01, 0x00, 0x00, 0xFF, 0xFF, 0xFF, 0xFE, 0xFF, 0xFD,
        0xFF, 0xFD, 0xFF, 0xFB, 0xFF, 0xFB, 0xFF, 0xF9, 0xFF, 0xF3, 0xFF, 0xE7, 0xFF, 0xEE, 0xFF, 0xF2,
        0xFF, 0xF6, 0xFF, 0xFD, 0xFF, 0xFD, 0xFF, 0xFD, 0xFF, 0xFF, 0x00, 0x00, 0xFF, 0xEA, 0x00, 0x00,
        0x00, 0x81, 0x00, 0x00, 0x00, 0xF2, 0x00, 0x18, 0x00, 0x0F, 0x00, 0x08, 0x00, 0x07, 0x00, 0x0C,
        0x00, 0x06, 0x00, 0x08, 0x00, 0x22, 0x00, 0x0D, 0x00, 0x0C, 0x00, 0x0D, 0x00, 0x0B, 0x00, 0x0E,
        0x00, 0x0C, 0x00, 0x0C, 0x00, 0x0D, 0x00, 0x0E, 0x00, 0x0C, 0x00, 0x0F, 0x00, 0x0D, 0x00, 0x0E,
        0x00, 0x0D, 0x00, 0x10, 0x00, 0x0F, 0x00, 0x0E, 0x00, 0x0D, 0x00, 0x0D, 0x00, 0x0B, 0x00, 0x0A,
        0x00, 0x0A, 0x00, 0x08, 0x00, 0x08, 0x00, 0x06, 0x00, 0x06, 0x00, 0x05, 0x00, 0x03, 0x00, 0x02,
        0x00, 0x01, 0xFF, 0xFF, 0xFF, 0xFF, 0xFF, 0xFD, 0xFF, 0xFB, 0xFF, 0xFB, 0xFF, 0xF9, 0xFF, 0xF9,
        0xFF, 0xF5, 0xFF, 0xF6, 0xFF, 0xF4, 0xFF, 0xF3, 0xFF, 0xF0, 0xFF, 0xF1, 0xFF, 0xF0, 0xFF, 0xEE,
        0xFF, 0xEA, 0xFF, 0xEC, 0xFF, 0xDE, 0x00, 0x00, 0x00, 0x17, 0x00, 0x13, 0x00, 0x11, 0x00, 0x0E,
        0x00, 0x0E, 0x00, 0x0B, 0x00, 0x09, 0x00, 0x07, 0x00, 0x03, 0x00, 0x03, 0x00, 0x03, 0x00, 0x00,
        0x00, 0x00, 0xFF, 0xFE, 0xFF, 0xFB, 0xFF, 0xFC, 0xFF, 0xFB, 0xFF, 0xF7, 0xFF, 0xFA, 0xFF, 0xF8,
        0xFF, 0xF6, 0xFF, 0xF5, 0xFF, 0xF4, 0xFF, 0xF6, 0xFF, 0xF3, 0xFF, 0xF3, 0xFF, 0xF5, 0xFF, 0xF6,
        0xFF, 0xF9, 0xFF, 0xF7, 0xFF, 0xF7, 0xFF, 0xF8, 0xFF, 0xF1, 0xFF, 0xE7, 0xFF, 0xED, 0xFF, 0xF0,
        0xFF, 0xF1, 0xFF, 0xF8, 0xFF, 0xF9, 0xFF, 0xEF, 0xFF, 0xF0, 0xFF, 0xD5, 0xFF, 0x8A, 0xFF, 0x84,
        0x00, 0x00, 0x00, 0x7C, 0x00, 0x02, 0x00, 0x84, 0xFF, 0xF7, 0x02, 0x38, 0x02, 0xA6, 0x00, 0xA9,
        0x00, 0xD4, 0x00, 0x00, 0x01, 0x01, 0x01, 0x01, 0x01, 0x01, 0x01, 0x01, 0x01, 0x01, 0x01, 0x01,
        0x01, 0x01, 0x01, 0x01, 0x01, 0x01, 0x01, 0x01, 0x01, 0x01, 0x01, 0x01, 0x01, 0x01, 0x01, 0x01,
        0x01, 0x01, 0x01, 0x01, 0x01, 0x01, 0x01, 0x01, 0x01, 0x01, 0x01, 0x01, 0x01, 0x01, 0x01, 0x01,
        0x01, 0x01, 0x01, 0x01, 0x01, 0x01, 0x01, 0x01, 0x01, 0x01, 0x01, 0x01, 0x01, 0x01, 0x01, 0x01,
        0x01, 0x01, 0x01, 0x01, 0x01, 0x01, 0x01, 0x01, 0x01, 0x01, 0x01, 0x01, 0x01, 0x01, 0x01, 0x01,
        0x01, 0x01, 0x01, 0x01, 0x01, 0x01, 0x01, 0x01, 0x01, 0x01, 0x01, 0x01, 0x01, 0x01, 0x01, 0x01,
        0x01, 0x01, 0x01, 0x01, 0x01, 0x01, 0x01, 0x01, 0x01, 0x01, 0x01, 0x01, 0x01, 0x01, 0x01, 0x01,
        0x01, 0x01, 0x01, 0x01, 0x01, 0x01, 0x01, 0x01, 0x01, 0x01, 0x01, 0x01, 0x01, 0x01, 0x01, 0x01,
        0x01, 0x01, 0x01, 0x01, 0x01, 0x01, 0x01, 0x01, 0x01, 0x01, 0x01, 0x01, 0x01, 0x01, 0x01, 0x01,
        0x01, 0x01, 0x01, 0x01, 0x01, 0x01, 0x01, 0x01, 0x01, 0x01, 0x01, 0x01, 0x01, 0x01, 0x01, 0x01,
        0x01, 0x01, 0x01, 0x01, 0x01, 0x01, 0x01, 0x01, 0x01, 0x01, 0x01, 0x01, 0x01, 0x01, 0x01, 0x01,
        0x01, 0x01, 0x01, 0x01, 0x01, 0x01, 0x01, 0x01, 0x01, 0x01, 0x01, 0x01, 0x01, 0x01, 0x01, 0x01,
        0x01, 0x01, 0x01, 0x01, 0x01, 0x01, 0x01, 0x01, 0x01, 0x01, 0x01, 0x01, 0x01, 0x01, 0x01, 0x01,
        0x01, 0x01, 0x01, 0x01, 0x01, 0x01, 0x01, 0x01, 0x01, 0x01, 0x98, 0xFF, 0xB5, 0x00, 0x00, 0xFF,
        0xF0, 0xFF, 0xF5, 0xFF, 0xF1, 0xFF, 0xF8, 0xFF, 0xF8, 0xFF, 0xF8, 0xFF, 0xF4, 0xFF, 0xEB, 0xFF,
        0xEE, 0xFF, 0xF6, 0xFF, 0xF7, 0xFF, 0xF2, 0xFF, 0xF9, 0xFF, 0xF9, 0xFF, 0xF5, 0xFF, 0xFC, 0xFF,
        0xFA, 0xFF, 0xF9, 0xFF, 0xFB, 0xFF, 0xFD, 0xFF, 0xFF, 0x00, 0x00, 0x00, 0x02, 0x00, 0x05, 0x00,
        0x05, 0x00, 0x05, 0x00, 0x07, 0x00, 0x06, 0x00, 0x09, 0x00, 0x08, 0x00, 0x0C, 0x00, 0x0A, 0x00,
        0x0A, 0x00, 0x0B, 0x00, 0x0C, 0x00, 0x0A, 0x00, 0x0D, 0x00, 0x0D, 0x00, 0x0C, 0x00, 0x0B, 0x00,
        0x0C, 0x00, 0x0B, 0x00, 0x0A, 0x00, 0x07, 0x00, 0x0A, 0x00, 0x06, 0x00, 0x08, 0x00, 0x04, 0x00,
        0x0A, 0x00, 0x07, 0x00, 0x08, 0x00, 0x0C, 0x00, 0x0C, 0x00, 0x0E, 0x00, 0x12, 0x00, 0x12, 0x00,
        0x0A, 0x00, 0x0C, 0x00, 0x0C, 0x00, 0x0A, 0x00, 0x0A, 0x00, 0x08, 0x00, 0x08, 0x00, 0x06, 0x00,
        0x06, 0x00, 0x07, 0x00, 0x04, 0x00, 0x04, 0x00, 0x04, 0x00, 0x03, 0x00, 0x02, 0x00, 0x01, 0x00,
        0x01, 0x00, 0x00, 0xFF, 0xFE, 0xFF, 0xFE, 0xFF, 0xFD, 0xFF, 0xF9, 0xFF, 0xFA, 0xFF, 0xFC, 0xFF,
        0xF9, 0xFF, 0xFA, 0xFF, 0xF9, 0xFF, 0xF9, 0xFF, 0xF6, 0xFF, 0xF8, 0xFF, 0xF6, 0xFF, 0xF7, 0xFF,
        0xF5, 0xFF, 0xF5, 0xFF, 0xF4, 0xFF, 0xF3, 0xFF, 0xF2, 0xFF, 0xF5, 0xFF, 0xF2, 0xFF, 0xF3, 0xFF,
        0xE6, 0xFF, 0xE1, 0xFF, 0xE3, 0xFF, 0xE5, 0xFF, 0xE6, 0xFF, 0xF3, 0xFF, 0xF6, 0xFF, 0xED, 0xFF,
        0xEF, 0xFF, 0xF8, 0xFF, 0xF9, 0xFF, 0xF5, 0xFF, 0xFB, 0xFF, 0xFB, 0xFF, 0xF9, 0xFF, 0xFD, 0xFF,
        0xFE, 0xFF, 0xFD, 0x00, 0x00, 0x00, 0x4B, 0x00, 0x00, 0x00, 0x01, 0x00, 0x02, 0x00, 0x03, 0x00,
        0x04, 0x00, 0x04, 0x00, 0x07, 0x00, 0x06, 0x00, 0x09, 0x00, 0x0A, 0x00, 0x0A, 0x00, 0x0C, 0x00,
        0x0C, 0x00, 0x0C, 0x00, 0x0D, 0x00, 0x17, 0x00, 0x17, 0x00, 0x13, 0x00, 0x15, 0x00, 0x12, 0x00,
        0x10, 0x00, 0x0E, 0x00, 0x0C, 0x00, 0x06, 0x00, 0x06, 0x00, 0x06, 0x00, 0x05, 0x00, 0x03, 0x00,
        0x04, 0x00, 0x02, 0x00, 0x02, 0x00, 0x01, 0x00, 0x00, 0xFF, 0xFF, 0xFF, 0xFE, 0xFF, 0xFE, 0xFF,
        0xFD, 0xFF, 0xFC, 0xFF, 0xFB, 0xFF, 0xFB, 0xFF, 0xF9, 0xFF, 0xF8, 0xFF, 0xF8, 0xFF, 0xF6, 0xFF,
        0xF7, 0xFF, 0xF9, 0xFF, 0xFB, 0xFF, 0xFC, 0xFF, 0xFD, 0xFF, 0xFE, 0x00, 0x00, 0xFF, 0x3B, 0x00,
        0x01, 0x00, 0x03, 0x00, 0x05, 0x00, 0x06, 0x00, 0x05, 0x00, 0x04, 0x00, 0x09, 0x00, 0x0B, 0x00,
        0x0C, 0x00, 0x0E, 0x00, 0x06, 0x00, 0x09, 0x00, 0x09, 0x00, 0x05, 0x00, 0x06, 0x00, 0x07, 0x00,
        0x06, 0x00, 0x03, 0x00, 0x01, 0x00, 0x00, 0xFF, 0xFF, 0xFF, 0xFD, 0xFF, 0xFC, 0xFF, 0xFC, 0xFF,
        0xFD, 0xFF, 0xF9, 0xFF, 0xF6, 0xFF, 0xF8, 0xFF, 0xF7, 0xFF, 0xF6, 0xFF, 0xF6, 0xFF, 0xF6, 0xFF,
        0xF8, 0xFF, 0xF9, 0xFF, 0xFA, 0xFF, 0xFA, 0xFF, 0xFB, 0xFF, 0xFD, 0xFF, 0xFD, 0xFF, 0xFD, 0xFF,
        0xFF, 0xFF, 0xFF, 0x01, 0x83, 0x00, 0x00, 0xFF, 0xE5, 0x00, 0x0E, 0x00, 0x08, 0x00, 0x06, 0x00,
        0x02, 0x00, 0x01, 0x00, 0x01, 0x00, 0x00, 0xFF, 0xFE, 0xFF, 0xFB, 0xFF, 0xFC, 0xFF, 0xFC, 0xFF,
        0xF7, 0xFF, 0xFA, 0xFF, 0xFA, 0xFF, 0xF2, 0xFF, 0xF8, 0xFF, 0xF6, 0xFF, 0xED, 0xFF, 0xEC, 0xFF,
        0xEB, 0xFF, 0xE7, 0xFF, 0x91, 0xFF, 0xE9, 0xFF, 0xEA, 0xFF, 0xF2, 0xFF, 0xF5, 0xFF, 0xF3, 0xFF,
        0xF7, 0xFF, 0xF6, 0xFF, 0xF8, 0xFF, 0xF8, 0xFF, 0xFB, 0xFF, 0xFB, 0xFF, 0xFC, 0xFF, 0xFE, 0xFF,
        0xFE, 0xFF, 0xFF, 0x00, 0x00, 0x00, 0x01, 0x00, 0x02, 0x00, 0x04, 0x00, 0x04, 0x00, 0x06, 0x00,
        0x05, 0x00, 0x07, 0x00, 0x07, 0x00, 0x0A, 0x00, 0x07, 0xFF, 0xEE, 0xFF, 0xF6, 0xFF, 0xF8, 0xFF,
        0xF8, 0xFF, 0xFB, 0xFF, 0xFD, 0xFF, 0xFF, 0x00, 0x01, 0x00, 0x01, 0x00, 0x03, 0x00, 0x04, 0x00,
        0x05, 0x00, 0x06, 0x00, 0x07, 0x00, 0x08, 0x00, 0x08, 0x00, 0x0A, 0x00, 0x0D, 0x00, 0x0A, 0x00,
        0x0F, 0x00, 0x0F, 0x00, 0x0F, 0x00, 0x10, 0x00, 0x14, 0x00, 0x21, 0x00, 0xD4, 0x00, 0x2A, 0x00,
        0x15, 0x00, 0x13, 0x00, 0x23, 0x00, 0x12, 0x00, 0x0E, 0x00, 0x10, 0x00, 0x0D, 0x00, 0x0C, 0x00,
        0x0C, 0x00, 0x0D, 0x00, 0x0A, 0x00, 0x09, 0x00, 0x09, 0x00, 0x08, 0x00, 0x07, 0x00, 0x06, 0x00,
        0x06, 0x00, 0x05, 0x00, 0x03, 0x00, 0x03, 0x00, 0x02, 0x00, 0x02, 0x00, 0x00, 0xFF, 0xFD, 0xFF,
        0xFB, 0xFF, 0xF8, 0xFF, 0xFA, 0xFF, 0xFB, 0xFF, 0xF5, 0xFF, 0xF2, 0xFF, 0xF9, 0xFF, 0xF7, 0xFF,
        0xF1, 0xFF, 0xF6, 0xFF, 0xF5, 0xFF, 0xED, 0xFF, 0xF4, 0xFF, 0xF3, 0xFF, 0xE9, 0xFF, 0xE8, 0x00,
        0x00, 0x00, 0x19, 0x00, 0x0A, 0x00, 0x09, 0x00, 0x08, 0x00, 0x08, 0x00, 0x08, 0x00, 0x09, 0x00,
        0x06, 0x00, 0x07, 0x00, 0x07, 0x00, 0x05, 0x00, 0x05, 0x00, 0x04, 0x00, 0x03, 0x00, 0x02, 0x00,
        0x02, 0x00, 0x00, 0xFF, 0xFD, 0xFF, 0xFB, 0xFF, 0xF9, 0xFF, 0xF6, 0xFF, 0xF4, 0xFF, 0xF2, 0xFF,
        0xF7, 0xFF, 0xF4, 0xFF, 0xF3, 0xFF, 0xF2, 0xFF, 0xF4, 0xFF, 0xF1, 0xFF, 0xEF, 0xFF, 0xEF, 0xFF,
        0xE4, 0xFF, 0x22, 0xFF, 0xE2, 0xFF, 0xE6, 0xFF, 0xEF, 0xFF, 0xF5, 0xFF, 0xF3, 0xFF, 0xF7, 0xFF,
        0xF9, 0xFF, 0xFB, 0xFF, 0xFD, 0xFF, 0xFE, 0x00, 0x01, 0x00, 0x02, 0x00, 0x05, 0x00, 0x07, 0x00,
        0x08, 0x00, 0x0B, 0x00, 0x0C, 0x00, 0x0F, 0x00, 0x6C, 0x00, 0x12, 0x00, 0x0E, 0x00, 0x0F, 0x00,
        0x0A, 0x00, 0x07, 0x00, 0x03, 0x00, 0x07, 0x00, 0x03, 0x00, 0x02, 0xFF, 0xFF, 0xFF, 0xFE, 0xFF,
        0xFD, 0xFF, 0xFB, 0xFF, 0xFD, 0xFF, 0xFA, 0xFF, 0xF5, 0xFF, 0xF2, 0xFF, 0xF2, 0xFF, 0xEC, 0xFF,
        0x99, 0xFF, 0xF0, 0xFF, 0xF2, 0xFF, 0xF5, 0xFF, 0xF9, 0xFF, 0xFC, 0xFF, 0xF8, 0xFF, 0xFB, 0xFF,
        0xFC, 0xFF, 0xFE, 0xFF, 0xFE, 0x00, 0x00, 0x00, 0x01, 0x00, 0x03, 0x00, 0x03, 0x00, 0x05, 0x00,
        0x06, 0x00, 0x06, 0x00, 0x08, 0x00, 0x08, 0x00, 0x0A, 0x00, 0x09, 0x00, 0x0E, 0x00, 0x00, 0x00,
        0x00, 0x02, 0x00, 0x6C, 0x00, 0x00, 0x02, 0x50, 0x02, 0xB6, 0x00, 0x03, 0x00, 0x0B, 0x00, 0x00,
        0x01, 0x01, 0x01, 0x01, 0x01, 0x01, 0x01, 0x01, 0x01, 0x01, 0x01, 0x01, 0x01, 0xA6, 0xFF, 0x70,
        0x00, 0x48, 0x00, 0x01, 0x00, 0x5D, 0x00, 0x30, 0x00, 0x64, 0xFF, 0x4D, 0xFF, 0x82, 0xFF, 0x4D,
        0x00, 0x64, 0x00, 0x2F, 0x01, 0x23, 0x00, 0x00, 0x01, 0x24, 0x00, 0x00, 0xFE, 0x81, 0xFF, 0x38,
        0x00, 0x00, 0x02, 0xB6, 0x00, 0x00, 0xFD, 0x4A, 0x00, 0x00, 0x00, 0xC8, 0x00, 0x03, 0x00, 0x76,
        0x00, 0x00, 0x02, 0x4B, 0x02, 0xAB, 0x00, 0x1B, 0x00, 0x39, 0x00, 0x7C, 0x00, 0x00, 0x01, 0x01,
        0x01, 0x01, 0x01, 0x01, 0x01, 0x01, 0x01, 0x01, 0x01, 0x01, 0x01, 0x01, 0x01, 0x01, 0x01, 0x01,
        0x01, 0x01, 0x01, 0x01, 0x01, 0x01, 0x01, 0x01, 0x01, 0x01, 0x01, 0x01, 0x01, 0x01, 0x01, 0x01,
        0x01, 0x01, 0x01, 0x01, 0x01, 0x01, 0x01, 0x01, 0x01, 0x01, 0x01, 0x01, 0x01, 0x01, 0x01, 0x01,
        0x01, 0x01, 0x01, 0x01, 0x01, 0x01, 0x01, 0x01, 0x01, 0x01, 0x01, 0x01, 0x01, 0x01, 0x01, 0x01,
        0x01, 0x01, 0x01, 0x01, 0x01, 0x01, 0x01, 0x01, 0x01, 0x01, 0x01, 0x01, 0x01, 0x01, 0x01, 0x01,
        0x01, 0x01, 0x01, 0x01, 0x01, 0x01, 0x01, 0x01, 0x01, 0x01, 0x01, 0x01, 0x01, 0x01, 0x01, 0x01,
        0x01, 0x01, 0x01, 0x01, 0x01, 0x01, 0x01, 0x01, 0x01, 0x01, 0x01, 0x01, 0x01, 0x01, 0x01, 0x01,
        0x01, 0x01, 0x01, 0x01, 0x01, 0x01, 0x01, 0x01, 0x01, 0x01, 0x01, 0x00, 0xD1, 0x00, 0x7C, 0x00,
        0x16, 0x00, 0x10, 0x00, 0x10, 0x00, 0x0F, 0x00, 0x0C, 0x00, 0x0D, 0x00, 0x0D, 0x00, 0x0A, 0x00,
        0x08, 0x00, 0x06, 0x00, 0x04, 0x00, 0x03, 0x00, 0x01, 0xFF, 0xFF, 0xFF, 0xFD, 0xFF, 0xFC, 0xFF,
        0xFB, 0xFF, 0xF9, 0xFF, 0xF6, 0xFF, 0xF7, 0xFF, 0xF3, 0xFF, 0xF5, 0xFF, 0xF4, 0xFF, 0xF1, 0xFF,
        0xF0, 0xFF, 0x63, 0x00, 0x00, 0x00, 0x88, 0x00, 0x14, 0x00, 0x13, 0x00, 0x10, 0x00, 0x0E, 0x00,
        0x0E, 0x00, 0x0F, 0x00, 0x0B, 0x00, 0x06, 0x00, 0x05, 0x00, 0x08, 0x00, 0x07, 0x00, 0x04, 0x00,
        0x03, 0x00, 0x00, 0x00, 0x00, 0xFF, 0xFD, 0xFF, 0xFB, 0xFF, 0xF9, 0xFF, 0xF8, 0xFF, 0xF6, 0xFF,
        0xF4, 0xFF, 0xF1, 0xFF, 0xF2, 0xFF, 0xF1, 0xFF, 0xF1, 0xFF, 0xEF, 0xFF, 0xED, 0xFF, 0x76, 0x00,
        0xA0, 0x00, 0x11, 0x00, 0x14, 0x00, 0x0F, 0x00, 0x11, 0x00, 0x0E, 0x00, 0x10, 0x00, 0x0F, 0x00,
        0x0D, 0x00, 0x0D, 0x00, 0x0C, 0x00, 0x0B, 0x00, 0x09, 0x00, 0x09, 0x00, 0x08, 0x00, 0x07, 0x00,
        0x07, 0x00, 0x05, 0x00, 0x05, 0x00, 0x03, 0x00, 0x02, 0xFF, 0xFF, 0xFF, 0xFE, 0xFF, 0xFC, 0xFF,
        0xFB, 0xFF, 0xF9, 0xFF, 0xF8, 0xFF, 0xF7, 0xFF, 0xF6, 0xFF, 0xF4, 0xFF, 0xF4, 0xFF, 0xF2, 0xFF,
        0xF1, 0x00, 0x00, 0x00, 0x09, 0x00, 0x0B, 0x00, 0x08, 0x00, 0x09, 0x00, 0x07, 0x00, 0x08, 0x00,
        0x06, 0x00, 0x06, 0x00, 0x05, 0x00, 0x05, 0x00, 0x04, 0x00, 0x02, 0x00, 0x02, 0x00, 0x01, 0x00,
        0x00, 0xFF, 0xFE, 0xFF, 0xFC, 0xFF, 0xFA, 0xFF, 0xF8, 0xFF, 0xF7, 0xFF, 0xF4, 0xFF, 0xF4, 0xFF,
        0xF1, 0xFF, 0xEF, 0xFF, 0xEE, 0xFF, 0xED, 0xFF, 0xEC, 0xFF, 0xEB, 0xFF, 0xE7, 0xFF, 0xE7, 0xFF,
        0xE3, 0xFF, 0x2D, 0x00, 0x00, 0x02, 0x4C, 0x00, 0x00, 0xFF, 0xFF, 0xFF, 0xFF, 0xFF, 0xFE, 0xFF,
        0xFC, 0xFF, 0xFC, 0xFF, 0xFA, 0xFF, 0xF9, 0xFF, 0xF6, 0xFF, 0xF7, 0xFF, 0xF6, 0xFF, 0xF3, 0xFF,
        0xF3, 0xFF, 0xF0, 0xFF, 0xF0, 0xFF, 0xF3, 0xFF, 0xF4, 0xFF, 0xF5, 0xFF, 0xF8, 0xFF, 0xF7, 0xFF,
        0xFA, 0xFF, 0xFB, 0xFF, 0xFC, 0xFF, 0xFE, 0xFF, 0xFE, 0xFF, 0xFF, 0x00, 0x00, 0xFF, 0xA1, 0x00,
        0x00, 0xFF, 0xFF, 0xFF, 0xFE, 0xFF, 0xFE, 0xFF, 0xFD, 0xFF, 0xFB, 0xFF, 0xF9, 0xFF, 0xF8, 0xFF,
        0xFB, 0xFF, 0xFA, 0xFF, 0xF5, 0xFF, 0xF3, 0xFF, 0xF1, 0xFF, 0xEF, 0xFF, 0xF0, 0xFF, 0xF1, 0xFF,
        0xEF, 0xFF, 0xF1, 0xFF, 0xF4, 0xFF, 0xF5, 0xFF, 0xF7, 0xFF, 0xF8, 0xFF, 0xF9, 0xFF, 0xFC, 0xFF,
        0xFD, 0xFF, 0xFD, 0xFF, 0xFF, 0x00, 0x00, 0x00, 0x00, 0xFF, 0xA4, 0x00, 0x00, 0x00, 0x02, 0x00,
        0x02, 0x00, 0x04, 0x00, 0x04, 0x00, 0x05, 0x00, 0x07, 0x00, 0x08, 0x00, 0x08, 0x00, 0x0A, 0x00,
        0x0A, 0x00, 0x0A, 0x00, 0x0C, 0x00, 0x0C, 0x00, 0x0C, 0x00, 0x10, 0x00, 0x10, 0x00, 0x13, 0x00,
        0x14, 0x00, 0x15, 0x00, 0x12, 0x00, 0x14, 0x00, 0x13, 0x00, 0x0F, 0x00, 0x12, 0x00, 0x0E, 0x00,
        0x0D, 0x00, 0x0B, 0x00, 0x0A, 0x00, 0x09, 0x00, 0x07, 0x00, 0x04, 0x00, 0x02, 0x00, 0x04, 0x00,
        0x06, 0x00, 0x05, 0x00, 0x07, 0x00, 0x07, 0x00, 0x09, 0x00, 0x07, 0x00, 0x0B, 0x00, 0x08, 0x00,
        0x0C, 0x00, 0x0C, 0x00, 0x09, 0x00, 0x0D, 0x00, 0x09, 0x00, 0x1A, 0x00, 0x16, 0x00, 0x14, 0x00,
        0x12, 0x00, 0x11, 0x00, 0x0F, 0x00, 0x11, 0x00, 0x0C, 0x00, 0x0D, 0x00, 0x0B, 0x00, 0x09, 0x00,
        0x07, 0x00, 0x07, 0x00, 0x04, 0x00, 0x04, 0x00, 0x03, 0x00, 0x01, 0x00, 0x00, 0xFD, 0x55, 0x00,
        0x00, 0x01, 0x00, 0x99, 0xFF, 0xF7, 0x02, 0x1E, 0x02, 0xC4, 0x00, 0x8A, 0x00, 0x00, 0x01, 0x01,
        0x01, 0x01, 0x01, 0x01, 0x01, 0x01, 0x01, 0x01, 0x01, 0x01, 0x01, 0x01, 0x01, 0x01, 0x01, 0x01,
        0x01, 0x01, 0x01, 0x01, 0x01, 0x01, 0x01, 0x01, 0x01, 0x01, 0x01, 0x01, 0x01, 0x01, 0x01, 0x01,
        0x01, 0x01, 0x01, 0x01, 0x01, 0x01, 0x01, 0x01, 0x01, 0x01, 0x01, 0x01, 0x01, 0x01, 0x01, 0x01,
        0x01, 0x01, 0x01, 0x01, 0x01, 0x01, 0x01, 0x01, 0x01, 0x01, 0x01, 0x01, 0x01, 0x01, 0x01, 0x01,
        0x01, 0x01, 0x01, 0x01, 0x01, 0x01, 0x01, 0x01, 0x01, 0x01, 0x01, 0x01, 0x01, 0x01, 0x01, 0x01,
        0x01, 0x01, 0x01, 0x01, 0x01, 0x01, 0x01, 0x01, 0x01, 0x01, 0x01, 0x01, 0x01, 0x01, 0x01, 0x01,
        0x01, 0x01, 0x01, 0x01, 0x01, 0x01, 0x01, 0x01, 0x01, 0x01, 0x01, 0x01, 0x01, 0x01, 0x01, 0x01,
        0x01, 0x01, 0x01, 0x01, 0x01, 0x01, 0x01, 0x01, 0x01, 0x01, 0x01, 0x01, 0x01, 0x01, 0x01, 0x01,
        0x01, 0x01, 0x01, 0x01, 0x01, 0x01, 0x01, 0x01, 0x01, 0x02, 0x1E, 0xFF, 0xFF, 0xFF, 0xFD, 0xFF,
        0xFC, 0xFF, 0xFB, 0xFF, 0xF9, 0xFF, 0xF8, 0xFF, 0xF7, 0xFF, 0xF3, 0xFF, 0xF5, 0xFF, 0xF1, 0xFF,
        0xF2, 0xFF, 0xEF, 0xFF, 0xEF, 0xFF, 0xF0, 0xFF, 0xF1, 0xFF, 0xF0, 0xFF, 0xEF, 0xFF, 0xEF, 0xFF,
        0xF1, 0xFF, 0xF1, 0xFF, 0xF2, 0xFF, 0xF3, 0xFF, 0xF4, 0xFF, 0xF2, 0xFF, 0xF6, 0xFF, 0xF4, 0xFF,
        0xF5, 0xFF, 0xF6, 0xFF, 0xF7, 0xFF, 0xF8, 0xFF, 0xF8, 0xFF, 0xF9, 0xFF, 0xF9, 0xFF, 0xFB, 0xFF,
        0xFC, 0xFF, 0xFC, 0xFF, 0xFD, 0xFF, 0xFE, 0xFF, 0xFF, 0x00, 0x00, 0x00, 0x01, 0x00, 0x01, 0x00,
        0x03, 0x00, 0x03, 0x00, 0x04, 0x00, 0x05, 0x00, 0x07, 0x00, 0x06, 0x00, 0x07, 0x00, 0x08, 0x00,
        0x08, 0x00, 0x08, 0x00, 0x0B, 0x00, 0x09, 0x00, 0x0C, 0x00, 0x0B, 0x00, 0x0C, 0x00, 0x0D, 0x00,
        0x0D, 0x00, 0x0E, 0x00, 0x0F, 0x00, 0x10, 0x00, 0x11, 0x00, 0x0E, 0x00, 0x0F, 0x00, 0x13, 0x00,
        0x0F, 0x00, 0x11, 0x00, 0x11, 0x00, 0x0D, 0x00, 0x0F, 0x00, 0x0B, 0x00, 0x0D, 0x00, 0x09, 0x00,
        0x08, 0x00, 0x06, 0x00, 0x06, 0x00, 0x04, 0x00, 0x02, 0x00, 0x01, 0xFF, 0xA0, 0xFF, 0xFE, 0xFF,
        0xFC, 0xFF, 0xFA, 0xFF, 0xF9, 0xFF, 0xF7, 0xFF, 0xF6, 0xFF, 0xF5, 0xFF, 0xF5, 0xFF, 0xF6, 0xFF,
        0xF7, 0xFF, 0xF6, 0xFF, 0xF4, 0xFF, 0xF7, 0xFF, 0xF8, 0xFF, 0xF9, 0xFF, 0xF7, 0xFF, 0xF7, 0xFF,
        0xF7, 0xFF, 0xF9, 0xFF, 0xF9, 0xFF, 0xF9, 0xFF, 0xFB, 0xFF, 0xFB, 0xFF, 0xFB, 0xFF, 0xFD, 0xFF,
        0xFD, 0xFF, 0xFE, 0xFF, 0xFF, 0x00, 0x00, 0x00, 0x01, 0x00, 0x02, 0x00, 0x03, 0x00, 0x05, 0x00,
        0x06, 0x00, 0x08, 0x00, 0x0A, 0x00, 0x09, 0x00, 0x0C, 0x00, 0x06, 0x00, 0x07, 0x00, 0x0D, 0x00,
        0x08, 0x00, 0x09, 0x00, 0x09, 0x00, 0x0A, 0x00, 0x0A, 0x00, 0x09, 0x00, 0x09, 0x00, 0x0B, 0x00,
        0x08, 0x00, 0x07, 0x00, 0x07, 0x00, 0x05, 0x00, 0x05, 0x00, 0x04, 0x00, 0x02, 0x00, 0x02, 0x02,
        0x1D, 0x00, 0x11, 0x00, 0x11, 0x00, 0x10, 0x00, 0x0F, 0x00, 0x0E, 0x00, 0x0E, 0x00, 0x0C, 0x00,
        0x0E, 0x00, 0x0A, 0x00, 0x0A, 0x00, 0x08, 0x00, 0x08, 0x00, 0x06, 0x00, 0x03, 0x00, 0x02, 0x00,
        0x01, 0xFF, 0xFF, 0xFF, 0xFE, 0xFF, 0xFD, 0xFF, 0xFB, 0xFF, 0xFA, 0xFF, 0xFA, 0xFF, 0xF8, 0xFF,
        0xF5, 0xFF, 0xF6, 0xFF, 0xF2, 0xFF, 0xF2, 0xFF, 0xF1, 0xFF, 0xEF, 0xFF, 0xEF, 0xFF, 0xEE, 0xFF,
        0xEA, 0xFF, 0xE9, 0xFF, 0xE9, 0xFF, 0xE9, 0xFF, 0xE8, 0xFF, 0xE8, 0xFF, 0xE4, 0xFF, 0xE5, 0xFF,
        0xE6, 0xFF, 0xE6, 0xFF, 0xE5, 0xFF, 0xE5, 0xFF, 0xE8, 0xFF, 0xE9, 0xFF, 0xE8, 0xFF, 0xE9, 0xFF,
        0xED, 0xFF, 0xEE, 0xFF, 0xEE, 0xFF, 0xEF, 0xFF, 0xF2, 0xFF, 0xF1, 0xFF, 0xF4, 0xFF, 0xF3, 0xFF,
        0xF6, 0xFF, 0xF6, 0xFF, 0xF8, 0xFF, 0xFA, 0xFF, 0xFA, 0xFF, 0xFB, 0xFF, 0xFD, 0xFF, 0xFE, 0x00,
        0x00, 0x00, 0x00, 0x00, 0x03, 0x00, 0x04, 0x00, 0x06, 0x00, 0x08, 0x00, 0x08, 0x00, 0x0B, 0x00,
        0x0A, 0x00, 0x0E, 0x00, 0x0D, 0x00, 0x0E, 0x00, 0x0F, 0x00, 0x0F, 0x00, 0x11, 0x00, 0x11, 0x00,
        0x12, 0x00, 0x00, 0xFF, 0xF2, 0xFF, 0xF3, 0xFF, 0xF5, 0xFF, 0xF5, 0xFF, 0xF8, 0xFF, 0xF8, 0xFF,
        0xFB, 0xFF, 0xFC, 0xFF, 0xFE, 0x00, 0x00, 0x00, 0x00, 0x00, 0x03, 0x00, 0x03, 0x00, 0x03, 0x00,
        0x05, 0x00, 0x08, 0x00, 0x09, 0x00, 0x0D, 0x00, 0x0C, 0x00, 0x0F, 0x00, 0x11, 0x00, 0x12, 0x00,
        0x13, 0x00, 0x16, 0x00, 0x17, 0x00, 0x1A, 0x00, 0x1C, 0x00, 0x1D, 0x00, 0x1A, 0x00, 0x1A, 0x00,
        0x18, 0x00, 0x1A, 0x00, 0x1F, 0x00, 0x1A, 0x00, 0x19, 0x00, 0x17, 0x00, 0x12, 0x00, 0x10, 0x00,
        0x06, 0x00, 0x06, 0x00, 0x08, 0x00, 0x04, 0x00, 0x03, 0x00, 0x01, 0x00, 0x01, 0xFF, 0xFF, 0xFF,
        0xFF, 0xFF, 0xFD, 0xFF, 0xFB, 0xFF, 0xFB, 0xFF, 0xFB, 0xFF, 0xF9, 0xFF, 0xF9, 0xFF, 0xF8, 0xFF,
        0xF7, 0xFF, 0xF7, 0xFF, 0xF6, 0x00, 0x00, 0x00, 0x00, 0x02, 0x00, 0x80, 0x00, 0x00, 0x02, 0x27,
        0x02, 0xAE, 0x00, 0x3A, 0x00, 0x5B, 0x00, 0x00, 0x01, 0x01, 0x01, 0x01, 0x01, 0x01, 0x01, 0x01,
        0x01, 0x01, 0x01, 0x01, 0x01, 0x01, 0x01, 0x01, 0x01, 0x01, 0x01, 0x01, 0x01, 0x01, 0x01, 0x01,
        0x01, 0x01, 0x01, 0x01, 0x01, 0x01, 0x01, 0x01, 0x01, 0x01, 0x01, 0x01, 0x01, 0x01, 0x01, 0x01,
        0x01, 0x01, 0x01, 0x01, 0x01, 0x01, 0x01, 0x01, 0x01, 0x01, 0x01, 0x01, 0x01, 0x01, 0x01, 0x01,
        0x01, 0x01, 0x01, 0x01, 0x01, 0x01, 0x01, 0x01, 0x01, 0x01, 0x01, 0x01, 0x01, 0x01, 0x01, 0x01,
        0x01, 0x01, 0x01, 0x01, 0x01, 0x01, 0x01, 0x01, 0x01, 0x01, 0x01, 0x01, 0x01, 0x01, 0x01, 0x01,
        0x01, 0x01, 0x01, 0x01, 0x00, 0x80, 0x00, 0x51, 0x00, 0x1C, 0x00, 0x21, 0x00, 0x23, 0x00, 0x12,
        0x00, 0x12, 0x00, 0x12, 0x00, 0x10, 0x00, 0x10, 0x00, 0x10, 0x00, 0x0F, 0x00, 0x0E, 0x00, 0x0D,
        0x00, 0x0D, 0x00, 0x0C, 0x00, 0x0B, 0x00, 0x0A, 0x00, 0x0A, 0x00, 0x09, 0x00, 0x08, 0x00, 0x07,
        0x00, 0x06, 0x00, 0x05, 0x00, 0x04, 0x00, 0x03, 0x00, 0x02, 0x00, 0x02, 0x00, 0x00, 0x00, 0x00,
        0xFF, 0xFE, 0xFF, 0xFD, 0xFF, 0xFD, 0xFF, 0xFB, 0xFF, 0xFB, 0xFF, 0xFA, 0xFF, 0xF8, 0xFF, 0xF8,
        0xFF, 0xF7, 0xFF, 0xF7, 0xFF, 0xF3, 0xFF, 0xF5, 0xFF, 0xF4, 0xFF, 0xF3, 0xFF, 0xF0, 0xFF, 0xF2,
        0xFF, 0xF1, 0xFF, 0xF0, 0xFF, 0xF0, 0xFF, 0xF0, 0xFF, 0xEE, 0xFF, 0xEF, 0xFF, 0xED, 0xFF, 0xEE,
        0xFF, 0xF0, 0xFF, 0xEC, 0xFF, 0xF0, 0xFF, 0xE5, 0xFF, 0xB8, 0x00, 0x6F, 0x00, 0x14, 0x00, 0x16,
        0x00, 0x12, 0x00, 0x14, 0x00, 0x13, 0x00, 0x11, 0x00, 0x10, 0x00, 0x0F, 0x00, 0x0D, 0x00, 0x0D,
        0x00, 0x0A, 0x00, 0x0A, 0x00, 0x07, 0x00, 0x05, 0x00, 0x03, 0x00, 0x01, 0xFF, 0xFF, 0xFF, 0xFE,
        0xFF, 0xFB, 0xFF, 0xF9, 0xFF, 0xF7, 0xFF, 0xF6, 0xFF, 0xF5, 0xFF, 0xF3, 0xFF, 0xF1, 0xFF, 0xF0,
        0xFF, 0xEF, 0xFF, 0xED, 0xFF, 0xEB, 0xFF, 0xED, 0xFF, 0xE9, 0xFF, 0xEB, 0x00, 0x00, 0x00, 0x00,
        0x00, 0x01, 0x00, 0x03, 0x00, 0x07, 0x00, 0x05, 0x00, 0x05, 0x00, 0x06, 0x00, 0x08, 0x00, 0x08,
        0x00, 0x08, 0x00, 0x0A, 0x00, 0x0A, 0x00, 0x0B, 0x00, 0x0C, 0x00, 0x0D, 0x00, 0x0D, 0x00, 0x0E,
        0x00, 0x0F, 0x00, 0x10, 0x00, 0x10, 0x00, 0x11, 0x00, 0x12, 0x00, 0x12, 0x00, 0x10, 0x00, 0x14,
        0x00, 0x14, 0x00, 0x15, 0x00, 0x12, 0x00, 0x14, 0x00, 0x15, 0x00, 0x14, 0x00, 0x13, 0x00, 0x13,
        0x00, 0x13, 0x00, 0x12, 0x00, 0x11, 0x00, 0x11, 0x00, 0x10, 0x00, 0x10, 0x00, 0x11, 0x00, 0x0F,
        0x00, 0x0D, 0x00, 0x0D, 0x00, 0x0E, 0x00, 0x0C, 0x00, 0x0A, 0x00, 0x0A, 0x00, 0x09, 0x00, 0x08,
        0x00, 0x08, 0x00, 0x06, 0x00, 0x06, 0x00, 0x04, 0x00, 0x04, 0x00, 0x03, 0x00, 0x01, 0x00, 0x02,
        0x00, 0x00, 0xFF, 0xA1, 0xFF, 0xFE, 0xFF, 0xFB, 0xFF, 0xFA, 0xFF, 0xF7, 0xFF, 0xF4, 0xFF, 0xF3,
        0xFF, 0xF1, 0xFF, 0xEF, 0xFF, 0xEE, 0xFF, 0xEA, 0xFF, 0xEC, 0xFF, 0xE7, 0xFF, 0xE7, 0xFF, 0xE9,
        0xFF, 0xE6, 0xFF, 0xEA, 0xFF, 0xE8, 0xFF, 0xE8, 0xFF, 0xE6, 0xFF, 0xEB, 0xFF, 0xE8, 0xFF, 0xED,
        0xFF, 0xEE, 0xFF, 0xF0, 0xFF, 0xF1, 0xFF, 0xF3, 0xFF, 0xF4, 0xFF, 0xF7, 0xFF, 0xF9, 0xFF, 0xFB,
        0xFF, 0xFE, 0xFF, 0xFF, 0x00, 0x01, 0x00, 0x86, 0x00, 0x00, 0x02, 0x24, 0x02, 0xB6, 0x00, 0x0B,
        0x00, 0x00, 0x01, 0x01, 0x01, 0x01, 0x01, 0x01, 0x01, 0x01, 0x01, 0x01, 0x01, 0x01, 0x00, 0xEC,
        0x01, 0x2C, 0x00, 0x00, 0xFE, 0x6E, 0x00, 0x00, 0x01, 0x9E, 0x00, 0x00, 0xFE, 0xC8, 0x00, 0x00,
        0x01, 0x06, 0x00, 0x00, 0xFE, 0xFA, 0x02, 0x56, 0x00, 0x00, 0x00, 0x60, 0x00, 0x00, 0xFD, 0x4A,
        0x00, 0x00, 0x00, 0x60, 0x00, 0x00, 0x00, 0xDA, 0x00, 0x00, 0x00, 0x60, 0x00, 0x00, 0x00, 0x00,
        0x00, 0x01, 0x00, 0xA9, 0x00, 0x00, 0x02, 0x07, 0x02, 0xBC, 0x00, 0x09, 0x00, 0x00, 0x01, 0x01,
        0x01, 0x01, 0x01, 0x01, 0x01, 0x01, 0x01, 0x01, 0x01, 0x0F, 0x00, 0xF8, 0x00, 0x00, 0xFE, 0xA2,
        0x00, 0x00, 0x00, 0x66, 0x00, 0x00, 0x00, 0xC8, 0x00, 0x00, 0xFF, 0x38, 0x02, 0x5B, 0x00, 0x00,
        0x00, 0x61, 0x00, 0x00, 0xFD, 0x44, 0x00, 0x00, 0x01, 0x3D, 0x00, 0x00, 0x00, 0x61, 0x00, 0x00,
        0x00, 0x01, 0x00, 0x81, 0xFF, 0xF7, 0x02, 0x41, 0x02, 0xC4, 0x00, 0x85, 0x00, 0x00, 0x01, 0x01,
        0x01, 0x01, 0x01, 0x01, 0x01, 0x01, 0x01, 0x01, 0x01, 0x01, 0x01, 0x01, 0x01, 0x01, 0x01, 0x01,
        0x01, 0x01, 0x01, 0x01, 0x01, 0x01, 0x01, 0x01, 0x01, 0x01, 0x01, 0x01, 0x01, 0x01, 0x01, 0x01,
        0x01, 0x01, 0x01, 0x01, 0x01, 0x01, 0x01, 0x01, 0x01, 0x01, 0x01, 0x01, 0x01, 0x01, 0x01, 0x01,
        0x01, 0x01, 0x01, 0x01, 0x01, 0x01, 0x01, 0x01, 0x01, 0x01, 0x01, 0x01, 0x01, 0x01, 0x01, 0x01,
        0x01, 0x01, 0x01, 0x01, 0x01, 0x01, 0x01, 0x01, 0x01, 0x01, 0x01, 0x01, 0x01, 0x01, 0x01, 0x01,
        0x01, 0x01, 0x01, 0x01, 0x01, 0x01, 0x01, 0x01, 0x01, 0x01, 0x01, 0x01, 0x01, 0x01, 0x01, 0x01,
        0x01, 0x01, 0x01, 0x01, 0x01, 0x01, 0x01, 0x01, 0x01, 0x01, 0x01, 0x01, 0x01, 0x01, 0x01, 0x01,
        0x01, 0x01, 0x01, 0x01, 0x01, 0x01, 0x01, 0x01, 0x01, 0x01, 0x01, 0x01, 0x01, 0x01, 0x01, 0x01,
        0x01, 0x01, 0x01, 0x01, 0x01, 0xDB, 0x00, 0x00, 0xFF, 0xE7, 0xFF, 0xE9, 0xFF, 0xEE, 0xFF, 0xF1,
        0xFF, 0xED, 0xFF, 0xEF, 0xFF, 0xF0, 0xFF, 0xF2, 0xFF, 0xF3, 0xFF, 0xF4, 0xFF, 0xF5, 0xFF, 0xF4,
        0xFF, 0xF8, 0xFF, 0xF7, 0xFF, 0xF8, 0xFF, 0xFA, 0xFF, 0xFB, 0xFF, 0xFB, 0xFF, 0xFC, 0xFF, 0xFE,
        0xFF, 0xFE, 0xFF, 0xFF, 0x00, 0x00, 0x00, 0x01, 0x00, 0x02, 0x00, 0x03, 0x00, 0x03, 0x00, 0x04,
        0x00, 0x05, 0x00, 0x07, 0x00, 0x07, 0x00, 0x07, 0x00, 0x0A, 0x00, 0x09, 0x00, 0x0C, 0x00, 0x0C,
        0x00, 0x0C, 0x00, 0x0E, 0x00, 0x0F, 0x00, 0x11, 0x00, 0x11, 0x00, 0x13, 0x00, 0x10, 0x00, 0x0B,
        0x00, 0x0A, 0x00, 0x09, 0x00, 0x08, 0x00, 0x06, 0x00, 0x06, 0x00, 0x03, 0x00, 0x66, 0xFF, 0xFF,
        0xFF, 0xFF, 0xFF, 0xFC, 0xFF, 0xFA, 0xFF, 0xF9, 0xFF, 0xF7, 0xFF, 0xF6, 0xFF, 0xF2, 0xFF, 0xF0,
        0xFF, 0xF1, 0xFF, 0xF1, 0xFF, 0xF0, 0xFF, 0xEF, 0xFF, 0xEE, 0xFF, 0xEE, 0xFF, 0xF1, 0xFF, 0xED,
        0xFF, 0xEB, 0xFF, 0xEF, 0xFF, 0xED, 0xFF, 0xF1, 0xFF, 0xEF, 0xFF, 0xF2, 0xFF, 0xF1, 0xFF, 0xF4,
        0xFF, 0xF2, 0xFF, 0xF4, 0xFF, 0xF4, 0xFF, 0xF6, 0xFF, 0xF6, 0xFF, 0xF7, 0xFF, 0xF7, 0xFF, 0xF8,
        0xFF, 0xF9, 0xFF, 0xFA, 0xFF, 0xFA, 0xFF, 0xFC, 0xFF, 0xFC, 0xFF, 0xFD, 0xFF, 0xFE, 0xFF, 0xFF,
        0x00, 0x00, 0x00, 0x00, 0x00, 0x02, 0x00, 0x03, 0x00, 0x04, 0x00, 0x04, 0x00, 0x06, 0x00, 0x05,
        0x00, 0x06, 0x00, 0x06, 0x00, 0x07, 0x00, 0x08, 0x00, 0x07, 0x00, 0x08, 0x00, 0x09, 0x00, 0x0A,
        0x00, 0x09, 0x00, 0x0B, 0x00, 0x0C, 0x00, 0x0C, 0x00, 0x0C, 0x00, 0x0E, 0x00, 0x0B, 0x00, 0x0F,
        0x00, 0x10, 0x00, 0x10, 0x00, 0x0E, 0x00, 0x0E, 0x00, 0x12, 0x00, 0x13, 0x00, 0x12, 0x00, 0x26,
        0x00, 0x12, 0x00, 0x16, 0x00, 0x24, 0x00, 0x12, 0x00, 0x14, 0x00, 0x00, 0xFF, 0x11, 0x00, 0x00,
        0x01, 0x15, 0xFF, 0x53, 0xFF, 0xF7, 0xFF, 0xFB, 0xFF, 0xFE, 0x00, 0x00, 0x00, 0x00, 0x00, 0x03,
        0x00, 0x04, 0x00, 0x05, 0x00, 0x07, 0x00, 0x08, 0x00, 0x0A, 0x00, 0x0C, 0x00, 0x0C, 0x00, 0x0F,
        0x00, 0x10, 0x00, 0x12, 0x00, 0x12, 0x00, 0x16, 0x00, 0x16, 0x00, 0x18, 0x00, 0x1A, 0x00, 0x1E,
        0x00, 0x22, 0x00, 0x1B, 0x00, 0x1B, 0x00, 0x1B, 0x00, 0x12, 0x00, 0x12, 0x00, 0x11, 0x00, 0x11,
        0x00, 0x0F, 0x00, 0x0B, 0x00, 0x0D, 0x00, 0x0A, 0x00, 0x0A, 0x00, 0x08, 0x00, 0x06, 0x00, 0x05,
        0x00, 0x04, 0x00, 0x03, 0x00, 0x01, 0x00, 0x00, 0xFF, 0xFE, 0xFF, 0xFE, 0xFF, 0xFC, 0xFF, 0xFA,
        0xFF, 0xF9, 0xFF, 0xF8, 0xFF, 0xF5, 0xFF, 0xF3, 0x00, 0x00, 0x00, 0x0E, 0x00, 0x0E, 0x00, 0x0D,
        0x00, 0x0D, 0x00, 0x0D, 0x00, 0x0C, 0x00, 0x0C, 0x00, 0x0D, 0x00, 0x0C, 0x00, 0x08, 0x00, 0x08,
        0x00, 0x06, 0x00, 0x06, 0x00, 0x03, 0x00, 0x02, 0x00, 0x01, 0xFF, 0xFF, 0xFF, 0xFF, 0xFF, 0xFD,
        0xFF, 0xFC, 0xFF, 0xFC, 0xFF, 0xF9, 0xFF, 0xFA, 0xFF, 0xF8, 0xFF, 0xF8, 0xFF, 0xF6, 0xFF, 0xF4,
        0xFF, 0xF4, 0xFF, 0xF3, 0xFF, 0xF2, 0xFF, 0xF2, 0xFF, 0xEE, 0xFF, 0xF0, 0xFF, 0xEC, 0xFF, 0xEC,
        0xFF, 0xEA, 0xFF, 0xEB, 0xFF, 0xE6, 0xFF, 0xE9, 0xFF, 0xE5, 0xFF, 0xE5, 0xFF, 0xE1, 0xFF, 0xE5,
        0xFF, 0xE6, 0xFF, 0xE5, 0xFF, 0xE6, 0xFF, 0xE7, 0xFF, 0xEA, 0xFF, 0xEE, 0xFF, 0xEF, 0xFF, 0xEF,
        0xFF, 0xF2, 0xFF, 0xF1, 0xFF, 0xF3, 0xFF, 0xF4, 0xFF, 0xF5, 0xFF, 0xF5, 0xFF, 0xF6, 0xFF, 0xF7,
        0xFF, 0xF7, 0xFF, 0xF8, 0xFF, 0xF9, 0xFF, 0xFA, 0xFF, 0xFB, 0xFF, 0xFB, 0xFF, 0xFD, 0xFF, 0xFD,
        0xFF, 0xFE, 0xFF, 0xFF, 0x00, 0x00, 0x00, 0x00, 0x00, 0x02, 0x00, 0x05, 0x00, 0x04, 0x00, 0x05,
        0x00, 0x0B, 0x00, 0x07, 0x00, 0x08, 0x01, 0x55, 0x00, 0x00, 0xFF, 0x9F, 0x00, 0x01, 0x00, 0x82,
        0x00, 0x00, 0x02, 0x3A, 0x02, 0xA6, 0x00, 0x0B, 0x00, 0x00, 0x01, 0x01, 0x01, 0x01, 0x01, 0x01,
        0x01, 0x01, 0x01, 0x01, 0x01, 0x01, 0x01, 0xD1, 0x00, 0x00, 0x00, 0x69, 0x00, 0x00, 0xFF, 0x97,
        0x00, 0x00, 0xFF, 0x1A, 0x00, 0x00, 0xFF, 0x97, 0x00, 0x00, 0x00, 0x69, 0x00, 0x00, 0x01, 0x31,
        0xFE, 0xCF, 0x00, 0x00, 0x02, 0xA6, 0x00, 0x00, 0xFE, 0xE9, 0x00, 0x00, 0x01, 0x17, 0x00, 0x00,
        0xFD, 0x5A, 0x00, 0x00, 0x01, 0x31, 0x00, 0x00, 0x00, 0x01, 0x00, 0xB7, 0x00, 0x00, 0x01, 0xF8,
        0x02, 0xB6, 0x00, 0x0B, 0x00, 0x00, 0x01, 0x01, 0x01, 0x01, 0x01, 0x01, 0x01, 0x01, 0x01, 0x01,
        0x01, 0x01, 0x01, 0x87, 0x00, 0x5D, 0x00, 0x00, 0xFE, 0xE6, 0x00, 0x00, 0x00, 0x5E, 0x00, 0x00,
        0xFF, 0x8F, 0x00, 0x00, 0x01, 0x41, 0x00, 0x00, 0xFF, 0x8F, 0x02, 0x56, 0x00, 0x00, 0x00, 0x60,
        0x00, 0x00, 0xFF, 0xA0, 0x00, 0x00, 0xFE, 0x0A, 0x00, 0x00, 0xFF, 0xA0, 0x00, 0x00, 0x00, 0x60,
        0x00, 0x00, 0x00, 0x00, 0x00, 0x01, 0x00, 0xBD, 0xFF, 0xF7, 0x02, 0x11, 0x02, 0xB0, 0x00, 0x3C,
        0x00, 0x00, 0x01, 0x01, 0x01, 0x01, 0x01, 0x01, 0x01, 0x01, 0x01, 0x01, 0x01, 0x01, 0x01, 0x01,
        0x01, 0x01, 0x01, 0x01, 0x01, 0x01, 0x01, 0x01, 0x01, 0x01, 0x01, 0x01, 0x01, 0x01, 0x01, 0x01,
        0x01, 0x01, 0x01, 0x01, 0x01, 0x01, 0x01, 0x01, 0x01, 0x01, 0x01, 0x01, 0x01, 0x01, 0x01, 0x01,
        0x01, 0x01, 0x01, 0x01, 0x01, 0x01, 0x01, 0x01, 0x01, 0x01, 0x01, 0x01, 0x01, 0x01, 0x01, 0x01,
        0xAD, 0x00, 0x00, 0xFF, 0xFF, 0xFF, 0xFD, 0xFF, 0xFD, 0xFF, 0xFB, 0xFF, 0xF9, 0xFF, 0xF8, 0xFF,
        0xF6, 0xFF, 0xF4, 0xFF, 0xF2, 0xFF, 0xF1, 0xFF, 0xF3, 0xFF, 0xFA, 0xFF, 0xF8, 0xFF, 0xF6, 0xFF,
        0xFC, 0xFF, 0xFA, 0xFF, 0xFD, 0xFF, 0xFC, 0xFF, 0xFB, 0xFF, 0xFE, 0xFF, 0xFF, 0x00, 0x00, 0xFF,
        0x9C, 0x00, 0x00, 0x00, 0x01, 0x00, 0x03, 0x00, 0x05, 0x00, 0x06, 0x00, 0x08, 0x00, 0x0A, 0x00,
        0x0D, 0x00, 0x0D, 0x00, 0x10, 0x00, 0x10, 0x00, 0x14, 0x00, 0x12, 0x00, 0x14, 0x00, 0x15, 0x00,
        0x10, 0x00, 0x0F, 0x00, 0x0F, 0x00, 0x0E, 0x00, 0x0D, 0x00, 0x0D, 0x00, 0x0B, 0x00, 0x09, 0x00,
        0x0A, 0x00, 0x09, 0x00, 0x09, 0x00, 0x06, 0x00, 0x07, 0x00, 0x06, 0x00, 0x05, 0x00, 0x03, 0x00,
        0x04, 0x00, 0x02, 0x00, 0x02, 0x00, 0x01, 0x00, 0x00, 0x02, 0xB0, 0xFE, 0x00, 0xFF, 0xED, 0xFF,
        0xEE, 0xFF, 0xF2, 0xFF, 0xF6, 0xFF, 0xF6, 0xFF, 0xF9, 0xFF, 0xFA, 0xFF, 0xFD, 0xFF, 0xFE, 0xFF,
        0xFF, 0x00, 0x02, 0x00, 0x02, 0x00, 0x03, 0x00, 0x06, 0x00, 0x03, 0x00, 0x06, 0x00, 0x04, 0x00,
        0x07, 0x00, 0x0E, 0x00, 0x09, 0x00, 0x0E, 0x00, 0x43, 0x00, 0x00, 0xFF, 0xBB, 0xFF, 0xEF, 0xFF,
        0xEF, 0xFF, 0xEE, 0xFF, 0xEE, 0xFF, 0xF0, 0xFF, 0xF1, 0xFF, 0xF1, 0xFF, 0xF4, 0xFF, 0xF5, 0xFF,
        0xF8, 0xFF, 0xF8, 0xFF, 0xFC, 0xFF, 0xFD, 0xFF, 0xFF, 0x00, 0x00, 0x00, 0x02, 0x00, 0x02, 0x00,
        0x04, 0x00, 0x04, 0x00, 0x06, 0x00, 0x07, 0x00, 0x06, 0x00, 0x08, 0x00, 0x0A, 0x00, 0x0A, 0x00,
        0x0A, 0x00, 0x0C, 0x00, 0x0E, 0x00, 0x0E, 0x00, 0x0D, 0x00, 0x10, 0x00, 0x12, 0x00, 0x13, 0x00,
        0x10, 0x01, 0xFA, 0x00, 0x00, 0x01, 0x00, 0x61, 0x00, 0x00, 0x02, 0x63, 0x02, 0xB1, 0x00, 0x0A,
        0x00, 0x00, 0x01, 0x01, 0x01, 0x01, 0x01, 0x01, 0x01, 0x01, 0x01, 0x01, 0x01, 0x00, 0xC4, 0x00,
        0x00, 0xFF, 0x9D, 0x00, 0x00, 0x00, 0x63, 0x00, 0x00, 0x01, 0x16, 0x00, 0x89, 0xFE, 0xB1, 0x01,
        0x3C, 0xFF, 0x7F, 0x01, 0x98, 0x01, 0x19, 0x00, 0x00, 0xFD, 0x4F, 0x00, 0x00, 0x01, 0x35, 0xFE,
        0xCB, 0x00, 0x00, 0x01, 0x69, 0x01, 0x48, 0x00, 0x00, 0x00, 0x00, 0x00, 0x00, 0x01, 0x00, 0x82,
        0x00, 0x00, 0x02, 0x2C, 0x02, 0xAE, 0x00, 0x05, 0x00, 0x00, 0x01, 0x01, 0x01, 0x01, 0x01, 0x01,
        0x00, 0xE4, 0x00, 0x00, 0xFF, 0x9E, 0x00, 0x00, 0x01, 0xAA, 0x00, 0x00, 0x00, 0x5F, 0x02, 0x4F,
        0x00, 0x00, 0xFD, 0x52, 0x00, 0x00, 0x00, 0x5F, 0x00, 0x01, 0x00, 0x73, 0x00, 0x00, 0x02, 0x52,
        0x02, 0xA8, 0x00, 0x0F, 0x00, 0x00, 0x01, 0x01, 0x01, 0x01, 0x01, 0x01, 0x01, 0x01, 0x01, 0x01,
        0x01, 0x01, 0x01, 0x01, 0x01, 0x01, 0x01, 0x64, 0xFF, 0xFE, 0xFF, 0xB0, 0xFF, 0x61, 0x00, 0x00,
        0x00, 0x67, 0x00, 0x00, 0x00, 0x02, 0x00, 0x5D, 0x00, 0x53, 0x00, 0x5D, 0x00, 0x02, 0x00, 0x00,
        0x00, 0x67, 0x00, 0x00, 0xFF, 0x61, 0x01, 0xA2, 0x00, 0x00, 0x01, 0x06, 0x00, 0x00, 0xFD, 0x58,
        0x00, 0x00, 0x02, 0x37, 0x00, 0x00, 0xFE, 0xA6, 0x00, 0x00, 0x01, 0x5A, 0x00, 0x00, 0xFD, 0xC9,
        0x00, 0x00, 0x02, 0xA8, 0x00, 0x00, 0x00, 0x00, 0x00, 0x01, 0x00, 0x7F, 0x00, 0x00, 0x02, 0x3D,
        0x02, 0xAB, 0x00, 0x0B, 0x00, 0x00, 0x01, 0x01, 0x01, 0x01, 0x01, 0x01, 0x01, 0x01, 0x01, 0x01,
        0x01, 0x01, 0x01, 0xE0, 0xFF, 0xFE, 0xFF, 0x18, 0xFF, 0x89, 0x00, 0x00, 0x00, 0x5D, 0x00, 0x00,
        0x00, 0x02, 0x00, 0xF0, 0x00, 0x6F, 0x00, 0x00, 0xFF, 0xA3, 0x00, 0xBC, 0x00, 0x00, 0x01, 0xEF,
        0x00, 0x00, 0xFD, 0x55, 0x00, 0x00, 0x02, 0x05, 0x00, 0x00, 0xFD, 0xFB, 0x00, 0x00, 0x02, 0xAB,
        0x00, 0x00, 0x00, 0x00, 0x00, 0x02, 0x00, 0x73, 0xFF, 0xF7, 0x02, 0x4E, 0x02, 0xC7, 0x00, 0x4C,
        0x00, 0x8D, 0x00, 0x00, 0x01, 0x01, 0x01, 0x01, 0x01, 0x01, 0x01, 0x01, 0x01, 0x01, 0x01, 0x01,
        0x01, 0x01, 0x01, 0x01, 0x01, 0x01, 0x01, 0x01, 0x01, 0x01, 0x01, 0x01, 0x01, 0x01, 0x01, 0x01,
        0x01, 0x01, 0x01, 0x01, 0x01, 0x01, 0x01, 0x01, 0x01, 0x01, 0x01, 0x01, 0x01, 0x01, 0x01, 0x01,
        0x01, 0x01, 0x01, 0x01, 0x01, 0x01, 0x01, 0x01, 0x01, 0x01, 0x01, 0x01, 0x01, 0x01, 0x01, 0x01,
        0x01, 0x01, 0x01, 0x01, 0x01, 0x01, 0x01, 0x01, 0x01, 0x01, 0x01, 0x01, 0x01, 0x01, 0x01, 0x01,
        0x01, 0x01, 0x01, 0x01, 0x01, 0x01, 0x01, 0x01, 0x01, 0x01, 0x01, 0x01, 0x01, 0x01, 0x01, 0x01,
        0x01, 0x01, 0x01, 0x01, 0x01, 0x01, 0x01, 0x01, 0x01, 0x01, 0x01, 0x01, 0x01, 0x01, 0x01, 0x01,
        0x01, 0x01, 0x01, 0x01, 0x01, 0x01, 0x01, 0x01, 0x01, 0x01, 0x01, 0x01, 0x01, 0x01, 0x01, 0x01,
        0x01, 0x01, 0x01, 0x01, 0x01, 0x01, 0x01, 0x01, 0x01, 0x01, 0x01, 0x01, 0x01, 0x01, 0x01, 0x01,
        0x01, 0x01, 0x01, 0x61, 0xFF, 0xE8, 0xFF, 0xE9, 0xFF, 0xEB, 0xFF, 0xF4, 0xFF, 0xF5, 0xFF, 0xF5,
        0xFF, 0xF6, 0xFF, 0xED, 0xFF, 0xEF, 0xFF, 0xEE, 0xFF, 0xF1, 0xFF, 0xF2, 0xFF, 0xF4, 0xFF, 0xF5,
        0xFF, 0xF8, 0xFF, 0xFA, 0xFF, 0xFC, 0xFF, 0xFE, 0x00, 0x02, 0x00, 0x03, 0x00, 0x06, 0x00, 0x07,
        0x00, 0x0A, 0x00, 0x0C, 0x00, 0x0E, 0x00, 0x0F, 0x00, 0x11, 0x00, 0x10, 0x00, 0x0B, 0x00, 0x0A,
        0x00, 0x14, 0x00, 0x0B, 0x00, 0x0B, 0x00, 0x14, 0x00, 0x0D, 0x00, 0x0D, 0x00, 0x17, 0x00, 0x18,
        0x00, 0x0D, 0x00, 0x0D, 0x00, 0x15, 0x00, 0x0B, 0x00, 0x0B, 0x00, 0x0A, 0x00, 0x0A, 0x00, 0x0A,
        0x00, 0x0C, 0x00, 0x11, 0x00, 0x11, 0x00, 0x0F, 0x00, 0x0F, 0x00, 0x0C, 0x00, 0x0A, 0x00, 0x08,
        0x00, 0x06, 0x00, 0x04, 0x00, 0x02, 0xFF, 0xFF, 0xFF, 0xFC, 0xFF, 0xFA, 0xFF, 0xF9, 0xFF, 0xF6,
        0xFF, 0xF4, 0xFF, 0xF3, 0xFF, 0xF1, 0xFF, 0xEE, 0xFF, 0xEF, 0xFF, 0xEE, 0xFF, 0xF6, 0xFF, 0xF5,
        0xFF, 0xF6, 0xFF, 0xF4, 0xFF, 0xEC, 0xFF, 0xF3, 0xFF, 0xF3, 0xFF, 0xE8, 0xFF, 0xFD, 0x00, 0x0D,
        0x00, 0x10, 0x00, 0x0E, 0x00, 0x0D, 0x00, 0x0C, 0x00, 0x0C, 0x00, 0x09, 0x00, 0x0A, 0x00, 0x08,
        0x00, 0x07, 0x00, 0x07, 0x00, 0x05, 0x00, 0x04, 0x00, 0x03, 0x00, 0x01, 0x00, 0x01, 0xFF, 0xFF,
        0xFF, 0xFF, 0xFF, 0xFC, 0xFF, 0xFC, 0xFF, 0xFB, 0xFF, 0xFA, 0xFF, 0xF9, 0xFF, 0xF7, 0xFF, 0xF7,
        0xFF, 0xF6, 0xFF, 0xF5, 0xFF, 0xF5, 0xFF, 0xF3, 0xFF, 0xF1, 0xFF, 0xF0, 0xFF, 0xF3, 0xFF, 0xF2,
        0xFF, 0xF0, 0xFF, 0xF4, 0xFF, 0xF3, 0xFF, 0xF4, 0xFF, 0xF5, 0xFF, 0xF6, 0xFF, 0xF6, 0xFF, 0xF7,
        0xFF, 0xF9, 0xFF, 0xFA, 0xFF, 0xFA, 0xFF, 0xFC, 0xFF, 0xFD, 0xFF, 0xFE, 0xFF, 0xFF, 0x00, 0x01,
        0x00, 0x01, 0x00, 0x03, 0x00, 0x04, 0x00, 0x04, 0x00, 0x07, 0x00, 0x06, 0x00, 0x08, 0x00, 0x0A,
        0x00, 0x09, 0x00, 0x0C, 0x00, 0x0B, 0x00, 0x0D, 0x00, 0x0E, 0x00, 0x10, 0x00, 0x0D, 0x02, 0xC7,
        0xFF, 0xFE, 0xFF, 0xFC, 0xFF, 0xF9, 0xFF, 0xFB, 0xFF, 0xFA, 0xFF, 0xF9, 0xFF, 0xF9, 0xFF, 0xEF,
        0xFF, 0xED, 0xFF, 0xE8, 0xFF, 0xE7, 0xFF, 0xE4, 0xFF, 0xE0, 0xFF, 0xDF, 0xFF, 0xDE, 0xFF, 0xDB,
        0xFF, 0xDD, 0xFF, 0xDE, 0xFF, 0xD9, 0xFF, 0xDC, 0xFF, 0xDB, 0xFF, 0xDE, 0xFF, 0xE0, 0xFF, 0xE0,
        0xFF, 0xE2, 0xFF, 0xE7, 0xFF, 0xE8, 0xFF, 0xEE, 0xFF, 0xF5, 0xFF, 0xF9, 0xFF, 0xF2, 0xFF, 0xFA,
        0xFF, 0xFB, 0xFF, 0xF9, 0xFF, 0xFD, 0xFF, 0xFD, 0xFF, 0xFF, 0x00, 0x01, 0x00, 0x01, 0x00, 0x03,
        0x00, 0x07, 0x00, 0x04, 0x00, 0x06, 0x00, 0x06, 0x00, 0x07, 0x00, 0x07, 0x00, 0x0B, 0x00, 0x12,
        0x00, 0x16, 0x00, 0x19, 0x00, 0x1E, 0x00, 0x1F, 0x00, 0x21, 0x00, 0x21, 0x00, 0x25, 0x00, 0x25,
        0x00, 0x24, 0x00, 0x24, 0x00, 0x24, 0x00, 0x24, 0x00, 0x22, 0x00, 0x21, 0x00, 0x21, 0x00, 0x1C,
        0x00, 0x1A, 0x00, 0x18, 0x00, 0x14, 0x00, 0x11, 0x00, 0x08, 0x00, 0x07, 0x00, 0x06, 0x00, 0x05,
        0x00, 0x08, 0x00, 0x04, 0x00, 0x02, 0x00, 0x02, 0xFF, 0xA8, 0xFF, 0xFF, 0xFF, 0xFD, 0xFF, 0xFA,
        0xFF, 0xF9, 0xFF, 0xF6, 0xFF, 0xF2, 0xFF, 0xF3, 0xFF, 0xEE, 0xFF, 0xED, 0xFF, 0xEC, 0xFF, 0xE7,
        0xFF, 0xE7, 0xFF, 0xE6, 0xFF, 0xE4, 0xFF, 0xE2, 0xFF, 0xE2, 0xFF, 0xE5, 0xFF, 0xE2, 0xFF, 0xE4,
        0xFF, 0xE6, 0xFF, 0xE7, 0xFF, 0xEB, 0xFF, 0xEC, 0xFF, 0xED, 0xFF, 0xEE, 0xFF, 0xF3, 0xFF, 0xF4,
        0xFF, 0xF6, 0xFF, 0xF9, 0xFF, 0xFA, 0xFF, 0xFC, 0x00, 0x00, 0x00, 0x00, 0x00, 0x04, 0x00, 0x04,
        0x00, 0x08, 0x00, 0x09, 0x00, 0x0C, 0x00, 0x0C, 0x00, 0x12, 0x00, 0x13, 0x00, 0x14, 0x00, 0x15,
        0x00, 0x19, 0x00, 0x19, 0x00, 0x1D, 0x00, 0x1B, 0x00, 0x1B, 0x00, 0x1E, 0x00, 0x1D, 0x00, 0x1C,
        0x00, 0x1D, 0x00, 0x19, 0x00, 0x19, 0x00, 0x15, 0x00, 0x13, 0x00, 0x12, 0x00, 0x0D, 0x00, 0x0F,
        0x00, 0x0A, 0x00, 0x08, 0x00, 0x06, 0x00, 0x04, 0x00, 0x01, 0x00, 0x00, 0x00, 0x02, 0x00, 0x71,
        0x00, 0x00, 0x02, 0x3A, 0x02, 0xAE, 0x00, 0x2D, 0x00, 0x4A, 0x00, 0x00, 0x01, 0x01, 0x01, 0x01,
        0x01, 0x01, 0x01, 0x01, 0x01, 0x01, 0x01, 0x01, 0x01, 0x01, 0x01, 0x01, 0x01, 0x01, 0x01, 0x01,
        0x01, 0x01, 0x01, 0x01, 0x01, 0x01, 0x01, 0x01, 0x01, 0x01, 0x01, 0x01, 0x01, 0x01, 0x01, 0x01,
        0x01, 0x01, 0x01, 0x01, 0x01, 0x01, 0x01, 0x01, 0x01, 0x01, 0x01, 0x01, 0x01, 0x01, 0x01, 0x01,
        0x01, 0x01, 0x01, 0x01, 0x01, 0x01, 0x01, 0x01, 0x01, 0x01, 0x01, 0x01, 0x01, 0x01, 0x01, 0x01,
        0x01, 0x01, 0x01, 0x01, 0x01, 0x01, 0x01, 0x00, 0x71, 0x00, 0x67, 0x00, 0x00, 0x00, 0x7D, 0x00,
        0x17, 0x00, 0x14, 0x00, 0x1C, 0x00, 0x18, 0x00, 0x17, 0x00, 0x15, 0x00, 0x0C, 0x00, 0x0A, 0x00,
        0x11, 0x00, 0x08, 0x00, 0x07, 0x00, 0x07, 0x00, 0x06, 0x00, 0x05, 0x00, 0x05, 0x00, 0x04, 0x00,
        0x04, 0x00, 0x02, 0x00, 0x02, 0x00, 0x01, 0x00, 0x00, 0xFF, 0xFF, 0xFF, 0xFE, 0xFF, 0xFD, 0xFF,
        0xFC, 0xFF, 0xFB, 0xFF, 0xFC, 0xFF, 0xF9, 0xFF, 0xFA, 0xFF, 0xF8, 0xFF, 0xF6, 0xFF, 0xF7, 0xFF,
        0xF5, 0xFF, 0xF4, 0xFF, 0xF4, 0xFF, 0xF3, 0xFF, 0xED, 0xFF, 0xE9, 0xFF, 0xE7, 0xFF, 0xE5, 0xFF,
        0xE4, 0xFF, 0x1C, 0x00, 0x6B, 0x00, 0x00, 0x00, 0x84, 0x00, 0x18, 0x00, 0x12, 0x00, 0x0B, 0x00,
        0x0B, 0x00, 0x0A, 0x00, 0x09, 0x00, 0x08, 0x00, 0x06, 0x00, 0x06, 0x00, 0x04, 0x00, 0x06, 0x00,
        0x04, 0x00, 0x03, 0x00, 0x00, 0xFF, 0xFF, 0xFF, 0xFD, 0xFF, 0xFB, 0xFF, 0xF9, 0xFF, 0xF7, 0xFF,
        0xF6, 0xFF, 0xF4, 0xFF, 0xF3, 0xFF, 0xF2, 0xFF, 0xEE, 0xFF, 0xED, 0xFF, 0xEC, 0x00, 0x00, 0x00,
        0x00, 0x01, 0x1B, 0x00, 0x00, 0x00, 0x01, 0x00, 0x02, 0x00, 0x05, 0x00, 0x07, 0x00, 0x08, 0x00,
        0x0A, 0x00, 0x08, 0x00, 0x07, 0x00, 0x0F, 0x00, 0x08, 0x00, 0x09, 0x00, 0x09, 0x00, 0x0B, 0x00,
        0x0A, 0x00, 0x0C, 0x00, 0x0B, 0x00, 0x0D, 0x00, 0x0D, 0x00, 0x0E, 0x00, 0x1A, 0x00, 0x0E, 0x00,
        0x12, 0x00, 0x0D, 0x00, 0x10, 0x00, 0x0C, 0x00, 0x0F, 0x00, 0x0B, 0x00, 0x0C, 0x00, 0x0A, 0x00,
        0x0B, 0x00, 0x0A, 0x00, 0x0A, 0x00, 0x09, 0x00, 0x07, 0x00, 0x07, 0x00, 0x07, 0x00, 0x07, 0x00,
        0x07, 0x00, 0x04, 0x00, 0x03, 0x00, 0x01, 0x00, 0x00, 0xFE, 0xC8, 0x00, 0xD5, 0xFF, 0xFF, 0xFF,
        0xFF, 0xFF, 0xFE, 0xFF, 0xFD, 0xFF, 0xFD, 0xFF, 0xFB, 0xFF, 0xFB, 0xFF, 0xFA, 0xFF, 0xFB, 0xFF,
        0xF8, 0xFF, 0xF9, 0xFF, 0xF3, 0xFF, 0xF1, 0xFF, 0xEE, 0xFF, 0xEC, 0xFF, 0xF2, 0xFF, 0xEF, 0xFF,
        0xF2, 0xFF, 0xF3, 0xFF, 0xF6, 0xFF, 0xF7, 0xFF, 0xF9, 0xFF, 0xFA, 0xFF, 0xFB, 0xFF, 0xFD, 0xFF,
        0xFE, 0xFF, 0xFF, 0x00, 0x00, 0x02, 0x00, 0x5F, 0x00, 0x00, 0x02, 0x6A, 0x02, 0xBC, 0x00, 0x52,
        0x00, 0x98, 0x00, 0x00, 0x01, 0x01, 0x01, 0x01, 0x01, 0x01, 0x01, 0x01, 0x01, 0x01, 0x01, 0x01,
        0x01, 0x01, 0x01, 0x01, 0x01, 0x01, 0x01, 0x01, 0x01, 0x01, 0x01, 0x01, 0x01, 0x01, 0x01, 0x01,
        0x01, 0x01, 0x01, 0x01, 0x01, 0x01, 0x01, 0x01, 0x01, 0x01, 0x01, 0x01, 0x01, 0x01, 0x01, 0x01,
        0x01, 0x01, 0x01, 0x01, 0x01, 0x01, 0x01, 0x01, 0x01, 0x01, 0x01, 0x01, 0x01, 0x01, 0x01, 0x01,
        0x01, 0x01, 0x01, 0x01, 0x01, 0x01, 0x01, 0x01, 0x01, 0x01, 0x01, 0x01, 0x01, 0x01, 0x01, 0x01,
        0x01, 0x01, 0x01, 0x01, 0x01, 0x01, 0x01, 0x01, 0x01, 0x01, 0x01, 0x01, 0x01, 0x01, 0x01, 0x01,
        0x01, 0x01, 0x01, 0x01, 0x01, 0x01, 0x01, 0x01, 0x01, 0x01, 0x01, 0x01, 0x01, 0x01, 0x01, 0x01,
        0x01, 0x01, 0x01, 0x01, 0x01, 0x01, 0x01, 0x01, 0x01, 0x01, 0x01, 0x01, 0x01, 0x01, 0x01, 0x01,
        0x01, 0x01, 0x01, 0x01, 0x01, 0x01, 0x01, 0x01, 0x01, 0x01, 0x01, 0x01, 0x01, 0x01, 0x01, 0x01,
        0x01, 0x01, 0x01, 0x01, 0x01, 0x01, 0x01, 0x01, 0x01, 0x01, 0x01, 0x01, 0x01, 0x01, 0xF0, 0x00,
        0x7A, 0xFF, 0x8C, 0x00, 0x0C, 0x00, 0x0A, 0x00, 0x08, 0x00, 0x06, 0x00, 0x05, 0x00, 0x03, 0x00,
        0x01, 0xFF, 0xFF, 0xFF, 0xFD, 0xFF, 0xFB, 0xFF, 0xFA, 0xFF, 0xF8, 0xFF, 0xF7, 0xFF, 0xF4, 0xFF,
        0xF4, 0xFF, 0xF2, 0xFF, 0xF5, 0xFF, 0xF3, 0xFF, 0xF2, 0xFF, 0xF4, 0xFF, 0xF0, 0xFF, 0xF2, 0xFF,
        0xF1, 0xFF, 0xF0, 0xFF, 0xEC, 0xFF, 0xEE, 0xFF, 0xEE, 0xFF, 0xEE, 0xFF, 0xF0, 0xFF, 0xED, 0xFF,
        0xF1, 0xFF, 0xEF, 0xFF, 0xF4, 0xFF, 0xF3, 0xFF, 0xF5, 0xFF, 0xF4, 0xFF, 0xF6, 0xFF, 0xF5, 0xFF,
        0xF6, 0xFF, 0xF8, 0xFF, 0xF8, 0xFF, 0xF9, 0xFF, 0xFA, 0xFF, 0xFA, 0xFF, 0xFB, 0xFF, 0xFC, 0xFF,
        0xFD, 0xFF, 0xFE, 0xFF, 0xFF, 0xFF, 0xFF, 0x00, 0x01, 0x00, 0x01, 0x00, 0x03, 0x00, 0x03, 0x00,
        0x04, 0x00, 0x06, 0x00, 0x07, 0x00, 0x06, 0x00, 0x08, 0x00, 0x08, 0x00, 0x09, 0x00, 0x0B, 0x00,
        0x0B, 0x00, 0x0C, 0x00, 0x0E, 0x00, 0x0E, 0x00, 0x10, 0x00, 0x0E, 0x00, 0x11, 0x00, 0x10, 0x00,
        0x11, 0x00, 0x11, 0x00, 0x11, 0x00, 0x13, 0x00, 0x10, 0x00, 0x12, 0x00, 0x11, 0x00, 0x0E, 0x00,
        0x0F, 0x00, 0x0C, 0xFF, 0xC8, 0xFF, 0xF9, 0xFF, 0xF8, 0xFF, 0xF8, 0xFF, 0xF7, 0xFF, 0xF7, 0xFF,
        0xF4, 0xFF, 0xF4, 0xFF, 0xF5, 0xFF, 0xF6, 0xFF, 0xF7, 0xFF, 0xF7, 0xFF, 0xF8, 0xFF, 0xF8, 0xFF,
        0xF9, 0xFF, 0xF9, 0xFF, 0xF8, 0xFF, 0xFA, 0xFF, 0xFA, 0xFF, 0xF6, 0xFF, 0xF7, 0xFF, 0xF9, 0xFF,
        0xFB, 0xFF, 0xFD, 0xFF, 0xFE, 0x00, 0x01, 0x00, 0x03, 0x00, 0x04, 0x00, 0x06, 0x00, 0x07, 0x00,
        0x09, 0x00, 0x06, 0x00, 0x05, 0x00, 0x0C, 0x00, 0x07, 0x00, 0x07, 0x00, 0x0A, 0x00, 0x08, 0x00,
        0x09, 0x00, 0x0A, 0x00, 0x0A, 0x00, 0x0B, 0x00, 0x0B, 0x00, 0x0A, 0x00, 0x0A, 0x00, 0x09, 0x00,
        0x09, 0x00, 0x08, 0x00, 0x08, 0x00, 0x07, 0x00, 0x06, 0x00, 0x08, 0x00, 0x08, 0x00, 0x07, 0x00,
        0x06, 0x00, 0x06, 0x00, 0x05, 0x00, 0x04, 0x00, 0x03, 0x00, 0x03, 0x00, 0x02, 0x00, 0x01, 0x00,
        0x00, 0xFF, 0xFF, 0xFF, 0xFF, 0xFF, 0xFE, 0xFF, 0xFD, 0xFF, 0xFC, 0xFF, 0xB9, 0xFF, 0x84, 0x00,
        0x00, 0x00, 0x00, 0x00, 0x9A, 0x00, 0x15, 0x00, 0x17, 0x00, 0x1B, 0x00, 0x1C, 0x00, 0x1F, 0x00,
        0x23, 0x00, 0x2C, 0x00, 0x22, 0x00, 0x24, 0x00, 0x21, 0x00, 0x20, 0x00, 0x1D, 0x00, 0x1B, 0x00,
        0x1B, 0x00, 0x16, 0x00, 0x14, 0x00, 0x0E, 0x00, 0x0D, 0x00, 0x0C, 0x00, 0x08, 0x00, 0x0A, 0x00,
        0x06, 0x00, 0x05, 0x00, 0x04, 0x00, 0x04, 0x00, 0x01, 0x00, 0x00, 0xFF, 0xFE, 0xFF, 0xFD, 0xFF,
        0xFB, 0xFF, 0xFB, 0xFF, 0xF8, 0xFF, 0xF8, 0xFF, 0xF7, 0xFF, 0xF6, 0xFF, 0xF3, 0xFF, 0xF4, 0xFF,
        0xF2, 0xFF, 0xF0, 0xFF, 0xEF, 0xFF, 0xEE, 0xFF, 0xEE, 0xFF, 0xEE, 0xFF, 0xEA, 0xFF, 0xE9, 0xFF,
        0xE9, 0xFF, 0xE9, 0xFF, 0xE9, 0xFF, 0xE7, 0xFF, 0xE6, 0xFF, 0xEA, 0xFF, 0xE9, 0xFF, 0xE8, 0xFF,
        0xE9, 0xFF, 0xE9, 0xFF, 0xEA, 0xFF, 0xEA, 0xFF, 0xEE, 0xFF, 0xEE, 0xFF, 0xEF, 0xFF, 0xF0, 0xFF,
        0xF1, 0xFF, 0xF2, 0xFF, 0xF3, 0xFF, 0xF4, 0xFF, 0xF5, 0xFF, 0xF7, 0xFF, 0xF9, 0xFF, 0xFA, 0xFF,
        0xFC, 0xFF, 0xFD, 0xFF, 0xFF, 0x00, 0x00, 0x00, 0x01, 0x00, 0x03, 0x00, 0x05, 0x00, 0x07, 0x00,
        0x07, 0x00, 0x09, 0x00, 0x09, 0x00, 0x44, 0xFF, 0xF9, 0xFF, 0xFB, 0xFF, 0xFC, 0xFF, 0xFD, 0xFF,
        0xFE, 0xFF, 0xFF, 0xFF, 0xFF, 0x00, 0x01, 0x00, 0x02, 0x00, 0x03, 0x00, 0x04, 0x00, 0x04, 0x00,
        0x05, 0x00, 0x06, 0x00, 0x07, 0x00, 0x09, 0x00, 0x08, 0x00, 0x0C, 0x00, 0x16, 0x00, 0x1A, 0x00,
        0x1C, 0x00, 0x20, 0x00, 0x22, 0x00, 0x25, 0x00, 0x24, 0x00, 0x1E, 0x00, 0x1F, 0x00, 0x1B, 0x00,
        0x17, 0x00, 0x15, 0x00, 0x0B, 0x00, 0x08, 0x00, 0x0F, 0x00, 0x06, 0x00, 0x06, 0x00, 0x07, 0x00,
        0x04, 0x00, 0x03, 0x00, 0x03, 0x00, 0x01, 0x00, 0x01, 0x00, 0x00, 0xFF, 0xFF, 0xFF, 0xFE, 0xFF,
        0xFD, 0xFF, 0xFC, 0xFF, 0xFC, 0xFF, 0xFB, 0xFF, 0xFA, 0xFF, 0xFA, 0xFF, 0xF6, 0xFF, 0xF6, 0xFF,
        0xF2, 0xFF, 0xF4, 0xFF, 0xF0, 0xFF, 0xF0, 0xFF, 0xEF, 0xFF, 0xEC, 0xFF, 0xEB, 0xFF, 0xE9, 0xFF,
        0xE7, 0xFF, 0xD5, 0xFF, 0xE4, 0xFF, 0xEB, 0xFF, 0xEF, 0xFF, 0xEF, 0xFF, 0xF1, 0x00, 0x59, 0x00,
        0x00, 0x00, 0x00, 0x00, 0x00, 0x02, 0x00, 0x72, 0x00, 0x00, 0x02, 0x44, 0x02, 0xB6, 0x00, 0x27,
        0x00, 0x45, 0x00, 0x00, 0x01, 0x01, 0x01, 0x01, 0x01, 0x01, 0x01, 0x01, 0x01, 0x01, 0x01, 0x01,
        0x01, 0x01, 0x01, 0x01, 0x01, 0x01, 0x01, 0x01, 0x01, 0x01, 0x01, 0x01, 0x01, 0x01, 0x01, 0x01,
        0x01, 0x01, 0x01, 0x01, 0x01, 0x01, 0x01, 0x01, 0x01, 0x01, 0x01, 0x01, 0x01, 0x01, 0x01, 0x01,
        0x01, 0x01, 0x01, 0x01, 0x01, 0x01, 0x01, 0x01, 0x01, 0x01, 0x01, 0x01, 0x01, 0x01, 0x01, 0x01,
        0x01, 0x01, 0x01, 0x01, 0x01, 0x01, 0x01, 0x01, 0x01, 0x01, 0x00, 0xDB, 0x00, 0x53, 0x00, 0x9E,
        0x00, 0x78, 0xFF, 0x4C, 0x00, 0x14, 0x00, 0x12, 0x00, 0x11, 0x00, 0x0F, 0x00, 0x0E, 0x00, 0x0E,
        0x00, 0x0A, 0x00, 0x0A, 0x00, 0x07, 0x00, 0x06, 0x00, 0x04, 0x00, 0x02, 0x00, 0x00, 0xFF, 0xFD,
        0xFF, 0xFC, 0xFF, 0xF9, 0xFF, 0xFA, 0xFF, 0xF9, 0xFF, 0xF8, 0xFF, 0xF7, 0xFF, 0xF7, 0xFF, 0xF5,
        0xFF, 0xF5, 0xFF, 0xF1, 0xFF, 0xF4, 0xFF, 0xEF, 0xFF, 0xF2, 0xFF, 0xEE, 0xFF, 0xF1, 0xFF, 0xEC,
        0xFF, 0xF0, 0xFF, 0xEB, 0xFF, 0x38, 0x00, 0x00, 0x00, 0x69, 0x00, 0x07, 0x00, 0x00, 0x00, 0x61,
        0x00, 0x19, 0x00, 0x0C, 0x00, 0x0B, 0x00, 0x0A, 0x00, 0x0A, 0x00, 0x09, 0x00, 0x06, 0x00, 0x07,
        0x00, 0x05, 0x00, 0x05, 0x00, 0x04, 0x00, 0x04, 0x00, 0x02, 0x00, 0x01, 0xFF, 0xFF, 0xFF, 0xFD,
        0xFF, 0xFC, 0xFF, 0xFA, 0xFF, 0xF9, 0xFF, 0xF7, 0xFF, 0xF6, 0xFF, 0xF5, 0xFF, 0xF3, 0xFF, 0xF3,
        0xFF, 0xEE, 0xFF, 0xEF, 0xFF, 0xEB, 0x01, 0x20, 0x00, 0x00, 0xFE, 0xE0, 0x00, 0x00, 0x01, 0x35,
        0x00, 0x05, 0x00, 0x07, 0x00, 0x08, 0x00, 0x0B, 0x00, 0x0C, 0x00, 0x10, 0x00, 0x0F, 0x00, 0x13,
        0x00, 0x11, 0x00, 0x15, 0x00, 0x16, 0x00, 0x17, 0x00, 0x19, 0x00, 0x14, 0x00, 0x17, 0x00, 0x15,
        0x00, 0x0E, 0x00, 0x0D, 0x00, 0x0C, 0x00, 0x0B, 0x00, 0x0B, 0x00, 0x09, 0x00, 0x09, 0x00, 0x09,
        0x00, 0x07, 0x00, 0x07, 0x00, 0x05, 0x00, 0x05, 0x00, 0x03, 0x00, 0x03, 0x00, 0x01, 0x00, 0x01,
        0x00, 0x00, 0xFD, 0x4A, 0x00, 0x00, 0x01, 0x80, 0x00, 0xD6, 0xFF, 0xFF, 0xFF, 0xFE, 0xFF, 0xFE,
        0xFF, 0xFE, 0xFF, 0xFC, 0xFF, 0xFC, 0xFF, 0xFA, 0xFF, 0xFC, 0xFF, 0xF8, 0xFF, 0xFA, 0xFF, 0xF6,
        0xFF, 0xF8, 0xFF, 0xF1, 0xFF, 0xF1, 0xFF, 0xEC, 0xFF, 0xEE, 0xFF, 0xF0, 0xFF, 0xF1, 0xFF, 0xF4,
        0xFF, 0xF5, 0xFF, 0xF7, 0xFF, 0xF9, 0xFF, 0xFA, 0xFF, 0xFB, 0xFF, 0xFC, 0xFF, 0xFE, 0xFF, 0xFE,
        0x00, 0x00, 0x00, 0x00, 0x00, 0x01, 0x00, 0x8B, 0xFF, 0xF7, 0x02, 0x2C, 0x02, 0xCA, 0x00, 0xA9,
        0x00, 0x00, 0x01, 0x01, 0x01, 0x01, 0x01, 0x01, 0x01, 0x01, 0x01, 0x01, 0x01, 0x01, 0x01, 0x01,
        0x01, 0x01, 0x01, 0x01, 0x01, 0x01, 0x01, 0x01, 0x01, 0x01, 0x01, 0x01, 0x01, 0x01, 0x01, 0x01,
        0x01, 0x01, 0x01, 0x01, 0x01, 0x01, 0x01, 0x01, 0x01, 0x01, 0x01, 0x01, 0x01, 0x01, 0x01, 0x01,
        0x01, 0x01, 0x01, 0x01, 0x01, 0x01, 0x01, 0x01, 0x01, 0x01, 0x01, 0x01, 0x01, 0x01, 0x01, 0x01,
        0x01, 0x01, 0x01, 0x01, 0x01, 0x01, 0x01, 0x01, 0x01, 0x01, 0x01, 0x01, 0x01, 0x01, 0x01, 0x01,
        0x01, 0x01, 0x01, 0x01, 0x01, 0x01, 0x01, 0x01, 0x01, 0x01, 0x01, 0x01, 0x01, 0x01, 0x01, 0x01,
        0x01, 0x01, 0x01, 0x01, 0x01, 0x01, 0x01, 0x01, 0x01, 0x01, 0x01, 0x01, 0x01, 0x01, 0x01, 0x01,
        0x01, 0x01, 0x01, 0x01, 0x01, 0x01, 0x01, 0x01, 0x01, 0x01, 0x01, 0x01, 0x01, 0x01, 0x01, 0x01,
        0x01, 0x01, 0x01, 0x01, 0x01, 0x01, 0x01, 0x01, 0x01, 0x01, 0x01, 0x01, 0x01, 0x01, 0x01, 0x01,
        0x01, 0x01, 0x01, 0x01, 0x01, 0x01, 0x01, 0x01, 0x01, 0x01, 0x01, 0x01, 0x01, 0x01, 0x01, 0x01,
        0x01, 0x01, 0x01, 0x01, 0x01, 0x01, 0x01, 0x01, 0x01, 0x01, 0x01, 0x01, 0x01, 0x5A, 0x00, 0x14,
        0x00, 0x16, 0x00, 0x16, 0x00, 0x11, 0x00, 0x14, 0x00, 0x11, 0x00, 0x12, 0x00, 0x0E, 0x00, 0x0F,
        0x00, 0x0B, 0x00, 0x0A, 0x00, 0x08, 0x00, 0x07, 0x00, 0x05, 0x00, 0x03, 0x00, 0x01, 0xFF, 0xFF,
        0xFF, 0xFE, 0xFF, 0xFC, 0xFF, 0xFB, 0xFF, 0xF9, 0xFF, 0xF6, 0xFF, 0xF6, 0xFF, 0xF3, 0xFF, 0xF4,
        0xFF, 0xF1, 0xFF, 0xF0, 0xFF, 0xEC, 0xFF, 0xD7, 0xFF, 0xB3, 0xFF, 0xF2, 0xFF, 0xF6, 0xFF, 0xF2,
        0xFF, 0xF6, 0xFF, 0xF7, 0xFF, 0xFB, 0xFF, 0xFC, 0xFF, 0xFE, 0x00, 0x00, 0x00, 0x00, 0x00, 0x02,
        0x00, 0x02, 0x00, 0x04, 0x00, 0x05, 0x00, 0x06, 0x00, 0x05, 0x00, 0x07, 0x00, 0x09, 0x00, 0x08,
        0x00, 0x0B, 0x00, 0x0B, 0x00, 0x0D, 0x00, 0x0C, 0x00, 0x0D, 0x00, 0x0D, 0x00, 0x09, 0x00, 0x0C,
        0x00, 0x08, 0x00, 0x08, 0x00, 0x07, 0x00, 0x09, 0x00, 0x05, 0x00, 0x05, 0x00, 0x04, 0x00, 0x03,
        0x00, 0x02, 0x00, 0x01, 0x00, 0x00, 0x00, 0x64, 0x00, 0x00, 0xFF, 0xFE, 0xFF, 0xFD, 0xFF, 0xFB,
        0xFF, 0xF9, 0xFF, 0xF7, 0xFF, 0xF4, 0xFF, 0xF3, 0xFF, 0xF2, 0xFF, 0xF0, 0xFF, 0xF0, 0xFF, 0xEE,
        0xFF, 0xEE, 0xFF, 0xEB, 0xFF, 0xEE, 0xFF, 0xED, 0xFF, 0xE9, 0xFF, 0xEA, 0xFF, 0xEB, 0xFF, 0xE9,
        0xFF, 0xED, 0xFF, 0xEE, 0xFF, 0xEF, 0xFF, 0xF1, 0xFF, 0xF3, 0xFF, 0xF5, 0xFF, 0xF7, 0xFF, 0xFA,
        0xFF, 0xFC, 0xFF, 0xFE, 0x00, 0x00, 0x00, 0x02, 0x00, 0x03, 0x00, 0x04, 0x00, 0x06, 0x00, 0x07,
        0x00, 0x08, 0x00, 0x09, 0x00, 0x0A, 0x00, 0x0D, 0x00, 0x17, 0x00, 0x1C, 0x00, 0x23, 0x00, 0x3A,
        0x00, 0x1C, 0x00, 0x0D, 0x00, 0x0B, 0x00, 0x0B, 0x00, 0x08, 0x00, 0x08, 0x00, 0x07, 0x00, 0x05,
        0x00, 0x03, 0x00, 0x01, 0xFF, 0xFF, 0xFF, 0xFD, 0xFF, 0xFC, 0xFF, 0xF9, 0xFF, 0xFB, 0xFF, 0xFA,
        0xFF, 0xF5, 0xFF, 0xF8, 0xFF, 0xF9, 0xFF, 0xEF, 0xFF, 0xEE, 0xFF, 0xF6, 0xFF, 0xF3, 0xFF, 0xED,
        0xFF, 0xEE, 0xFF, 0xF7, 0xFF, 0xF8, 0xFF, 0xF6, 0xFF, 0xF9, 0xFF, 0xFA, 0xFF, 0xFA, 0xFF, 0xFB,
        0xFF, 0xFB, 0xFF, 0xFC, 0xFF, 0xFD, 0xFF, 0xFD, 0xFF, 0xFE, 0xFF, 0xFF, 0xFF, 0xFF, 0xFF, 0x9C,
        0x00, 0x00, 0x00, 0x01, 0x00, 0x03, 0x00, 0x05, 0x00, 0x08, 0x00, 0x09, 0x00, 0x0B, 0x00, 0x0D,
        0x00, 0x0E, 0x00, 0x12, 0x00, 0x10, 0x00, 0x14, 0x00, 0x15, 0x00, 0x16, 0x00, 0x15, 0x00, 0x16,
        0xFF, 0xF7, 0x00, 0x00, 0x00, 0x03, 0x00, 0x05, 0x00, 0x06, 0x00, 0x08, 0x00, 0x09, 0x00, 0x0C,
        0x00, 0x0B, 0x00, 0x10, 0x00, 0x0E, 0x00, 0x10, 0x00, 0x11, 0x00, 0x12, 0x00, 0x13, 0x00, 0x14,
        0x00, 0x12, 0x00, 0x16, 0x00, 0x14, 0x00, 0x13, 0x00, 0x12, 0x00, 0x10, 0x00, 0x11, 0x00, 0x0E,
        0x00, 0x0F, 0x00, 0x0C, 0x00, 0x0D, 0x00, 0x0C, 0x00, 0x0D, 0x00, 0x16, 0x00, 0x27, 0x00, 0x08,
        0x00, 0x06, 0x00, 0x0C, 0x00, 0x0B, 0x00, 0x0C, 0x00, 0x0B, 0x00, 0x0C, 0x00, 0x0A, 0x00, 0x0B,
        0x00, 0x0B, 0x00, 0x0B, 0x00, 0x09, 0x00, 0x09, 0x00, 0x0A, 0x00, 0x07, 0x00, 0x06, 0x00, 0x06,
        0x00, 0x06, 0x00, 0x03, 0x00, 0x04, 0x00, 0x03, 0x00, 0x02, 0x00, 0x01, 0x00, 0x00, 0xFF, 0xFE,
        0xFF, 0xFF, 0xFF, 0xFC, 0xFF, 0xFC, 0xFF, 0xFC, 0xFF, 0xFB, 0xFF, 0xF8, 0xFF, 0xFA, 0xFF, 0xF8,
        0xFF, 0xF8, 0xFF, 0xF7, 0xFF, 0xF7, 0xFF, 0xF6, 0xFF, 0xF5, 0x00, 0x00, 0x00, 0x14, 0x00, 0x11,
        0x00, 0x11, 0x00, 0x0F, 0x00, 0x0F, 0x00, 0x11, 0x00, 0x0F, 0x00, 0x0E, 0x00, 0x0D, 0x00, 0x0B,
        0x00, 0x09, 0x00, 0x08, 0x00, 0x07, 0x00, 0x05, 0x00, 0x03, 0x00, 0x01, 0xFF, 0xFE, 0xFF, 0xFD,
        0xFF, 0xFB, 0xFF, 0xF8, 0xFF, 0xF6, 0xFF, 0xF5, 0xFF, 0xF2, 0xFF, 0xF1, 0xFF, 0xF0, 0xFF, 0xED,
        0xFF, 0xEC, 0xFF, 0xEE, 0xFF, 0xE9, 0xFF, 0xEB, 0xFF, 0xEA, 0xFF, 0xEC, 0xFF, 0xF3, 0xFF, 0xF1,
        0xFF, 0xF2, 0xFF, 0xF2, 0xFF, 0xF4, 0xFF, 0xF5, 0xFF, 0xF5, 0xFF, 0xF4, 0xFF, 0xEF, 0xFF, 0xEE,
        0xFF, 0xEE, 0xFF, 0xE3, 0xFF, 0xF0, 0xFF, 0xF7, 0xFF, 0xF7, 0xFF, 0xF7, 0xFF, 0xF7, 0xFF, 0xF5,
        0xFF, 0xF4, 0xFF, 0xF3, 0xFF, 0xF2, 0xFF, 0xF1, 0xFF, 0xF1, 0xFF, 0xF3, 0xFF, 0xF3, 0xFF, 0xF3,
        0xFF, 0xF9, 0xFF, 0xF9, 0xFF, 0xF7, 0xFF, 0xFB, 0xFF, 0xFC, 0xFF, 0xFA, 0xFF, 0xFC, 0xFF, 0xFF,
        0xFF, 0xFF, 0x00, 0x02, 0x00, 0x04, 0x00, 0x03, 0x00, 0x04, 0x00, 0x06, 0x00, 0x05, 0x00, 0x06,
        0x00, 0x06, 0x00, 0x07, 0x00, 0x08, 0x00, 0x08, 0x00, 0x09, 0x00, 0x09, 0x00, 0x09, 0x00, 0x0B,
        0x00, 0x0A, 0x00, 0x00, 0xFF, 0xE7, 0xFF, 0xEE, 0xFF, 0xEF, 0xFF, 0xED, 0xFF, 0xEF, 0xFF, 0xEF,
        0xFF, 0xF1, 0xFF, 0xF2, 0xFF, 0xF3, 0xFF, 0xF3, 0xFF, 0xF7, 0xFF, 0xF6, 0xFF, 0xF9, 0xFF, 0xFA,
        0xFF, 0xFD, 0xFF, 0xFF, 0x00, 0x01, 0x00, 0x7E, 0x00, 0x00, 0x02, 0x3E, 0x02, 0xC2, 0x00, 0x07,
        0x00, 0x00, 0x01, 0x01, 0x01, 0x01, 0x01, 0x01, 0x01, 0x01, 0x01, 0x8F, 0x00, 0xAF, 0x00, 0x00,
        0xFE, 0x40, 0x00, 0x00, 0x00, 0xAF, 0x00, 0x00, 0x00, 0x62, 0x02, 0x60, 0x00, 0x00, 0x00, 0x62,
        0x00, 0x00, 0xFF, 0x9E, 0x00, 0x00, 0xFD, 0xA0, 0x00, 0x00, 0x00, 0x00, 0x00, 0x01, 0x00, 0x71,
        0xFF, 0xF7, 0x02, 0x42, 0x02, 0xBE, 0x00, 0x4F, 0x00, 0x00, 0x01, 0x01, 0x01, 0x01, 0x01, 0x01,
        0x01, 0x01, 0x01, 0x01, 0x01, 0x01, 0x01, 0x01, 0x01, 0x01, 0x01, 0x01, 0x01, 0x01, 0x01, 0x01,
        0x01, 0x01, 0x01, 0x01, 0x01, 0x01, 0x01, 0x01, 0x01, 0x01, 0x01, 0x01, 0x01, 0x01, 0x01, 0x01,
        0x01, 0x01, 0x01, 0x01, 0x01, 0x01, 0x01, 0x01, 0x01, 0x01, 0x01, 0x01, 0x01, 0x01, 0x01, 0x01,
        0x01, 0x01, 0x01, 0x01, 0x01, 0x01, 0x01, 0x01, 0x01, 0x01, 0x01, 0x01, 0x01, 0x01, 0x01, 0x01,
        0x01, 0x01, 0x01, 0x01, 0x01, 0x01, 0x01, 0x01, 0x01, 0x01, 0x00, 0x71, 0x00, 0x00, 0x00, 0x02,
        0x00, 0x02, 0x00, 0x05, 0x00, 0x06, 0x00, 0x06, 0x00, 0x07, 0x00, 0x08, 0x00, 0x09, 0x00, 0x0A,
        0x00, 0x0B, 0x00, 0x0C, 0x00, 0x0E, 0x00, 0x0E, 0x00, 0x10, 0x00, 0x11, 0x00, 0x0F, 0x00, 0x12,
        0x00, 0x15, 0x00, 0x15, 0x00, 0x13, 0x00, 0x12, 0x00, 0x16, 0x00, 0x14, 0x00, 0x13, 0x00, 0x0F,
        0x00, 0x10, 0x00, 0x10, 0x00, 0x0F, 0x00, 0x0B, 0x00, 0x0D, 0x00, 0x0B, 0x00, 0x0A, 0x00, 0x0A,
        0x00, 0x08, 0x00, 0x07, 0x00, 0x06, 0x00, 0x06, 0x00, 0x05, 0x00, 0x02, 0x00, 0x02, 0x00, 0x00,
        0xFF, 0x97, 0x00, 0x00, 0xFF, 0xFF, 0xFF, 0xFE, 0xFF, 0xFE, 0xFF, 0xFD, 0xFF, 0xFD, 0xFF, 0xFC,
        0xFF, 0xFB, 0xFF, 0xFB, 0xFF, 0xFA, 0xFF, 0xF9, 0xFF, 0xFA, 0xFF, 0xF7, 0xFF, 0xF9, 0xFF, 0xF5,
        0xFF, 0xF8, 0xFF, 0xE9, 0xFF, 0xE7, 0xFF, 0xE6, 0xFF, 0xE9, 0xFF, 0xF8, 0xFF, 0xF5, 0xFF, 0xF9,
        0xFF, 0xF7, 0xFF, 0xFA, 0xFF, 0xF9, 0xFF, 0xFA, 0xFF, 0xFB, 0xFF, 0xFB, 0xFF, 0xFC, 0xFF, 0xFD,
        0xFF, 0xFD, 0xFF, 0xFE, 0xFF, 0xFE, 0xFF, 0xFF, 0x00, 0x00, 0x02, 0xBE, 0xFE, 0x22, 0xFF, 0xE5,
        0xFF, 0xE9, 0xFF, 0xE7, 0xFF, 0xEC, 0xFF, 0xF0, 0xFF, 0xF0, 0xFF, 0xF2, 0xFF, 0xF2, 0xFF, 0xF4,
        0xFF, 0xF4, 0xFF, 0xF6, 0xFF, 0xF6, 0xFF, 0xF8, 0xFF, 0xF9, 0xFF, 0xFA, 0xFF, 0xFC, 0xFF, 0xFC,
        0xFF, 0xFD, 0xFF, 0xFE, 0x00, 0x00, 0x00, 0x00, 0x00, 0x02, 0x00, 0x03, 0x00, 0x04, 0x00, 0x04,
        0x00, 0x06, 0x00, 0x08, 0x00, 0x08, 0x00, 0x08, 0x00, 0x0A, 0x00, 0x0C, 0x00, 0x0C, 0x00, 0x0E,
        0x00, 0x0E, 0x00, 0x10, 0x00, 0x10, 0x00, 0x15, 0x00, 0x19, 0x00, 0x17, 0x00, 0x1B, 0x01, 0xDE,
        0x00, 0x00, 0xFE, 0x2D, 0xFF, 0xE1, 0xFF, 0xF0, 0xFF, 0xF4, 0xFF, 0xF5, 0xFF, 0xF5, 0xFF, 0xF7,
        0xFF, 0xF7, 0xFF, 0xF7, 0xFF, 0xF9, 0xFF, 0xF9, 0xFF, 0xFB, 0xFF, 0xFB, 0xFF, 0xFD, 0xFF, 0xFC,
        0xFF, 0xFD, 0xFF, 0xFC, 0xFF, 0xFF, 0x00, 0x01, 0x00, 0x04, 0x00, 0x03, 0x00, 0x04, 0x00, 0x03,
        0x00, 0x05, 0x00, 0x05, 0x00, 0x07, 0x00, 0x07, 0x00, 0x09, 0x00, 0x09, 0x00, 0x09, 0x00, 0x0B,
        0x00, 0x0B, 0x00, 0x0C, 0x00, 0x10, 0x00, 0x1F, 0x01, 0xD3, 0x00, 0x00, 0x00, 0x01, 0x00, 0x6D,
        0x00, 0x00, 0x02, 0x4F, 0x02, 0xAB, 0x00, 0x07, 0x00, 0x00, 0x01, 0x01, 0x01, 0x01, 0x01, 0x01,
        0x01, 0x01, 0x01, 0x5F, 0xFF, 0xFF, 0xFF, 0x70, 0xFF, 0x9F, 0x00, 0xAD, 0x00, 0x86, 0x00, 0xAF,
        0xFF, 0x9F, 0x00, 0x67, 0x00, 0x00, 0x02, 0x44, 0x00, 0x00, 0xFD, 0x55, 0x00, 0x00, 0x02, 0xAB,
        0x00, 0x00, 0x00, 0x00, 0x00, 0x01, 0x00, 0x6C, 0x00, 0x00, 0x02, 0x55, 0x02, 0xB4, 0x00, 0x27,
        0x00, 0x00, 0x01, 0x01, 0x01, 0x01, 0x01, 0x01, 0x01, 0x01, 0x01, 0x01, 0x01, 0x01, 0x01, 0x01,
        0x01, 0x01, 0x01, 0x01, 0x01, 0x01, 0x01, 0x01, 0x01, 0x01, 0x01, 0x01, 0x01, 0x01, 0x01, 0x01,
        0x01, 0x01, 0x01, 0x01, 0x01, 0x01, 0x01, 0x01, 0x01, 0x01, 0x01, 0x3A, 0xFF, 0xBB, 0xFF, 0xFE,
        0xFF, 0xF8, 0xFF, 0xF9, 0xFF, 0xFA, 0xFF, 0xFB, 0xFF, 0xFD, 0xFF, 0xFE, 0xFF, 0xFF, 0x00, 0x00,
        0xFF, 0x99, 0x00, 0x00, 0x00, 0x03, 0x00, 0x05, 0x00, 0x07, 0x00, 0x07, 0x00, 0x33, 0x00, 0x70,
        0x00, 0x3B, 0x00, 0x02, 0x00, 0x3A, 0x00, 0x70, 0x00, 0x34, 0x00, 0x06, 0x00, 0x07, 0x00, 0x05,
        0x00, 0x03, 0x00, 0x00, 0xFF, 0x99, 0x00, 0x00, 0xFF, 0xFF, 0xFF, 0xFE, 0xFF, 0xFD, 0xFF, 0xFB,
        0xFF, 0xFA, 0xFF, 0xF9, 0xFF, 0xF8, 0xFF, 0xFE, 0xFF, 0xBB, 0x01, 0xAA, 0xFF, 0x0B, 0x00, 0x00,
        0x00, 0x46, 0x00, 0x45, 0x00, 0x44, 0x00, 0x43, 0x00, 0x3B, 0x00, 0x39, 0x00, 0x2F, 0x00, 0x4A,
        0x00, 0x00, 0xFF, 0xB0, 0xFF, 0xAE, 0xFF, 0xA3, 0xFF, 0xAF, 0xFF, 0xCE, 0xFE, 0xCE, 0x00, 0x00,
        0x00, 0xF1, 0x00, 0x00, 0xFF, 0x0F, 0x00, 0x00, 0x01, 0x34, 0x00, 0x30, 0x00, 0x51, 0x00, 0x5D,
        0x00, 0x52, 0x00, 0x50, 0x00, 0x00, 0xFF, 0xB6, 0xFF, 0xD1, 0xFF, 0xC7, 0xFF, 0xC5, 0xFF, 0xBD,
        0xFF, 0xBC, 0xFF, 0xBB, 0xFF, 0xBA, 0x00, 0x00, 0x00, 0xF5, 0x00, 0x00, 0x00, 0x01, 0x00, 0x67,
        0x00, 0x00, 0x02, 0x48, 0x02, 0xAB, 0x00, 0x0B, 0x00, 0x00, 0x01, 0x01, 0x01, 0x01, 0x01, 0x01,
        0x01, 0x01, 0x01, 0x01, 0x01, 0x01, 0x01, 0x58, 0xFF, 0x85, 0xFF, 0x8A, 0x00, 0xBB, 0xFF, 0x45,
        0x00, 0x76, 0x00, 0x7B, 0x00, 0x79, 0x00, 0x77, 0xFF, 0x4D, 0x00, 0xB3, 0xFF, 0x89, 0x01, 0xBF,
        0x00, 0xEC, 0x00, 0x00, 0xFE, 0xB5, 0xFE, 0xA0, 0x00, 0x00, 0x01, 0x03, 0xFE, 0xFD, 0x00, 0x00,
        0x01, 0x60, 0x01, 0x4B, 0x00, 0x00, 0x00, 0x00, 0x00, 0x01, 0x00, 0x7B, 0x00, 0x00, 0x02, 0x41,
        0x02, 0xB4, 0x00, 0x08, 0x00, 0x00, 0x01, 0x01, 0x01, 0x01, 0x01, 0x01, 0x01, 0x01, 0x01, 0x01,
        0x5E, 0xFF, 0x86, 0xFF, 0x97, 0x00, 0xB4, 0x00, 0x00, 0x00, 0x5F, 0x00, 0x00, 0x00, 0xB3, 0xFF,
        0x97, 0x01, 0xB0, 0x01, 0x04, 0x00, 0x00, 0xFE, 0x8F, 0xFE, 0xBD, 0x00, 0x00, 0x01, 0x43, 0x01,
        0x71, 0x00, 0x00, 0x00, 0x00, 0x01, 0x00, 0x97, 0x00, 0x00, 0x02, 0x25, 0x02, 0xAE, 0x00, 0x09,
        0x00, 0x00, 0x01, 0x01, 0x01, 0x01, 0x01, 0x01, 0x01, 0x01, 0x01, 0x01, 0x01, 0x0B, 0x00, 0xFA,
        0x00, 0x00, 0xFE, 0x9B, 0x00, 0x00, 0x00, 0xF8, 0xFE, 0xFF, 0x00, 0x00, 0x01, 0x8E, 0x00, 0x00,
        0x00, 0x5F, 0x01, 0xFF, 0x00, 0x50, 0x00, 0x00, 0xFF, 0xA1, 0x00, 0x00, 0xFD, 0xF9, 0xFF, 0xB8,
        0x00, 0x00, 0x00, 0x5F, 0x00, 0x01, 0x00, 0xC1, 0x00, 0x00, 0x01, 0xF3, 0x02, 0xA6, 0x00, 0x07,
        0x00, 0x00, 0x01, 0x01, 0x01, 0x01, 0x01, 0x01, 0x01, 0x01, 0x01, 0x17, 0x00, 0xDC, 0x00, 0x00,
        0xFE, 0xCE, 0x00, 0x00, 0x01, 0x32, 0x00, 0x00, 0xFF, 0x24, 0x02, 0x50, 0x00, 0x00, 0x00, 0x56,
        0x00, 0x00, 0xFD, 0x5A, 0x00, 0x00, 0x00, 0x56, 0x00, 0x00, 0x00, 0x00, 0x00, 0x01, 0x00, 0xA6,
        0x00, 0x00, 0x02, 0x0F, 0x02, 0xA6, 0x00, 0x03, 0x00, 0x00, 0x01, 0x01, 0x01, 0x01, 0x00, 0xA6,
        0x01, 0x0E, 0x00, 0x5B, 0xFE, 0xF4, 0x02, 0xA6, 0xFD, 0x5A, 0x00, 0x00, 0x02, 0xA6, 0x00, 0x00,
        0x00, 0x01, 0x00, 0xCF, 0x00, 0x00, 0x01, 0xF8, 0x02, 0xA6, 0x00, 0x07, 0x00, 0x00, 0x01, 0x01,
        0x01, 0x01, 0x01, 0x01, 0x01, 0x01, 0x01, 0xA5, 0xFF, 0x2A, 0x00, 0x00, 0x01, 0x29, 0x00, 0x00,
        0xFE, 0xD7, 0x00, 0x00, 0x00, 0xD6, 0x00, 0x56, 0x00, 0x00, 0xFF, 0xAA, 0x00, 0x00, 0x02, 0xA6,
        0x00, 0x00, 0xFF, 0xAA, 0x00, 0x00, 0x00, 0x00, 0x00, 0x01, 0x00, 0x8F, 0x01, 0x49, 0x02, 0x2E,
        0x02, 0xA6, 0x00, 0x06, 0x00, 0x00, 0x01, 0x01, 0x01, 0x01, 0x01, 0x01, 0x01, 0x01, 0x71, 0xFF,
        0xD9, 0xFF, 0x45, 0x00, 0x35, 0x00, 0x9A, 0x00, 0x99, 0x00, 0x37, 0x02, 0xA6, 0x00, 0x00, 0xFE,
        0xD0, 0xFF, 0xD3, 0x00, 0xAF, 0xFF, 0x51, 0x00, 0x2D, 0x00, 0x00, 0x00, 0x00, 0x01, 0x00, 0x7A,
        0xFF, 0x37, 0x02, 0x35, 0xFF, 0xAF, 0x00, 0x03, 0x00, 0x00, 0x01, 0x01, 0x01, 0x01, 0x00, 0x7A,
        0x01, 0xBB, 0x00, 0x00, 0xFE, 0x45, 0xFF, 0x37, 0x00, 0x00, 0x00, 0x78, 0x00, 0x00, 0x00, 0x00,
        0x00, 0x01, 0x01, 0x00, 0x02, 0x10, 0x01, 0xB6, 0x02, 0xA6, 0x00, 0x03, 0x00, 0x00, 0x01, 0x01,
        0x01, 0x01, 0x01, 0x6A, 0xFF, 0x96, 0x00, 0x66, 0x00, 0x50, 0x02, 0xA6, 0x00, 0x00, 0xFF, 0x6A,
        0x00, 0x00, 0x00, 0x00, 0x00, 0x02, 0x00, 0x91, 0xFF, 0xF7, 0x02, 0x27, 0x02, 0x09, 0x00, 0x2C,
        0x00, 0x9C, 0x00, 0x00, 0x01, 0x01, 0x01, 0x01, 0x01, 0x01, 0x01, 0x01, 0x01, 0x01, 0x01, 0x01,
        0x01, 0x01, 0x01, 0x01, 0x01, 0x01, 0x01, 0x01, 0x01, 0x01, 0x01, 0x01, 0x01, 0x01, 0x01, 0x01,
        0x01, 0x01, 0x01, 0x01, 0x01, 0x01, 0x01, 0x01, 0x01, 0x01, 0x01, 0x01, 0x01, 0x01, 0x01, 0x01,
        0x01, 0x01, 0x01, 0x01, 0x01, 0x01, 0x01, 0x01, 0x01, 0x01, 0x01, 0x01, 0x01, 0x01, 0x01, 0x01,
        0x01, 0x01, 0x01, 0x01, 0x01, 0x01, 0x01, 0x01, 0x01, 0x01, 0x01, 0x01, 0x01, 0x01, 0x01, 0x01,
        0x01, 0x01, 0x01, 0x01, 0x01, 0x01, 0x01, 0x01, 0x01, 0x01, 0x01, 0x01, 0x01, 0x01, 0x01, 0x01,
        0x01, 0x01, 0x01, 0x01, 0x01, 0x01, 0x01, 0x01, 0x01, 0x01, 0x01, 0x01, 0x01, 0x01, 0x01, 0x01,
        0x01, 0x01, 0x01, 0x01, 0x01, 0x01, 0x01, 0x01, 0x01, 0x01, 0x01, 0x01, 0x01, 0x01, 0x01, 0x01,
        0x01, 0x01, 0x01, 0x01, 0x01, 0x01, 0x01, 0x01, 0x01, 0x01, 0x01, 0x01, 0x01, 0x01, 0x01, 0x01,
        0x01, 0x01, 0x01, 0x01, 0x01, 0x01, 0x01, 0x01, 0x01, 0x01, 0x01, 0x01, 0x01, 0x01, 0x01, 0x01,
        0x01, 0x01, 0xC8, 0x00, 0x00, 0xFF, 0xFF, 0xFF, 0xFE, 0xFF, 0xFC, 0xFF, 0xFC, 0xFF, 0xFA, 0xFF,
        0xF9, 0xFF, 0xF7, 0xFF, 0xF7, 0xFF, 0xF4, 0xFF, 0xF4, 0xFF, 0xF5, 0xFF, 0xF2, 0xFF, 0xF3, 0xFF,
        0xF2, 0xFF, 0xF2, 0xFF, 0xF6, 0xFF, 0xF6, 0xFF, 0xF7, 0xFF, 0xF8, 0xFF, 0xF7, 0xFF, 0xF9, 0xFF,
        0xF9, 0xFF, 0xFA, 0xFF, 0xFB, 0xFF, 0xFB, 0xFF, 0xFD, 0xFF, 0xFD, 0xFF, 0xFE, 0xFF, 0xFF, 0x00,
        0x00, 0x00, 0x01, 0x00, 0x01, 0x00, 0x03, 0x00, 0x02, 0x00, 0x05, 0x00, 0x09, 0x00, 0x06, 0x00,
        0x07, 0x00, 0x08, 0x00, 0x08, 0x00, 0x12, 0x00, 0x16, 0x00, 0x16, 0x00, 0x66, 0x00, 0x62, 0x00,
        0x00, 0xFF, 0xFF, 0xFF, 0xFD, 0xFF, 0xFB, 0xFF, 0xFB, 0xFF, 0xF9, 0xFF, 0xF7, 0xFF, 0xF7, 0xFF,
        0xF4, 0xFF, 0xF3, 0xFF, 0xF1, 0xFF, 0xF1, 0xFF, 0xF0, 0xFF, 0xEF, 0xFF, 0xEE, 0xFF, 0xE8, 0xFF,
        0xE7, 0xFF, 0xEA, 0xFF, 0xEB, 0xFF, 0xED, 0xFF, 0xF1, 0xFF, 0xEE, 0xFF, 0xF2, 0xFF, 0xF2, 0xFF,
        0xF4, 0xFF, 0xF4, 0xFF, 0xF5, 0xFF, 0xF9, 0xFF, 0xFA, 0xFF, 0xFA, 0xFF, 0xFC, 0xFF, 0xFC, 0xFF,
        0xFD, 0xFF, 0xFE, 0xFF, 0xFF, 0x00, 0x62, 0x00, 0x00, 0x00, 0x02, 0x00, 0x01, 0x00, 0x04, 0x00,
        0x05, 0x00, 0x06, 0x00, 0x07, 0x00, 0x08, 0x00, 0x08, 0x00, 0x0C, 0x00, 0x18, 0x00, 0x11, 0x00,
        0x10, 0x00, 0x0C, 0x00, 0x0B, 0x00, 0x0F, 0x00, 0x08, 0x00, 0x07, 0x00, 0x09, 0x00, 0x04, 0x00,
        0x04, 0x00, 0x05, 0x00, 0x03, 0x00, 0x01, 0x00, 0x00, 0xFF, 0x9F, 0xFF, 0xEA, 0xFF, 0xED, 0xFF,
        0xE7, 0xFF, 0xE9, 0xFF, 0xE9, 0xFF, 0xED, 0xFF, 0xEE, 0xFF, 0xF1, 0xFF, 0xF2, 0xFF, 0xF4, 0xFF,
        0xFA, 0xFF, 0xFD, 0xFF, 0xFA, 0xFF, 0xFD, 0xFF, 0xFE, 0xFF, 0xFF, 0x00, 0x00, 0x00, 0x02, 0x00,
        0x02, 0x00, 0x03, 0x00, 0x03, 0x00, 0x05, 0x00, 0x06, 0x00, 0x06, 0x00, 0x07, 0x00, 0x08, 0x00,
        0x09, 0x00, 0x09, 0x00, 0x0A, 0x00, 0x0A, 0x00, 0x0B, 0x00, 0x0E, 0x00, 0x0C, 0x00, 0x0F, 0x00,
        0x0D, 0x00, 0x10, 0x00, 0x0D, 0x00, 0x0C, 0x00, 0x0C, 0x00, 0x10, 0x00, 0x0E, 0x00, 0x0C, 0x00,
        0x0E, 0x00, 0x0C, 0x00, 0x0D, 0x00, 0x0A, 0x00, 0x0A, 0x00, 0x09, 0x00, 0xEB, 0xFF, 0xE8, 0xFF,
        0xF3, 0xFF, 0xF0, 0xFF, 0xF0, 0xFF, 0xF2, 0xFF, 0xF2, 0xFF, 0xF3, 0xFF, 0xF4, 0xFF, 0xF5, 0xFF,
        0xF7, 0xFF, 0xF7, 0xFF, 0xFB, 0xFF, 0xFB, 0xFF, 0xFD, 0xFF, 0xFE, 0xFF, 0xFF, 0x00, 0x01, 0x00,
        0x01, 0x00, 0x02, 0x00, 0x03, 0x00, 0x04, 0x00, 0x04, 0x00, 0x05, 0x00, 0x06, 0x00, 0x07, 0x00,
        0x07, 0x00, 0x09, 0x00, 0x08, 0x00, 0x0A, 0x00, 0x0A, 0x00, 0x0B, 0x00, 0x07, 0x00, 0x07, 0x00,
        0x09, 0x00, 0x06, 0x00, 0x08, 0x00, 0x0B, 0x00, 0x06, 0x00, 0x06, 0x00, 0x04, 0x00, 0x04, 0x00,
        0x06, 0x00, 0x04, 0x00, 0x01, 0xFF, 0x15, 0x00, 0x00, 0x01, 0x47, 0x00, 0x1E, 0x00, 0x1C, 0x00,
        0x16, 0x00, 0x13, 0x00, 0x12, 0x00, 0x0F, 0x00, 0x0C, 0x00, 0x0C, 0x00, 0x0A, 0x00, 0x09, 0x00,
        0x06, 0x00, 0x05, 0x00, 0x03, 0x00, 0x03, 0x00, 0x02, 0x00, 0x00, 0x00, 0x00, 0xFF, 0xFE, 0xFF,
        0xFD, 0xFF, 0xFC, 0xFF, 0xFB, 0xFF, 0xFB, 0xFF, 0xF9, 0xFF, 0xF9, 0xFF, 0xF7, 0xFF, 0xF6, 0xFF,
        0xF7, 0xFF, 0xF8, 0xFF, 0xF5, 0xFF, 0xF7, 0xFF, 0xF4, 0xFF, 0xF6, 0xFF, 0xF1, 0xFF, 0xF4, 0x00,
        0x00, 0x00, 0x07, 0x00, 0x09, 0x00, 0x06, 0x00, 0x07, 0x00, 0x06, 0x00, 0x06, 0x00, 0x04, 0x00,
        0x04, 0x00, 0x03, 0x00, 0x03, 0x00, 0x03, 0x00, 0x00, 0x00, 0x00, 0xFF, 0xFF, 0xFF, 0xFF, 0xFF,
        0xFB, 0xFF, 0xFD, 0xFF, 0xFB, 0xFF, 0xF8, 0xFF, 0xFA, 0xFF, 0xF9, 0xFF, 0xF2, 0xFF, 0xEF, 0xFF,
        0xEB, 0xFF, 0xE1, 0x00, 0x00, 0xFF, 0xFF, 0xFF, 0xFE, 0xFF, 0xFB, 0xFF, 0xFA, 0xFF, 0xF8, 0xFF,
        0xF7, 0xFF, 0xF5, 0xFF, 0xF3, 0xFF, 0xF1, 0xFF, 0xEE, 0xFF, 0xF5, 0xFF, 0xF8, 0xFF, 0xED, 0xFF,
        0xF3, 0xFF, 0xF5, 0xFF, 0xE9, 0xFF, 0xF5, 0xFF, 0xF2, 0xFF, 0xF3, 0xFF, 0xF3, 0xFF, 0xF7, 0xFF,
        0xF5, 0xFF, 0xF5, 0xFF, 0xF6, 0xFF, 0xF7, 0xFF, 0xF7, 0xFF, 0xF8, 0xFF, 0xF9, 0xFF, 0xF9, 0xFF,
        0xFA, 0xFF, 0xFB, 0xFF, 0xFB, 0xFF, 0xFC, 0xFF, 0xFD, 0xFF, 0xFE, 0xFF, 0xFF, 0x00, 0x00, 0x00,
        0x00, 0x00, 0x02, 0x00, 0x03, 0x00, 0x04, 0x00, 0x04, 0x00, 0x06, 0x00, 0x06, 0x00, 0x08, 0x00,
        0x08, 0x00, 0x08, 0x00, 0x09, 0x00, 0x00, 0x00, 0x00, 0x02, 0x00, 0x6B, 0xFF, 0xF7, 0x02, 0x3C,
        0x02, 0xCD, 0x00, 0x40, 0x00, 0x86, 0x00, 0x00, 0x01, 0x01, 0x01, 0x01, 0x01, 0x01, 0x01, 0x01,
        0x01, 0x01, 0x01, 0x01, 0x01, 0x01, 0x01, 0x01, 0x01, 0x01, 0x01, 0x01, 0x01, 0x01, 0x01, 0x01,
        0x01, 0x01, 0x01, 0x01, 0x01, 0x01, 0x01, 0x01, 0x01, 0x01, 0x01, 0x01, 0x01, 0x01, 0x01, 0x01,
        0x01, 0x01, 0x01, 0x01, 0x01, 0x01, 0x01, 0x01, 0x01, 0x01, 0x01, 0x01, 0x01, 0x01, 0x01, 0x01,
        0x01, 0x01, 0x01, 0x01, 0x01, 0x01, 0x01, 0x01, 0x01, 0x01, 0x01, 0x01, 0x01, 0x01, 0x01, 0x01,
        0x01, 0x01, 0x01, 0x01, 0x01, 0x01, 0x01, 0x01, 0x01, 0x01, 0x01, 0x01, 0x01, 0x01, 0x01, 0x01,
        0x01, 0x01, 0x01, 0x01, 0x01, 0x01, 0x01, 0x01, 0x01, 0x01, 0x01, 0x01, 0x01, 0x01, 0x01, 0x01,
        0x01, 0x01, 0x01, 0x01, 0x01, 0x01, 0x01, 0x01, 0x01, 0x01, 0x01, 0x01, 0x01, 0x01, 0x01, 0x01,
        0x01, 0x01, 0x01, 0x01, 0x01, 0x01, 0x01, 0x01, 0x01, 0x01, 0x01, 0x01, 0x01, 0x01, 0x01, 0x01,
        0x62, 0x00, 0x0E, 0x00, 0x0D, 0x00, 0x0C, 0x00, 0x0E, 0x00, 0x0A, 0x00, 0x0C, 0x00, 0x0A, 0x00,
        0x09, 0x00, 0x08, 0x00, 0x08, 0x00, 0x05, 0x00, 0x05, 0x00, 0x04, 0x00, 0x03, 0x00, 0x02, 0x00,
        0x00, 0xFF, 0xFF, 0xFF, 0xFF, 0xFF, 0xFC, 0xFF, 0xFC, 0xFF, 0xFA, 0xFF, 0xFA, 0xFF, 0xF8, 0xFF,
        0xF8, 0xFF, 0xF6, 0xFF, 0xF5, 0xFF, 0xF5, 0xFF, 0xF5, 0xFF, 0xF2, 0xFF, 0xF4, 0xFF, 0xF3, 0xFF,
        0xF2, 0xFF, 0xF2, 0xFF, 0xF0, 0xFF, 0xF4, 0xFF, 0xF2, 0xFF, 0xF5, 0xFF, 0xF5, 0xFF, 0xF5, 0xFF,
        0xF7, 0xFF, 0xF7, 0xFF, 0xF9, 0xFF, 0xFA, 0xFF, 0xFA, 0xFF, 0xFC, 0xFF, 0xFD, 0xFF, 0xFE, 0xFF,
        0xFF, 0x00, 0x01, 0x00, 0x02, 0x00, 0x03, 0x00, 0x04, 0x00, 0x06, 0x00, 0x06, 0x00, 0x08, 0x00,
        0x08, 0x00, 0x09, 0x00, 0x0B, 0x00, 0x0B, 0x00, 0x0D, 0x00, 0x0E, 0x00, 0x0C, 0x00, 0x10, 0x00,
        0x0E, 0xFF, 0x0C, 0x00, 0x65, 0x00, 0x00, 0x00, 0x0B, 0x00, 0x0C, 0x00, 0x0C, 0x00, 0x0F, 0x00,
        0x0E, 0x00, 0x11, 0x00, 0x0E, 0x00, 0x12, 0x00, 0x12, 0x00, 0x10, 0x00, 0x10, 0x00, 0x14, 0x00,
        0x0F, 0x00, 0x0F, 0x00, 0x0E, 0x00, 0x11, 0x00, 0x0C, 0x00, 0x0F, 0x00, 0x0B, 0x00, 0x0D, 0x00,
        0x09, 0x00, 0x0B, 0x00, 0x08, 0x00, 0x09, 0x00, 0x07, 0x00, 0x07, 0x00, 0x05, 0x00, 0x04, 0x00,
        0x04, 0x00, 0x03, 0x00, 0x01, 0x00, 0x01, 0xFF, 0xFF, 0xFF, 0xFF, 0xFF, 0xFD, 0xFF, 0xFD, 0xFF,
        0xFC, 0xFF, 0xFB, 0xFF, 0xFA, 0xFF, 0xF9, 0xFF, 0xF8, 0xFF, 0xF7, 0xFF, 0xF6, 0xFF, 0xF7, 0xFF,
        0xF4, 0xFF, 0xF5, 0xFF, 0xF5, 0xFF, 0xF3, 0xFF, 0xF0, 0xFF, 0xF2, 0xFF, 0xEE, 0xFF, 0xF1, 0xFF,
        0xEC, 0xFF, 0xEE, 0xFF, 0xEE, 0xFF, 0xEF, 0xFF, 0xEE, 0xFF, 0xF1, 0xFF, 0xEF, 0xFF, 0xF2, 0xFF,
        0xF3, 0xFF, 0xF7, 0xFF, 0xF2, 0xFF, 0xF4, 0xFF, 0xFD, 0x00, 0x00, 0xFF, 0x9B, 0x01, 0xA5, 0x00,
        0x00, 0xFF, 0xFE, 0xFF, 0xFC, 0xFF, 0xFB, 0xFF, 0xFA, 0xFF, 0xF7, 0xFF, 0xF6, 0xFF, 0xF5, 0xFF,
        0xF3, 0xFF, 0xF0, 0xFF, 0xF2, 0xFF, 0xEE, 0xFF, 0xEE, 0xFF, 0xEE, 0xFF, 0xED, 0xFF, 0xEB, 0xFF,
        0xED, 0xFF, 0xF1, 0xFF, 0xEE, 0xFF, 0xF1, 0xFF, 0xEF, 0xFF, 0xF2, 0xFF, 0xF3, 0xFF, 0xF4, 0xFF,
        0xF6, 0xFF, 0xF6, 0xFF, 0xF8, 0xFF, 0xFA, 0xFF, 0xFB, 0xFF, 0xFD, 0xFF, 0xFE, 0xFF, 0xFF, 0x00,
        0x01, 0x00, 0x03, 0x00, 0x03, 0x00, 0x05, 0x00, 0x06, 0x00, 0x08, 0x00, 0x0A, 0x00, 0x0B, 0x00,
        0x0C, 0x00, 0x0C, 0x00, 0x0E, 0x00, 0x11, 0x00, 0x12, 0x00, 0x12, 0x00, 0x13, 0x00, 0x13, 0x00,
        0x13, 0x00, 0x13, 0x00, 0x12, 0x00, 0x12, 0x00, 0x10, 0x00, 0x0E, 0x00, 0x0E, 0x00, 0x0C, 0x00,
        0x0A, 0x00, 0x0A, 0x00, 0x08, 0x00, 0x06, 0x00, 0x06, 0x00, 0x03, 0x00, 0x02, 0x00, 0x01, 0xFE,
        0x5B, 0x00, 0x00, 0x00, 0x32, 0xFF, 0xF6, 0xFF, 0xF6, 0xFF, 0xF7, 0xFF, 0xF8, 0xFF, 0xF9, 0xFF,
        0xFA, 0xFF, 0xFD, 0xFF, 0xFC, 0xFF, 0xFE, 0x00, 0x00, 0x00, 0x01, 0x00, 0x02, 0x00, 0x04, 0x00,
        0x04, 0x00, 0x05, 0x00, 0x07, 0x00, 0x08, 0x00, 0x09, 0x00, 0x0A, 0x00, 0x0B, 0x00, 0x0B, 0x00,
        0x0E, 0x00, 0x0C, 0x00, 0x0F, 0x00, 0x0D, 0x00, 0x11, 0x00, 0x0E, 0x00, 0x12, 0x00, 0x12, 0x00,
        0x13, 0x00, 0x13, 0x00, 0x10, 0x00, 0x16, 0x00, 0x13, 0x00, 0x13, 0x00, 0x12, 0x00, 0x12, 0x00,
        0x12, 0x00, 0x11, 0x00, 0x10, 0x00, 0x10, 0x00, 0x0E, 0x00, 0x0E, 0x00, 0x0B, 0x00, 0x0C, 0x00,
        0x0A, 0x00, 0x08, 0x00, 0x08, 0x00, 0x07, 0x00, 0x06, 0x00, 0x05, 0x00, 0x03, 0x00, 0x03, 0x00,
        0x00, 0x00, 0x00, 0xFF, 0xFD, 0xFF, 0xFD, 0xFF, 0xFC, 0xFF, 0xFA, 0xFF, 0xF9, 0xFF, 0xF9, 0xFF,
        0xF9, 0xFF, 0xF4, 0xFF, 0xF2, 0x00, 0x00, 0x01, 0x16, 0x00, 0x00, 0x00, 0x00, 0x01, 0x00, 0x9E,
        0xFF, 0xF7, 0x02, 0x1E, 0x02, 0x14, 0x00, 0x86, 0x00, 0x00, 0x01, 0x01, 0x01, 0x01, 0x01, 0x01,
        0x01, 0x01, 0x01, 0x01, 0x01, 0x01, 0x01, 0x01, 0x01, 0x01, 0x01, 0x01, 0x01, 0x01, 0x01, 0x01,
        0x01, 0x01, 0x01, 0x01, 0x01, 0x01, 0x01, 0x01, 0x01, 0x01, 0x01, 0x01, 0x01, 0x01, 0x01, 0x01,
        0x01, 0x01, 0x01, 0x01, 0x01, 0x01, 0x01, 0x01, 0x01, 0x01, 0x01, 0x01, 0x01, 0x01, 0x01, 0x01,
        0x01, 0x01, 0x01, 0x01, 0x01, 0x01, 0x01, 0x01, 0x01, 0x01, 0x01, 0x01, 0x01, 0x01, 0x01, 0x01,
        0x01, 0x01, 0x01, 0x01, 0x01, 0x01, 0x01, 0x01, 0x01, 0x01, 0x01, 0x01, 0x01, 0x01, 0x01, 0x01,
        0x01, 0x01, 0x01, 0x01, 0x01, 0x01, 0x01, 0x01, 0x01, 0x01, 0x01, 0x01, 0x01, 0x01, 0x01, 0x01,
        0x01, 0x01, 0x01, 0x01, 0x01, 0x01, 0x01, 0x01, 0x01, 0x01, 0x01, 0x01, 0x01, 0x01, 0x01, 0x01,
        0x01, 0x01, 0x01, 0x01, 0x01, 0x01, 0x01, 0x01, 0x01, 0x01, 0x01, 0x01, 0x01, 0x01, 0x01, 0x01,
        0x01, 0x02, 0x1E, 0xFF, 0xFD, 0xFF, 0xFC, 0xFF, 0xFC, 0xFF, 0xF9, 0xFF, 0xFA, 0xFF, 0xF8, 0xFF,
        0xF8, 0xFF, 0xF6, 0xFF, 0xF5, 0xFF, 0xF4, 0xFF, 0xF4, 0xFF, 0xF3, 0xFF, 0xF2, 0xFF, 0xF1, 0xFF,
        0xF1, 0xFF, 0xF1, 0xFF, 0xF0, 0xFF, 0xEF, 0xFF, 0xF3, 0xFF, 0xF1, 0xFF, 0xF4, 0xFF, 0xF1, 0xFF,
        0xF3, 0xFF, 0xF3, 0xFF, 0xF3, 0xFF, 0xF5, 0xFF, 0xF5, 0xFF, 0xF4, 0xFF, 0xF6, 0xFF, 0xF8, 0xFF,
        0xF8, 0xFF, 0xF7, 0xFF, 0xFA, 0xFF, 0xF9, 0xFF, 0xFC, 0xFF, 0xFB, 0xFF, 0xFD, 0xFF, 0xFD, 0xFF,
        0xFE, 0xFF, 0xFF, 0x00, 0x01, 0x00, 0x01, 0x00, 0x02, 0x00, 0x02, 0x00, 0x04, 0x00, 0x04, 0x00,
        0x06, 0x00, 0x06, 0x00, 0x06, 0x00, 0x07, 0x00, 0x07, 0x00, 0x09, 0x00, 0x09, 0x00, 0x09, 0x00,
        0x0B, 0x00, 0x0B, 0x00, 0x0C, 0x00, 0x0A, 0x00, 0x0E, 0x00, 0x0B, 0x00, 0x0F, 0x00, 0x0D, 0x00,
        0x10, 0x00, 0x0E, 0x00, 0x12, 0x00, 0x12, 0x00, 0x12, 0x00, 0x12, 0x00, 0x11, 0x00, 0x10, 0x00,
        0x10, 0x00, 0x0C, 0x00, 0x0D, 0x00, 0x09, 0x00, 0x09, 0x00, 0x07, 0x00, 0x06, 0x00, 0x04, 0x00,
        0x02, 0x00, 0x01, 0xFF, 0x9F, 0xFF, 0xFF, 0xFF, 0xFD, 0xFF, 0xFB, 0xFF, 0xFA, 0xFF, 0xF7, 0xFF,
        0xF6, 0xFF, 0xF3, 0xFF, 0xF4, 0xFF, 0xF7, 0xFF, 0xF6, 0xFF, 0xF6, 0xFF, 0xF6, 0xFF, 0xF7, 0xFF,
        0xF7, 0xFF, 0xF8, 0xFF, 0xF8, 0xFF, 0xF7, 0xFF, 0xF8, 0xFF, 0xF9, 0xFF, 0xF9, 0xFF, 0xFB, 0xFF,
        0xFA, 0xFF, 0xFB, 0xFF, 0xFC, 0xFF, 0xFD, 0xFF, 0xFE, 0xFF, 0xFF, 0xFF, 0xFF, 0x00, 0x01, 0x00,
        0x01, 0x00, 0x03, 0x00, 0x03, 0x00, 0x05, 0x00, 0x06, 0x00, 0x08, 0x00, 0x0A, 0x00, 0x0D, 0x00,
        0x0B, 0x00, 0x0E, 0x00, 0x0F, 0x00, 0x0A, 0x00, 0x0A, 0x00, 0x11, 0x00, 0x10, 0x00, 0x0F, 0x00,
        0x08, 0x00, 0x05, 0x00, 0x06, 0x00, 0x04, 0x00, 0x04, 0x00, 0x03, 0x00, 0x01, 0x00, 0x01, 0x01,
        0x7E, 0x00, 0x0E, 0x00, 0x11, 0x00, 0x0D, 0x00, 0x0F, 0x00, 0x0B, 0x00, 0x0D, 0x00, 0x09, 0x00,
        0x0B, 0x00, 0x0A, 0x00, 0x08, 0x00, 0x08, 0x00, 0x06, 0x00, 0x05, 0x00, 0x04, 0x00, 0x03, 0x00,
        0x02, 0x00, 0x01, 0xFF, 0xFF, 0xFF, 0xFF, 0xFF, 0xFD, 0xFF, 0xFD, 0xFF, 0xFB, 0xFF, 0xFA, 0xFF,
        0xF9, 0xFF, 0xF8, 0xFF, 0xF8, 0xFF, 0xF6, 0xFF, 0xF3, 0xFF, 0xF4, 0xFF, 0xF4, 0xFF, 0xF2, 0xFF,
        0xF0, 0xFF, 0xF1, 0xFF, 0xEE, 0xFF, 0xF1, 0xFF, 0xEC, 0xFF, 0xF0, 0xFF, 0xEC, 0xFF, 0xEE, 0xFF,
        0xEC, 0xFF, 0xEB, 0xFF, 0xEB, 0xFF, 0xEB, 0xFF, 0xEF, 0xFF, 0xEC, 0xFF, 0xED, 0xFF, 0xED, 0xFF,
        0xF1, 0xFF, 0xF2, 0xFF, 0xF2, 0xFF, 0xF3, 0xFF, 0xF4, 0xFF, 0xF4, 0xFF, 0xF5, 0xFF, 0xF6, 0xFF,
        0xF7, 0xFF, 0xF8, 0xFF, 0xFA, 0xFF, 0xFA, 0xFF, 0xFC, 0xFF, 0xFC, 0xFF, 0xFE, 0xFF, 0xFE, 0x00,
        0x00, 0x00, 0x00, 0x00, 0x03, 0x00, 0x04, 0x00, 0x06, 0x00, 0x07, 0x00, 0x09, 0x00, 0x0B, 0x00,
        0x0A, 0x00, 0x0D, 0x00, 0x0D, 0x00, 0x0D, 0x00, 0x0F, 0x00, 0x0F, 0x00, 0x11, 0x00, 0x12, 0x00,
        0x0F, 0x00, 0x00, 0xFF, 0xF5, 0xFF, 0xF4, 0xFF, 0xF4, 0xFF, 0xF5, 0xFF, 0xF6, 0xFF, 0xF8, 0xFF,
        0xF8, 0xFF, 0xFB, 0xFF, 0xFE, 0xFF, 0xFF, 0x00, 0x00, 0x00, 0x02, 0x00, 0x02, 0x00, 0x02, 0x00,
        0x04, 0x00, 0x04, 0x00, 0x07, 0x00, 0x08, 0x00, 0x09, 0x00, 0x0A, 0x00, 0x0B, 0x00, 0x0E, 0x00,
        0x10, 0x00, 0x10, 0x00, 0x14, 0x00, 0x14, 0x00, 0x14, 0x00, 0x17, 0x00, 0x14, 0x00, 0x15, 0x00,
        0x14, 0x00, 0x10, 0x00, 0x12, 0x00, 0x11, 0x00, 0x10, 0x00, 0x0E, 0x00, 0x0B, 0x00, 0x08, 0x00,
        0x07, 0x00, 0x04, 0x00, 0x01, 0x00, 0x01, 0xFF, 0xFF, 0xFF, 0xFC, 0xFF, 0xF9, 0xFF, 0xFB, 0xFF,
        0xFC, 0xFF, 0xF9, 0xFF, 0xFB, 0xFF, 0xF8, 0xFF, 0xFA, 0xFF, 0xF9, 0xFF, 0xFA, 0x00, 0x00, 0x00,
        0x00, 0x02, 0x00, 0x82, 0xFF, 0xF7, 0x02, 0x4E, 0x02, 0xC7, 0x00, 0x40, 0x00, 0x86, 0x00, 0x00,
        0x01, 0x01, 0x01, 0x01, 0x01, 0x01, 0x01, 0x01, 0x01, 0x01, 0x01, 0x01, 0x01, 0x01, 0x01, 0x01,
        0x01, 0x01, 0x01, 0x01, 0x01, 0x01, 0x01, 0x01, 0x01, 0x01, 0x01, 0x01, 0x01, 0x01, 0x01, 0x01,
        0x01, 0x01, 0x01, 0x01, 0x01, 0x01, 0x01, 0x01, 0x01, 0x01, 0x01, 0x01, 0x01, 0x01, 0x01, 0x01,
        0x01, 0x01, 0x01, 0x01, 0x01, 0x01, 0x01, 0x01, 0x01, 0x01, 0x01, 0x01, 0x01, 0x01, 0x01, 0x01,
        0x01, 0x01, 0x01, 0x01, 0x01, 0x01, 0x01, 0x01, 0x01, 0x01, 0x01, 0x01, 0x01, 0x01, 0x01, 0x01,
        0x01, 0x01, 0x01, 0x01, 0x01, 0x01, 0x01, 0x01, 0x01, 0x01, 0x01, 0x01, 0x01, 0x01, 0x01, 0x01,
        0x01, 0x01, 0x01, 0x01, 0x01, 0x01, 0x01, 0x01, 0x01, 0x01, 0x01, 0x01, 0x01, 0x01, 0x01, 0x01,
        0x01, 0x01, 0x01, 0x01, 0x01, 0x01, 0x01, 0x01, 0x01, 0x01, 0x01, 0x01, 0x01, 0x01, 0x01, 0x01,
        0x01, 0x01, 0x01, 0x01, 0x01, 0x01, 0x01, 0x01, 0x5B, 0xFF, 0xF2, 0xFF, 0xF3, 0xFF, 0xF4, 0xFF,
        0xF2, 0xFF, 0xF6, 0xFF, 0xF4, 0xFF, 0xF6, 0xFF, 0xF6, 0xFF, 0xF8, 0xFF, 0xF9, 0xFF, 0xFA, 0xFF,
        0xFA, 0xFF, 0xFB, 0xFF, 0xFD, 0xFF, 0xFE, 0xFF, 0xFF, 0x00, 0x00, 0x00, 0x02, 0x00, 0x03, 0x00,
        0x03, 0x00, 0x06, 0x00, 0x05, 0x00, 0x07, 0x00, 0x08, 0x00, 0x09, 0x00, 0x09, 0x00, 0x0B, 0x00,
        0x0A, 0x00, 0x0E, 0x00, 0x0C, 0x00, 0x0D, 0x00, 0x0E, 0x00, 0x0E, 0x00, 0x11, 0x00, 0x0C, 0x00,
        0x0E, 0x00, 0x0B, 0x00, 0x0C, 0x00, 0x0A, 0x00, 0x0A, 0x00, 0x08, 0x00, 0x08, 0x00, 0x06, 0x00,
        0x06, 0x00, 0x04, 0x00, 0x04, 0x00, 0x02, 0x00, 0x01, 0x00, 0x00, 0xFF, 0xFF, 0xFF, 0xFD, 0xFF,
        0xFC, 0xFF, 0xFB, 0xFF, 0xFB, 0xFF, 0xF8, 0xFF, 0xF8, 0xFF, 0xF7, 0xFF, 0xF6, 0xFF, 0xF5, 0xFF,
        0xF6, 0xFF, 0xF3, 0xFF, 0xF4, 0xFF, 0xF0, 0xFF, 0xF3, 0x00, 0x8A, 0x00, 0x65, 0x00, 0x00, 0xFF,
        0x9B, 0x00, 0x00, 0xFF, 0xFE, 0xFF, 0xF6, 0xFF, 0xF3, 0xFF, 0xF7, 0xFF, 0xF3, 0xFF, 0xF2, 0xFF,
        0xEF, 0xFF, 0xF1, 0xFF, 0xEE, 0xFF, 0xEE, 0xFF, 0xEE, 0xFF, 0xEF, 0xFF, 0xEF, 0xFF, 0xF0, 0xFF,
        0xEE, 0xFF, 0xF2, 0xFF, 0xF0, 0xFF, 0xF3, 0xFF, 0xF5, 0xFF, 0xF5, 0xFF, 0xF4, 0xFF, 0xF6, 0xFF,
        0xF6, 0xFF, 0xF8, 0xFF, 0xF8, 0xFF, 0xF9, 0xFF, 0xFA, 0xFF, 0xFA, 0xFF, 0xFC, 0xFF, 0xFD, 0xFF,
        0xFD, 0xFF, 0xFF, 0xFF, 0xFF, 0x00, 0x01, 0x00, 0x02, 0x00, 0x02, 0x00, 0x04, 0x00, 0x04, 0x00,
        0x06, 0x00, 0x06, 0x00, 0x07, 0x00, 0x08, 0x00, 0x08, 0x00, 0x0A, 0x00, 0x0A, 0x00, 0x0C, 0x00,
        0x0B, 0x00, 0x0C, 0x00, 0x0C, 0x00, 0x10, 0x00, 0x0E, 0x00, 0x0F, 0x00, 0x0F, 0x00, 0x14, 0x00,
        0x11, 0x00, 0x10, 0x00, 0x0F, 0x00, 0x0F, 0x00, 0x0F, 0x00, 0x0F, 0x00, 0x11, 0x00, 0x0D, 0x00,
        0x10, 0x00, 0x0E, 0x00, 0x0B, 0x00, 0x45, 0x00, 0x00, 0x00, 0x02, 0x00, 0x03, 0x00, 0x06, 0x00,
        0x06, 0x00, 0x08, 0x00, 0x09, 0x00, 0x0B, 0x00, 0x0C, 0x00, 0x0D, 0x00, 0x0E, 0x00, 0x11, 0x00,
        0x12, 0x00, 0x13, 0x00, 0x12, 0x00, 0x13, 0x00, 0x12, 0x00, 0x13, 0x00, 0x12, 0x00, 0x0F, 0x00,
        0x12, 0x00, 0x0E, 0x00, 0x0D, 0x00, 0x0D, 0x00, 0x0B, 0x00, 0x08, 0x00, 0x09, 0x00, 0x06, 0x00,
        0x06, 0x00, 0x03, 0x00, 0x02, 0x00, 0x01, 0xFF, 0xFF, 0xFF, 0xFE, 0xFF, 0xFD, 0xFF, 0xFB, 0xFF,
        0xFB, 0xFF, 0xF9, 0xFF, 0xF8, 0xFF, 0xF6, 0xFF, 0xF5, 0xFF, 0xF4, 0xFF, 0xF4, 0xFF, 0xF0, 0xFF,
        0xF2, 0xFF, 0xEE, 0xFF, 0xF0, 0xFF, 0xED, 0xFF, 0xEA, 0xFF, 0xEE, 0xFF, 0xED, 0xFF, 0xED, 0xFF,
        0xEE, 0xFF, 0xF2, 0xFF, 0xF0, 0xFF, 0xF3, 0xFF, 0xF5, 0xFF, 0xF5, 0xFF, 0xF7, 0xFF, 0xFA, 0xFF,
        0xFA, 0xFF, 0xFC, 0xFF, 0xFD, 0xFF, 0xFF, 0xFF, 0xBB, 0x00, 0x00, 0x02, 0xC7, 0x00, 0x00, 0xFE,
        0xEE, 0x00, 0x00, 0x00, 0x0C, 0x00, 0x0C, 0x00, 0x07, 0x00, 0x07, 0x00, 0x07, 0x00, 0x06, 0x00,
        0x04, 0x00, 0x03, 0x00, 0x02, 0x00, 0x01, 0xFF, 0xFF, 0xFF, 0xFF, 0xFF, 0xFD, 0xFF, 0xFB, 0xFF,
        0xFB, 0xFF, 0xF8, 0xFF, 0xF9, 0xFF, 0xF7, 0xFF, 0xF7, 0xFF, 0xF5, 0xFF, 0xF5, 0xFF, 0xF2, 0xFF,
        0xF4, 0xFF, 0xF1, 0xFF, 0xF0, 0xFF, 0xEF, 0xFF, 0xEE, 0xFF, 0xEE, 0xFF, 0xEE, 0xFF, 0xED, 0xFF,
        0xED, 0xFF, 0xED, 0xFF, 0xED, 0xFF, 0xED, 0xFF, 0xED, 0xFF, 0xEE, 0xFF, 0xEE, 0xFF, 0xEF, 0xFF,
        0xF0, 0xFF, 0xF2, 0xFF, 0xF1, 0xFF, 0xF4, 0xFF, 0xF3, 0xFF, 0xF5, 0xFF, 0xF4, 0xFF, 0xF7, 0xFF,
        0xF8, 0xFF, 0xF9, 0xFF, 0xF8, 0xFF, 0xFB, 0xFF, 0xFB, 0xFF, 0xFD, 0xFF, 0xFD, 0xFF, 0xFF, 0x00,
        0x00, 0x00, 0x02, 0x00, 0x03, 0x00, 0x04, 0x00, 0x05, 0x00, 0x08, 0x00, 0x07, 0x00, 0x0A, 0x00,
        0x0B, 0x00, 0x0A, 0x00, 0x00, 0x02, 0x00, 0x85, 0xFF, 0xF7, 0x02, 0x32, 0x02, 0x0F, 0x00, 0x70,
        0x00, 0x91, 0x00, 0x00, 0x01, 0x01, 0x01, 0x01, 0x01, 0x01, 0x01, 0x01, 0x01, 0x01, 0x01, 0x01,
        0x01, 0x01, 0x01, 0x01, 0x01, 0x01, 0x01, 0x01, 0x01, 0x01, 0x01, 0x01, 0x01, 0x01, 0x01, 0x01,
        0x01, 0x01, 0x01, 0x01, 0x01, 0x01, 0x01, 0x01, 0x01, 0x01, 0x01, 0x01, 0x01, 0x01, 0x01, 0x01,
        0x01, 0x01, 0x01, 0x01, 0x01, 0x01, 0x01, 0x01, 0x01, 0x01, 0x01, 0x01, 0x01, 0x01, 0x01, 0x01,
        0x01, 0x01, 0x01, 0x01, 0x01, 0x01, 0x01, 0x01, 0x01, 0x01, 0x01, 0x01, 0x01, 0x01, 0x01, 0x01,
        0x01, 0x01, 0x01, 0x01, 0x01, 0x01, 0x01, 0x01, 0x01, 0x01, 0x01, 0x01, 0x01, 0x01, 0x01, 0x01,
        0x01, 0x01, 0x01, 0x01, 0x01, 0x01, 0x01, 0x01, 0x01, 0x01, 0x01, 0x01, 0x01, 0x01, 0x01, 0x01,
        0x01, 0x01, 0x01, 0x01, 0x01, 0x01, 0x01, 0x01, 0x01, 0x01, 0x01, 0x01, 0x01, 0x01, 0x01, 0x01,
        0x01, 0x01, 0x01, 0x01, 0x01, 0x01, 0x01, 0x01, 0x01, 0x01, 0x01, 0x01, 0x01, 0x01, 0x01, 0x01,
        0x01, 0x01, 0x01, 0x01, 0x01, 0x01, 0x02, 0x32, 0xFF, 0xFF, 0xFF, 0xFF, 0xFF, 0xFD, 0xFF, 0xFB,
        0xFF, 0xF9, 0xFF, 0xF8, 0xFF, 0xF5, 0xFF, 0xF5, 0xFF, 0xF2, 0xFF, 0xF0, 0xFF, 0xEE, 0xFF, 0xEC,
        0xFF, 0xEA, 0xFF, 0xEB, 0xFF, 0xE6, 0xFF, 0xE8, 0xFF, 0xF2, 0xFF, 0xEF, 0xFF, 0xF3, 0xFF, 0xF0,
        0xFF, 0xF5, 0xFF, 0xF1, 0xFF, 0xF3, 0xFF, 0xF3, 0xFF, 0xF4, 0xFF, 0xF5, 0xFF, 0xF6, 0xFF, 0xF6,
        0xFF, 0xF7, 0xFF, 0xF7, 0xFF, 0xF8, 0xFF, 0xF9, 0xFF, 0xFA, 0xFF, 0xF9, 0xFF, 0xFC, 0xFF, 0xFB,
        0xFF, 0xFC, 0xFF, 0xFD, 0xFF, 0xFE, 0xFF, 0xFF, 0xFF, 0xFF, 0x00, 0x01, 0x00, 0x01, 0x00, 0x03,
        0x00, 0x02, 0x00, 0x05, 0x00, 0x05, 0x00, 0x05, 0x00, 0x06, 0x00, 0x07, 0x00, 0x07, 0x00, 0x08,
        0x00, 0x09, 0x00, 0x09, 0x00, 0x0A, 0x00, 0x0B, 0x00, 0x0C, 0x00, 0x0C, 0x00, 0x0C, 0x00, 0x0B,
        0x00, 0x0E, 0x00, 0x0F, 0x00, 0x0F, 0x00, 0x0D, 0x00, 0x10, 0x00, 0x11, 0x00, 0x13, 0x00, 0x12,
        0x00, 0x13, 0x00, 0x10, 0x00, 0x0F, 0x00, 0x0F, 0x00, 0x0E, 0x00, 0x0B, 0x00, 0x0A, 0x00, 0x0A,
        0x00, 0x09, 0x00, 0x07, 0x00, 0x07, 0x00, 0x06, 0x00, 0x03, 0x00, 0x03, 0x00, 0x01, 0x00, 0x01,
        0xFF, 0x9F, 0xFF, 0xFE, 0xFF, 0xFB, 0xFF, 0xFC, 0xFF, 0xF8, 0xFF, 0xF9, 0xFF, 0xF7, 0xFF, 0xF7,
        0xFF, 0xF3, 0xFF, 0xE7, 0xFF, 0xF6, 0xFF, 0xF3, 0xFF, 0xF7, 0xFF, 0xF4, 0xFF, 0xF7, 0xFF, 0xF6,
        0xFF, 0xF1, 0xFF, 0xF9, 0xFF, 0xF7, 0xFF, 0xF9, 0xFF, 0xFA, 0xFF, 0xFA, 0xFF, 0xFC, 0xFF, 0xFB,
        0xFF, 0xFD, 0xFF, 0xFB, 0xFF, 0xFE, 0x00, 0x00, 0x00, 0x05, 0x00, 0x01, 0x00, 0x03, 0x00, 0x03,
        0x00, 0x04, 0x00, 0x05, 0x00, 0x07, 0x00, 0x05, 0x00, 0x09, 0x00, 0x07, 0x00, 0x0A, 0x00, 0x0A,
        0x00, 0x0B, 0x00, 0x0C, 0x00, 0x0C, 0x00, 0x0C, 0x00, 0x0D, 0x00, 0x0A, 0x00, 0x0D, 0x00, 0x0C,
        0x00, 0x0B, 0x00, 0x0B, 0x00, 0x0B, 0x00, 0x09, 0x00, 0x06, 0x00, 0x08, 0x00, 0x05, 0x00, 0x06,
        0x00, 0x04, 0x00, 0x04, 0x00, 0x02, 0x00, 0x02, 0x00, 0x01, 0x00, 0xEE, 0x00, 0x2B, 0x00, 0x1C,
        0x00, 0x1F, 0x00, 0x19, 0x00, 0x1B, 0x00, 0x17, 0x00, 0x14, 0x00, 0x13, 0x00, 0x11, 0x00, 0x0F,
        0x00, 0x0D, 0x00, 0x0A, 0x00, 0x09, 0x00, 0x05, 0x00, 0x03, 0x00, 0x01, 0x00, 0x00, 0xFF, 0xFF,
        0xFF, 0xFE, 0xFF, 0xFD, 0xFF, 0xFC, 0xFF, 0xFB, 0xFF, 0xFA, 0xFF, 0xF9, 0xFF, 0xF9, 0xFF, 0xF7,
        0xFF, 0xF7, 0xFF, 0xF6, 0xFF, 0xF5, 0xFF, 0xF4, 0xFF, 0xF4, 0xFF, 0xF3, 0xFF, 0xF2, 0xFF, 0xEF,
        0xFF, 0xF1, 0xFF, 0xED, 0xFF, 0xF0, 0xFF, 0xEC, 0xFF, 0xEC, 0xFF, 0xEA, 0xFF, 0xEB, 0xFF, 0xED,
        0xFF, 0xEE, 0xFF, 0xEC, 0xFF, 0xEF, 0xFF, 0xED, 0xFF, 0xEE, 0xFF, 0xF1, 0xFF, 0xF2, 0xFF, 0xF3,
        0xFF, 0xF4, 0xFF, 0xF4, 0xFF, 0xF5, 0xFF, 0xF5, 0xFF, 0xF7, 0xFF, 0xF7, 0xFF, 0xF8, 0xFF, 0xF8,
        0xFF, 0xFA, 0xFF, 0xFB, 0xFF, 0xFB, 0xFF, 0xFC, 0xFF, 0xFC, 0xFF, 0xFE, 0xFF, 0xFF, 0xFF, 0xFF,
        0x00, 0x00, 0x00, 0x01, 0x00, 0x03, 0x00, 0x03, 0x00, 0x04, 0x00, 0x05, 0x00, 0x07, 0x00, 0x06,
        0x00, 0x06, 0x00, 0x08, 0x00, 0x09, 0x00, 0x09, 0x00, 0x0B, 0x00, 0x0B, 0x00, 0x0A, 0x00, 0x0A,
        0x00, 0x0B, 0x00, 0x0B, 0x00, 0x00, 0xFF, 0xF9, 0xFF, 0xF8, 0xFF, 0xFC, 0xFF, 0xFA, 0xFF, 0xFC,
        0xFF, 0xFD, 0xFF, 0xFE, 0xFF, 0xFE, 0x00, 0x00, 0x00, 0x00, 0x00, 0x02, 0x00, 0x02, 0x00, 0x04,
        0x00, 0x03, 0x00, 0x05, 0x00, 0x0A, 0x00, 0x05, 0x00, 0x08, 0x00, 0x09, 0x00, 0x07, 0x00, 0x0A,
        0x00, 0x08, 0x00, 0x0B, 0x00, 0x09, 0x00, 0x13, 0x00, 0x18, 0x00, 0x16, 0x00, 0x5A, 0x00, 0x0A,
        0x00, 0x0E, 0x00, 0x09, 0x00, 0x0C, 0x00, 0x09, 0x00, 0x0B, 0x00, 0x07, 0x00, 0x09, 0x00, 0x06,
        0x00, 0x07, 0x00, 0x06, 0x00, 0x05, 0x00, 0x04, 0x00, 0x03, 0x00, 0x02, 0x00, 0x01, 0xFF, 0xFF,
        0xFF, 0xFF, 0xFF, 0xFD, 0xFF, 0xFC, 0xFF, 0xFB, 0xFF, 0xFA, 0xFF, 0xF9, 0xFF, 0xFA, 0xFF, 0xF7,
        0xFF, 0xF8, 0xFF, 0xF6, 0xFF, 0xF7, 0xFF, 0xF4, 0xFF, 0xF6, 0xFF, 0xF2, 0xFF, 0xF6, 0x00, 0x00,
        0x00, 0x01, 0x00, 0xB1, 0x00, 0x00, 0x02, 0x08, 0x02, 0xC8, 0x00, 0x28, 0x00, 0x00, 0x01, 0x01,
        0x01, 0x01, 0x01, 0x01, 0x01, 0x01, 0x01, 0x01, 0x01, 0x01, 0x01, 0x01, 0x01, 0x01, 0x01, 0x01,
        0x01, 0x01, 0x01, 0x01, 0x01, 0x01, 0x01, 0x01, 0x01, 0x01, 0x01, 0x01, 0x01, 0x01, 0x01, 0x01,
        0x01, 0x01, 0x01, 0x01, 0x01, 0x01, 0x01, 0x01, 0x8B, 0x00, 0x00, 0x00, 0x02, 0x00, 0x01, 0x00,
        0x03, 0x00, 0x03, 0x00, 0x03, 0x00, 0x06, 0x00, 0x07, 0x00, 0x09, 0x00, 0x0D, 0x00, 0x0C, 0x00,
        0x11, 0x00, 0x11, 0x00, 0x20, 0x00, 0x00, 0xFF, 0xCD, 0xFF, 0xF2, 0xFF, 0xEC, 0xFF, 0xEB, 0xFF,
        0xED, 0xFF, 0xEF, 0xFF, 0xF1, 0xFF, 0xF3, 0xFF, 0xF5, 0xFF, 0xFA, 0xFF, 0xFB, 0xFF, 0xF8, 0xFF,
        0xF9, 0xFF, 0xFB, 0xFF, 0xFD, 0xFF, 0xFF, 0x00, 0x00, 0xFF, 0x81, 0x00, 0x00, 0x00, 0x7F, 0x00,
        0x00, 0x00, 0x5B, 0x00, 0x00, 0x00, 0x7D, 0x00, 0x00, 0x01, 0xEA, 0x00, 0x28, 0x00, 0x1C, 0x00,
        0x0B, 0x00, 0x0B, 0x00, 0x09, 0x00, 0x08, 0x00, 0x08, 0x00, 0x07, 0x00, 0x06, 0x00, 0x05, 0x00,
        0x02, 0x00, 0x02, 0x00, 0x01, 0x00, 0x00, 0x00, 0x54, 0x00, 0x00, 0x00, 0x00, 0xFF, 0xFE, 0xFF,
        0xFC, 0xFF, 0xFA, 0xFF, 0xF8, 0xFF, 0xF6, 0xFF, 0xF4, 0xFF, 0xF3, 0xFF, 0xF7, 0xFF, 0xF7, 0xFF,
        0xEF, 0xFF, 0xEB, 0xFF, 0xE8, 0xFF, 0xE7, 0xFF, 0xE8, 0xFF, 0xDA, 0x00, 0x00, 0xFF, 0xAC, 0x00,
        0x00, 0xFE, 0x6A, 0x00, 0x00, 0x01, 0x96, 0x00, 0x00, 0x00, 0x54, 0x00, 0x00, 0x02, 0x00, 0x8B,
        0xFF, 0x58, 0x02, 0x3E, 0x01, 0xF0, 0x00, 0x40, 0x00, 0xC6, 0x00, 0x00, 0x01, 0x01, 0x01, 0x01,
        0x01, 0x01, 0x01, 0x01, 0x01, 0x01, 0x01, 0x01, 0x01, 0x01, 0x01, 0x01, 0x01, 0x01, 0x01, 0x01,
        0x01, 0x01, 0x01, 0x01, 0x01, 0x01, 0x01, 0x01, 0x01, 0x01, 0x01, 0x01, 0x01, 0x01, 0x01, 0x01,
        0x01, 0x01, 0x01, 0x01, 0x01, 0x01, 0x01, 0x01, 0x01, 0x01, 0x01, 0x01, 0x01, 0x01, 0x01, 0x01,
        0x01, 0x01, 0x01, 0x01, 0x01, 0x01, 0x01, 0x01, 0x01, 0x01, 0x01, 0x01, 0x01, 0x01, 0x01, 0x01,
        0x01, 0x01, 0x01, 0x01, 0x01, 0x01, 0x01, 0x01, 0x01, 0x01, 0x01, 0x01, 0x01, 0x01, 0x01, 0x01,
        0x01, 0x01, 0x01, 0x01, 0x01, 0x01, 0x01, 0x01, 0x01, 0x01, 0x01, 0x01, 0x01, 0x01, 0x01, 0x01,
        0x01, 0x01, 0x01, 0x01, 0x01, 0x01, 0x01, 0x01, 0x01, 0x01, 0x01, 0x01, 0x01, 0x01, 0x01, 0x01,
        0x01, 0x01, 0x01, 0x01, 0x01, 0x01, 0x01, 0x01, 0x01, 0x01, 0x01, 0x01, 0x01, 0x01, 0x01, 0x01,
        0x01, 0x01, 0x01, 0x01, 0x01, 0x01, 0x01, 0x01, 0x01, 0x01, 0x01, 0x01, 0x01, 0x01, 0x01, 0x01,
        0x01, 0x01, 0x01, 0x01, 0x01, 0x01, 0x01, 0x01, 0x01, 0x01, 0x01, 0x01, 0x01, 0x01, 0x01, 0x01,
        0x01, 0x01, 0x01, 0x01, 0x01, 0x01, 0x01, 0x01, 0x01, 0x01, 0x01, 0x01, 0x01, 0x01, 0x01, 0x01,
        0x01, 0x01, 0x01, 0x01, 0x01, 0x01, 0x01, 0x01, 0x01, 0x01, 0x01, 0x01, 0x01, 0x01, 0x01, 0x01,
        0x01, 0x01, 0x01, 0x01, 0x5D, 0xFF, 0xF2, 0xFF, 0xF2, 0xFF, 0xF4, 0xFF, 0xF4, 0xFF, 0xF6, 0xFF,
        0xF7, 0xFF, 0xF7, 0xFF, 0xF7, 0xFF, 0xFA, 0xFF, 0xF9, 0xFF, 0xFA, 0xFF, 0xFB, 0xFF, 0xFD, 0xFF,
        0xFD, 0xFF, 0xFE, 0xFF, 0xFF, 0x00, 0x00, 0x00, 0x01, 0x00, 0x02, 0x00, 0x03, 0x00, 0x04, 0x00,
        0x05, 0x00, 0x06, 0x00, 0x07, 0x00, 0x09, 0x00, 0x08, 0x00, 0x08, 0x00, 0x0A, 0x00, 0x0B, 0x00,
        0x0C, 0x00, 0x0D, 0x00, 0x0E, 0x00, 0x0F, 0x00, 0x0E, 0x00, 0x0C, 0x00, 0x0C, 0x00, 0x0B, 0x00,
        0x09, 0x00, 0x09, 0x00, 0x0A, 0x00, 0x07, 0x00, 0x07, 0x00, 0x06, 0x00, 0x06, 0x00, 0x04, 0x00,
        0x03, 0x00, 0x02, 0x00, 0x01, 0x00, 0x00, 0xFF, 0xFF, 0xFF, 0xFE, 0xFF, 0xFD, 0xFF, 0xFC, 0xFF,
        0xFB, 0xFF, 0xFA, 0xFF, 0xF8, 0xFF, 0xF8, 0xFF, 0xF8, 0xFF, 0xF5, 0xFF, 0xF6, 0xFF, 0xF5, 0xFF,
        0xF5, 0xFF, 0xF3, 0xFF, 0xF2, 0x00, 0xDD, 0xFF, 0x9C, 0x00, 0x00, 0xFF, 0xFE, 0x00, 0x01, 0xFF,
        0xF8, 0xFF, 0xF5, 0xFF, 0xF6, 0xFF, 0xF6, 0xFF, 0xF2, 0xFF, 0xF1, 0xFF, 0xF1, 0xFF, 0xF0, 0xFF,
        0xF1, 0xFF, 0xEE, 0xFF, 0xEF, 0xFF, 0xEF, 0xFF, 0xF0, 0xFF, 0xF1, 0xFF, 0xF2, 0xFF, 0xF0, 0xFF,
        0xF3, 0xFF, 0xF5, 0xFF, 0xF5, 0xFF, 0xF6, 0xFF, 0xF6, 0xFF, 0xF8, 0xFF, 0xF8, 0xFF, 0xF9, 0xFF,
        0xF9, 0xFF, 0xFB, 0xFF, 0xFB, 0xFF, 0xFC, 0xFF, 0xFD, 0xFF, 0xFD, 0xFF, 0xFF, 0xFF, 0xFF, 0x00,
        0x01, 0x00, 0x01, 0x00, 0x02, 0x00, 0x03, 0x00, 0x04, 0x00, 0x04, 0x00, 0x06, 0x00, 0x05, 0x00,
        0x08, 0x00, 0x07, 0x00, 0x08, 0x00, 0x09, 0x00, 0x0A, 0x00, 0x0A, 0x00, 0x0B, 0x00, 0x0C, 0x00,
        0x0F, 0x00, 0x0E, 0x00, 0x0F, 0x00, 0x0F, 0x00, 0x10, 0x00, 0x11, 0x00, 0x11, 0x00, 0x12, 0x00,
        0x0E, 0x00, 0x0D, 0x00, 0x0D, 0x00, 0x0C, 0x00, 0x0C, 0x00, 0x0E, 0x00, 0x1D, 0xFF, 0xFF, 0xFF,
        0xFF, 0xFF, 0xFD, 0xFF, 0xFB, 0xFF, 0xFC, 0xFF, 0xFC, 0xFF, 0xFA, 0xFF, 0xFB, 0xFF, 0xF9, 0xFF,
        0xF9, 0xFF, 0xF7, 0xFF, 0xF5, 0xFF, 0xF3, 0xFF, 0xEE, 0xFF, 0xEC, 0xFF, 0xEC, 0xFF, 0xF0, 0xFF,
        0xF3, 0xFF, 0xF3, 0xFF, 0xF4, 0xFF, 0xF8, 0xFF, 0xF9, 0xFF, 0xFB, 0xFF, 0xFC, 0xFF, 0xFE, 0x00,
        0x00, 0xFF, 0x9C, 0x00, 0x00, 0x00, 0x01, 0x00, 0x03, 0x00, 0x06, 0x00, 0x06, 0x00, 0x09, 0x00,
        0x0A, 0x00, 0x0C, 0x00, 0x0A, 0x00, 0x0E, 0x00, 0x0F, 0x00, 0x0F, 0x00, 0x0F, 0x00, 0x13, 0x00,
        0x13, 0x00, 0x15, 0x00, 0x16, 0x00, 0x16, 0x00, 0x16, 0x00, 0x12, 0x00, 0x12, 0x00, 0x11, 0x00,
        0x0F, 0x00, 0x0D, 0x00, 0x0C, 0x00, 0x09, 0x00, 0x0A, 0x00, 0x08, 0x00, 0x0A, 0x00, 0x07, 0x00,
        0x07, 0x00, 0x06, 0x00, 0x06, 0x00, 0x05, 0x00, 0x03, 0x00, 0x03, 0x00, 0x03, 0x00, 0x01, 0x00,
        0x02, 0x00, 0x64, 0x00, 0x00, 0x00, 0x02, 0x00, 0x03, 0x00, 0x04, 0x00, 0x05, 0x00, 0x06, 0x00,
        0x07, 0x00, 0x0A, 0x00, 0x08, 0x00, 0x0C, 0x00, 0x0D, 0x00, 0x0D, 0x00, 0x0F, 0x00, 0x11, 0x00,
        0x10, 0x00, 0x13, 0x00, 0x13, 0x00, 0x12, 0x00, 0x13, 0x00, 0x0F, 0x00, 0x0E, 0x00, 0x0E, 0x00,
        0x0D, 0x00, 0x0C, 0x00, 0x0B, 0x00, 0x07, 0x00, 0x07, 0x00, 0x06, 0x00, 0x05, 0x00, 0x03, 0x00,
        0x03, 0x00, 0x01, 0xFF, 0xFF, 0xFF, 0xFF, 0xFF, 0xFD, 0xFF, 0xFD, 0xFF, 0xFB, 0xFF, 0xFA, 0xFF,
        0xFA, 0xFF, 0xF6, 0xFF, 0xF8, 0xFF, 0xF5, 0xFF, 0xF3, 0xFF, 0xF3, 0xFF, 0xF2, 0xFF, 0xF2, 0xFF,
        0xF0, 0xFF, 0xEE, 0xFF, 0xED, 0xFF, 0xED, 0xFF, 0xEE, 0xFF, 0xEE, 0xFF, 0xF1, 0xFF, 0xF2, 0xFF,
        0xF2, 0xFF, 0xF4, 0xFF, 0xF5, 0xFF, 0xF8, 0xFF, 0xF7, 0xFF, 0xFA, 0xFF, 0xFB, 0xFF, 0xFC, 0xFF,
        0xFE, 0xFF, 0xFF, 0x01, 0x83, 0x00, 0x00, 0xFF, 0xD4, 0x00, 0x00, 0x00, 0x00, 0x00, 0x09, 0x00,
        0x0A, 0x00, 0x07, 0x00, 0x06, 0x00, 0x07, 0x00, 0x05, 0x00, 0x04, 0x00, 0x02, 0x00, 0x02, 0x00,
        0x01, 0x00, 0x00, 0xFF, 0xFE, 0xFF, 0xFD, 0xFF, 0xFD, 0xFF, 0xFB, 0xFF, 0xF9, 0xFF, 0xF9, 0xFF,
        0xF8, 0xFF, 0xF7, 0xFF, 0xF7, 0xFF, 0xF6, 0xFF, 0xF5, 0xFF, 0xF4, 0xFF, 0xF3, 0xFF, 0xF3, 0xFF,
        0xF3, 0xFF, 0xF2, 0xFF, 0xEE, 0xFF, 0xF1, 0xFF, 0xED, 0xFF, 0xF0, 0xFF, 0xEC, 0xFF, 0xED, 0xFF,
        0xF0, 0xFF, 0xED, 0xFF, 0xF1, 0xFF, 0xEE, 0xFF, 0xF1, 0xFF, 0xEF, 0xFF, 0xF3, 0xFF, 0xF1, 0xFF,
        0xF4, 0xFF, 0xF5, 0xFF, 0xF5, 0xFF, 0xF6, 0xFF, 0xF7, 0xFF, 0xF8, 0xFF, 0xF8, 0xFF, 0xF8, 0xFF,
        0xFB, 0xFF, 0xFC, 0xFF, 0xFC, 0xFF, 0xFE, 0xFF, 0xFF, 0x00, 0x00, 0x00, 0x02, 0x00, 0x02, 0x00,
        0x03, 0x00, 0x04, 0x00, 0x05, 0x00, 0x06, 0x00, 0x09, 0x00, 0x15, 0xFF, 0xA9, 0xFF, 0xED, 0xFF,
        0xF2, 0xFF, 0xF2, 0xFF, 0xF9, 0xFF, 0xFB, 0xFF, 0xFA, 0xFF, 0xFC, 0xFF, 0xFC, 0xFF, 0xFD, 0xFF,
        0xFD, 0xFF, 0xFD, 0xFF, 0xFE, 0xFF, 0xFE, 0xFF, 0xFF, 0x00, 0x00, 0x00, 0x00, 0x00, 0x02, 0x00,
        0x02, 0x00, 0x04, 0x00, 0x04, 0x00, 0x05, 0x00, 0x07, 0x00, 0x08, 0x00, 0x09, 0x00, 0x07, 0x00,
        0x00, 0xFF, 0xEE, 0xFF, 0xF2, 0xFF, 0xF3, 0xFF, 0xF2, 0xFF, 0xF6, 0xFF, 0xF5, 0xFF, 0xF7, 0xFF,
        0xF8, 0xFF, 0xFA, 0xFF, 0xFB, 0xFF, 0xFB, 0xFF, 0xFD, 0xFF, 0xFD, 0xFF, 0xFE, 0xFF, 0xFE, 0x00,
        0x00, 0x00, 0x00, 0x00, 0x01, 0x00, 0x02, 0x00, 0x02, 0x00, 0x03, 0x00, 0x04, 0x00, 0x05, 0x00,
        0x05, 0x00, 0x06, 0x00, 0x05, 0x00, 0x07, 0x00, 0x07, 0x00, 0x09, 0x00, 0x07, 0x00, 0x0B, 0x00,
        0x09, 0x00, 0x0C, 0x00, 0x0B, 0x00, 0x0B, 0x00, 0x0C, 0x00, 0x0D, 0x00, 0x0D, 0x00, 0x1E, 0x00,
        0x00, 0x01, 0x00, 0x94, 0x00, 0x00, 0x02, 0x1F, 0x02, 0xCD, 0x00, 0x38, 0x00, 0x00, 0x01, 0x01,
        0x01, 0x01, 0x01, 0x01, 0x01, 0x01, 0x01, 0x01, 0x01, 0x01, 0x01, 0x01, 0x01, 0x01, 0x01, 0x01,
        0x01, 0x01, 0x01, 0x01, 0x01, 0x01, 0x01, 0x01, 0x01, 0x01, 0x01, 0x01, 0x01, 0x01, 0x01, 0x01,
        0x01, 0x01, 0x01, 0x01, 0x01, 0x01, 0x01, 0x01, 0x01, 0x01, 0x01, 0x01, 0x01, 0x01, 0x01, 0x01,
        0x01, 0x01, 0x01, 0x01, 0x01, 0x01, 0x01, 0x00, 0xF8, 0xFF, 0x9C, 0x00, 0x00, 0x00, 0x64, 0x00,
        0x00, 0x00, 0x01, 0x00, 0x01, 0x00, 0x02, 0x00, 0x03, 0x00, 0x06, 0x00, 0x07, 0x00, 0x06, 0x00,
        0x05, 0x00, 0x0B, 0x00, 0x07, 0x00, 0x07, 0x00, 0x11, 0x00, 0x14, 0x00, 0x13, 0x00, 0x0F, 0x00,
        0x10, 0x00, 0x0A, 0x00, 0x0C, 0x00, 0x09, 0x00, 0x07, 0x00, 0x06, 0x00, 0x04, 0x00, 0x03, 0x00,
        0x01, 0x00, 0x00, 0x00, 0x64, 0x00, 0x00, 0xFF, 0xFF, 0xFF, 0xFF, 0xFF, 0xFE, 0xFF, 0xFD, 0xFF,
        0xFC, 0xFF, 0xFB, 0xFF, 0xFB, 0xFF, 0xFA, 0xFF, 0xFA, 0xFF, 0xF5, 0xFF, 0xF5, 0xFF, 0xF2, 0xFF,
        0xF2, 0xFF, 0xF0, 0xFF, 0xEF, 0xFF, 0xEE, 0xFF, 0xEC, 0xFF, 0xEB, 0xFF, 0xEE, 0xFF, 0xEB, 0xFF,
        0xEE, 0xFF, 0xED, 0xFF, 0xF0, 0xFF, 0xF1, 0xFF, 0xF3, 0x02, 0xCD, 0x00, 0x00, 0xFD, 0x33, 0x00,
        0x00, 0x01, 0x15, 0x00, 0x13, 0x00, 0x0F, 0x00, 0x0F, 0x00, 0x0D, 0x00, 0x12, 0x00, 0x0D, 0x00,
        0x08, 0x00, 0x05, 0x00, 0x0A, 0x00, 0x04, 0x00, 0x03, 0x00, 0x05, 0x00, 0x04, 0x00, 0x01, 0xFF,
        0xFF, 0xFF, 0xFD, 0xFF, 0xFC, 0xFF, 0xFA, 0xFF, 0xF8, 0xFF, 0xF7, 0xFF, 0xF4, 0xFF, 0xF1, 0xFF,
        0xEB, 0xFF, 0xEA, 0xFE, 0xCB, 0x00, 0x00, 0x01, 0x29, 0x00, 0x1E, 0x00, 0x10, 0x00, 0x0F, 0x00,
        0x0F, 0x00, 0x0E, 0x00, 0x0E, 0x00, 0x0D, 0x00, 0x0C, 0x00, 0x09, 0x00, 0x10, 0x00, 0x0B, 0x00,
        0x0C, 0x00, 0x09, 0x00, 0x07, 0x00, 0x06, 0x00, 0x04, 0x00, 0x02, 0x00, 0x00, 0xFF, 0xFF, 0xFF,
        0xFC, 0xFF, 0xFB, 0xFF, 0xF8, 0xFF, 0xF7, 0xFF, 0xF6, 0xFF, 0xF4, 0x00, 0x00, 0x02, 0x00, 0xEB,
        0x00, 0x00, 0x01, 0xE3, 0x02, 0xDA, 0x00, 0x05, 0x00, 0x09, 0x00, 0x00, 0x01, 0x01, 0x01, 0x01,
        0x01, 0x01, 0x01, 0x01, 0x01, 0x01, 0x00, 0xEB, 0x00, 0x00, 0x00, 0x97, 0x00, 0x00, 0x00, 0x61,
        0x00, 0x00, 0xFF, 0x74, 0x00, 0x00, 0x00, 0x7E, 0x00, 0x00, 0x01, 0xEA, 0xFF, 0xA4, 0x00, 0x00,
        0xFE, 0x72, 0x00, 0x00, 0x01, 0xEA, 0x00, 0xF0, 0xFF, 0x80, 0x00, 0x00, 0x00, 0x80, 0x00, 0x00,
        0x00, 0x02, 0x00, 0xE3, 0xFF, 0x59, 0x01, 0xE5, 0x02, 0xC9, 0x00, 0x23, 0x00, 0x27, 0x00, 0x00,
        0x01, 0x01, 0x01, 0x01, 0x01, 0x01, 0x01, 0x01, 0x01, 0x01, 0x01, 0x01, 0x01, 0x01, 0x01, 0x01,
        0x01, 0x01, 0x01, 0x01, 0x01, 0x01, 0x01, 0x01, 0x01, 0x01, 0x01, 0x01, 0x01, 0x01, 0x01, 0x01,
        0x01, 0x01, 0x01, 0x01, 0x01, 0x01, 0x01, 0x01, 0x01, 0x1E, 0x00, 0x00, 0x00, 0x6B, 0x00, 0x00,
        0xFF, 0xFF, 0xFF, 0xFE, 0xFF, 0xFE, 0xFF, 0xFC, 0xFF, 0xFD, 0xFF, 0xF9, 0xFF, 0xF9, 0xFF, 0xFA,
        0xFF, 0xF8, 0xFF, 0xF4, 0xFF, 0xEF, 0xFF, 0x9F, 0x00, 0x00, 0x00, 0x4B, 0x00, 0x1F, 0x00, 0x13,
        0x00, 0x0F, 0x00, 0x0D, 0x00, 0x0D, 0x00, 0x0E, 0x00, 0x0D, 0x00, 0x0C, 0x00, 0x08, 0x00, 0x08,
        0x00, 0x08, 0x00, 0x08, 0x00, 0x06, 0x00, 0x06, 0x00, 0x04, 0x00, 0x04, 0x00, 0x01, 0x00, 0x00,
        0xFF, 0x82, 0x00, 0x00, 0x00, 0x78, 0x00, 0x00, 0x01, 0xE4, 0xFF, 0xA6, 0x00, 0x00, 0xFE, 0x8F,
        0xFF, 0xE0, 0xFF, 0xF4, 0xFF, 0xF5, 0xFF, 0xF5, 0xFF, 0xF9, 0xFF, 0xF8, 0xFF, 0xFA, 0xFF, 0xFB,
        0xFF, 0xFC, 0xFF, 0xFC, 0xFF, 0xFF, 0x00, 0x00, 0xFF, 0xA5, 0x00, 0x00, 0x00, 0x01, 0x00, 0x02,
        0x00, 0x03, 0x00, 0x03, 0x00, 0x04, 0x00, 0x06, 0x00, 0x07, 0x00, 0x08, 0x00, 0x07, 0x00, 0x09,
        0x00, 0x0B, 0x00, 0x0C, 0x00, 0x0E, 0x00, 0x11, 0x00, 0x17, 0x00, 0x19, 0x00, 0x1B, 0x01, 0xD8,
        0x00, 0xE5, 0xFF, 0x85, 0x00, 0x00, 0x00, 0x7B, 0x00, 0x01, 0x00, 0x7D, 0x00, 0x00, 0x02, 0x2E,
        0x02, 0xC2, 0x00, 0x0A, 0x00, 0x00, 0x01, 0x01, 0x01, 0x01, 0x01, 0x01, 0x01, 0x01, 0x01, 0x01,
        0x01, 0x00, 0xE0, 0xFF, 0x9D, 0x00, 0x00, 0x00, 0x63, 0x00, 0x00, 0x00, 0xCE, 0x00, 0x80, 0xFF,
        0x06, 0x00, 0xE5, 0xFF, 0x7E, 0xFF, 0x49, 0x02, 0xC2, 0x00, 0x00, 0xFD, 0x3E, 0x00, 0x00, 0x00,
        0xE3, 0xFF, 0x1D, 0x00, 0x00, 0x01, 0x13, 0x00, 0xD3, 0x00, 0x00, 0xFF, 0x52, 0x00, 0x00, 0x00,
        0x00, 0x01, 0x00, 0xD4, 0x00, 0x00, 0x01, 0xD3, 0x02, 0xDE, 0x00, 0x23, 0x00, 0x00, 0x01, 0x01,
        0x01, 0x01, 0x01, 0x01, 0x01, 0x01, 0x01, 0x01, 0x01, 0x01, 0x01, 0x01, 0x01, 0x01, 0x01, 0x01,
        0x01, 0x01, 0x01, 0x01, 0x01, 0x01, 0x01, 0x01, 0x01, 0x01, 0x01, 0x01, 0x01, 0x01, 0x01, 0x01,
        0x01, 0x01, 0x01, 0x31, 0xFF, 0xA3, 0x00, 0x00, 0x00, 0x01, 0x00, 0x02, 0x00, 0x03, 0x00, 0x03,
        0x00, 0x05, 0x00, 0x06, 0x00, 0x08, 0x00, 0x08, 0x00, 0x0A, 0x00, 0x0B, 0x00, 0x0B, 0x00, 0x0D,
        0x00, 0x0F, 0x00, 0x0D, 0x00, 0x11, 0x00, 0x0F, 0x00, 0x1B, 0x00, 0x57, 0x00, 0x00, 0xFF, 0xC0,
        0xFF, 0xEA, 0xFF, 0xF1, 0xFF, 0xF6, 0xFF, 0xF5, 0xFF, 0xF8, 0xFF, 0xF7, 0xFF, 0xFA, 0xFF, 0xFB,
        0xFF, 0xFB, 0xFF, 0xFD, 0xFF, 0xFE, 0xFF, 0xFF, 0xFF, 0xFF, 0x02, 0xDE, 0x00, 0x00, 0xFD, 0xF4,
        0xFF, 0xE7, 0xFF, 0xE8, 0xFF, 0xEA, 0xFF, 0xEE, 0xFF, 0xED, 0xFF, 0xEF, 0xFF, 0xF0, 0xFF, 0xF3,
        0xFF, 0xF3, 0xFF, 0xF6, 0xFF, 0xF8, 0xFF, 0xF8, 0xFF, 0xFA, 0xFF, 0xFC, 0xFF, 0xFD, 0xFF, 0xFD,
        0xFF, 0xFF, 0x00, 0x00, 0x00, 0x57, 0x00, 0x00, 0x00, 0x01, 0x00, 0x02, 0x00, 0x03, 0x00, 0x04,
        0x00, 0x05, 0x00, 0x07, 0x00, 0x07, 0x00, 0x08, 0x00, 0x0C, 0x00, 0x0B, 0x00, 0x0F, 0x00, 0x0E,
        0x00, 0x13, 0x00, 0x00, 0x00, 0x01, 0x00, 0x72, 0x00, 0x00, 0x02, 0x4A, 0x02, 0x02, 0x00, 0x59,
        0x00, 0x00, 0x01, 0x01, 0x01, 0x01, 0x01, 0x01, 0x01, 0x01, 0x01, 0x01, 0x01, 0x01, 0x01, 0x01,
        0x01, 0x01, 0x01, 0x01, 0x01, 0x01, 0x01, 0x01, 0x01, 0x01, 0x01, 0x01, 0x01, 0x01, 0x01, 0x01,
        0x01, 0x01, 0x01, 0x01, 0x01, 0x01, 0x01, 0x01, 0x01, 0x01, 0x01, 0x01, 0x01, 0x01, 0x01, 0x01,
        0x01, 0x01, 0x01, 0x01, 0x01, 0x01, 0x01, 0x01, 0x01, 0x01, 0x01, 0x01, 0x01, 0x01, 0x01, 0x01,
        0x01, 0x01, 0x01, 0x01, 0x01, 0x01, 0x01, 0x01, 0x01, 0x01, 0x01, 0x01, 0x01, 0x01, 0x01, 0x01,
        0x01, 0x01, 0x01, 0x01, 0x01, 0x01, 0x01, 0x01, 0x01, 0x01, 0x01, 0x01, 0x00, 0xD1, 0xFF, 0xA1,
        0x00, 0x00, 0x00, 0x5F, 0x00, 0x00, 0x00, 0x01, 0x00, 0x01, 0x00, 0x03, 0x00, 0x03, 0x00, 0x05,
        0x00, 0x05, 0x00, 0x04, 0x00, 0x05, 0x00, 0x08, 0x00, 0x09, 0x00, 0x0B, 0x00, 0x07, 0x00, 0x09,
        0x00, 0x05, 0x00, 0x06, 0x00, 0x04, 0x00, 0x03, 0x00, 0x03, 0x00, 0x01, 0x00, 0x00, 0x00, 0x00,
        0x00, 0x60, 0x00, 0x00, 0x00, 0x00, 0x00, 0x01, 0x00, 0x03, 0x00, 0x03, 0x00, 0x05, 0x00, 0x05,
        0x00, 0x08, 0x00, 0x08, 0x00, 0x09, 0x00, 0x0B, 0x00, 0x08, 0x00, 0x09, 0x00, 0x05, 0x00, 0x06,
        0x00, 0x05, 0x00, 0x03, 0x00, 0x02, 0x00, 0x01, 0x00, 0x01, 0x00, 0x00, 0x00, 0x5F, 0x00, 0x00,
        0x00, 0x00, 0xFF, 0xFF, 0xFF, 0xFD, 0xFF, 0xFB, 0xFF, 0xFB, 0xFF, 0xFA, 0xFF, 0xFA, 0xFF, 0xFB,
        0xFF, 0xF8, 0xFF, 0xFA, 0xFF, 0xF9, 0xFF, 0xF8, 0xFF, 0xF8, 0xFF, 0xF8, 0xFF, 0xF7, 0xFF, 0xF6,
        0xFF, 0xEF, 0xFF, 0xF1, 0xFF, 0xF1, 0xFF, 0xF1, 0xFF, 0xF3, 0xFF, 0xF3, 0xFF, 0xF3, 0xFF, 0xF7,
        0xFF, 0xFA, 0xFF, 0xF7, 0xFF, 0xF7, 0xFF, 0xF6, 0xFF, 0xF5, 0xFF, 0xF5, 0xFF, 0xF4, 0xFF, 0xF0,
        0xFF, 0xF5, 0xFF, 0xF4, 0xFF, 0xF5, 0xFF, 0xF3, 0xFF, 0xF4, 0xFF, 0xF6, 0xFF, 0xF5, 0xFF, 0xF8,
        0x01, 0xF9, 0x00, 0x00, 0xFE, 0x07, 0x00, 0x00, 0x01, 0x50, 0x00, 0x17, 0x00, 0x11, 0x00, 0x0E,
        0x00, 0x0C, 0x00, 0x0B, 0x00, 0x08, 0x00, 0x04, 0x00, 0x03, 0x00, 0x05, 0x00, 0x03, 0x00, 0x01,
        0xFF, 0xFF, 0xFF, 0xFD, 0xFF, 0xFD, 0xFF, 0xFA, 0xFF, 0xF8, 0xFF, 0xF8, 0xFF, 0xF6, 0xFF, 0xF6,
        0xFF, 0xF0, 0xFE, 0x8C, 0x00, 0x00, 0x01, 0x56, 0x00, 0x14, 0x00, 0x10, 0x00, 0x0D, 0x00, 0x0C,
        0x00, 0x0B, 0x00, 0x07, 0x00, 0x08, 0x00, 0x04, 0x00, 0x03, 0x00, 0x01, 0xFF, 0xFF, 0xFF, 0xFE,
        0xFF, 0xFD, 0xFF, 0xFB, 0xFF, 0xFA, 0xFF, 0xF8, 0xFF, 0xF8, 0xFF, 0xF7, 0xFF, 0xE9, 0xFE, 0x8C,
        0x00, 0x00, 0x01, 0x74, 0x00, 0x0E, 0x00, 0x0E, 0x00, 0x0D, 0x00, 0x16, 0x00, 0x0C, 0x00, 0x0B,
        0x00, 0x0B, 0x00, 0x07, 0x00, 0x09, 0x00, 0x06, 0x00, 0x05, 0x00, 0x05, 0x00, 0x04, 0x00, 0x04,
        0x00, 0x02, 0x00, 0x02, 0x00, 0x01, 0xFF, 0xFF, 0xFF, 0xFE, 0xFF, 0xFC, 0xFF, 0xFA, 0xFF, 0xF8,
        0xFF, 0xF7, 0xFF, 0xF7, 0x00, 0x08, 0x00, 0x08, 0x00, 0x08, 0x00, 0x05, 0x00, 0x05, 0x00, 0x03,
        0x00, 0x02, 0x00, 0x00, 0xFF, 0xFF, 0xFF, 0xFE, 0xFF, 0xFD, 0xFF, 0xFA, 0xFF, 0xF9, 0xFF, 0xF9,
        0xFF, 0xF5, 0xFF, 0xF7, 0x00, 0x01, 0x00, 0x77, 0x00, 0x00, 0x02, 0x3C, 0x02, 0x00, 0x00, 0x41,
        0x00, 0x00, 0x01, 0x01, 0x01, 0x01, 0x01, 0x01, 0x01, 0x01, 0x01, 0x01, 0x01, 0x01, 0x01, 0x01,
        0x01, 0x01, 0x01, 0x01, 0x01, 0x01, 0x01, 0x01, 0x01, 0x01, 0x01, 0x01, 0x01, 0x01, 0x01, 0x01,
        0x01, 0x01, 0x01, 0x01, 0x01, 0x01, 0x01, 0x01, 0x01, 0x01, 0x01, 0x01, 0x01, 0x01, 0x01, 0x01,
        0x01, 0x01, 0x01, 0x01, 0x01, 0x01, 0x01, 0x01, 0x01, 0x01, 0x01, 0x01, 0x01, 0x01, 0x01, 0x01,
        0x01, 0x01, 0x01, 0x01, 0x00, 0xDF, 0xFF, 0x98, 0x00, 0x00, 0x00, 0x68, 0x00, 0x00, 0x00, 0x01,
        0x00, 0x02, 0x00, 0x04, 0x00, 0x04, 0x00, 0x04, 0x00, 0x05, 0x00, 0x0A, 0x00, 0x07, 0x00, 0x07,
        0x00, 0x09, 0x00, 0x07, 0x00, 0x09, 0x00, 0x08, 0x00, 0x0B, 0x00, 0x09, 0x00, 0x0D, 0x00, 0x0A,
        0x00, 0x0E, 0x00, 0x0B, 0x00, 0x12, 0x00, 0x13, 0x00, 0x0E, 0x00, 0x07, 0x00, 0x07, 0x00, 0x0A,
        0x00, 0x05, 0x00, 0x05, 0x00, 0x06, 0x00, 0x05, 0x00, 0x03, 0x00, 0x01, 0x00, 0x00, 0x00, 0x68,
        0x00, 0x00, 0xFF, 0xFF, 0xFF, 0xFE, 0xFF, 0xFE, 0xFF, 0xFC, 0xFF, 0xFC, 0xFF, 0xFB, 0xFF, 0xFA,
        0xFF, 0xF8, 0xFF, 0xF8, 0xFF, 0xF3, 0xFF, 0xF0, 0xFF, 0xF0, 0xFF, 0xED, 0xFF, 0xEC, 0xFF, 0xEB,
        0xFF, 0xE8, 0xFF, 0xE8, 0xFF, 0xEA, 0xFF, 0xE9, 0xFF, 0xEA, 0xFF, 0xEA, 0xFF, 0xEC, 0xFF, 0xF0,
        0xFF, 0xF6, 0xFF, 0xF9, 0xFF, 0xF4, 0xFF, 0xFE, 0x01, 0xF7, 0x00, 0x00, 0xFE, 0x09, 0x00, 0x00,
        0x01, 0x11, 0x00, 0x10, 0x00, 0x10, 0x00, 0x10, 0x00, 0x0E, 0x00, 0x0C, 0x00, 0x0A, 0x00, 0x11,
        0x00, 0x09, 0x00, 0x08, 0x00, 0x07, 0x00, 0x05, 0x00, 0x06, 0x00, 0x04, 0x00, 0x04, 0x00, 0x03,
        0x00, 0x03, 0x00, 0x01, 0x00, 0x02, 0x00, 0x00, 0xFF, 0xFF, 0xFF, 0xFD, 0xFF, 0xFB, 0xFF, 0xFC,
        0xFF, 0xFC, 0xFF, 0xF7, 0xFF, 0xFB, 0xFF, 0xF9, 0xFF, 0xF4, 0xFF, 0xEF, 0xFF, 0xF1, 0xFF, 0xEF,
        0xFE, 0xB9, 0x00, 0x00, 0x01, 0x3C, 0x00, 0x18, 0x00, 0x0D, 0x00, 0x10, 0x00, 0x0C, 0x00, 0x0F,
        0x00, 0x0B, 0x00, 0x0E, 0x00, 0x0C, 0x00, 0x0C, 0x00, 0x0F, 0x00, 0x0D, 0x00, 0x0C, 0x00, 0x09,
        0x00, 0x08, 0x00, 0x06, 0x00, 0x03, 0x00, 0x01, 0xFF, 0xFF, 0xFF, 0xFD, 0xFF, 0xFA, 0xFF, 0xF8,
        0xFF, 0xF6, 0xFF, 0xF6, 0xFF, 0xF8, 0xFF, 0xFA, 0xFF, 0xF3, 0x00, 0x00, 0x00, 0x02, 0x00, 0x71,
        0xFF, 0xF7, 0x02, 0x4B, 0x02, 0x05, 0x00, 0x40, 0x00, 0x81, 0x00, 0x00, 0x01, 0x01, 0x01, 0x01,
        0x01, 0x01, 0x01, 0x01, 0x01, 0x01, 0x01, 0x01, 0x01, 0x01, 0x01, 0x01, 0x01, 0x01, 0x01, 0x01,
        0x01, 0x01, 0x01, 0x01, 0x01, 0x01, 0x01, 0x01, 0x01, 0x01, 0x01, 0x01, 0x01, 0x01, 0x01, 0x01,
        0x01, 0x01, 0x01, 0x01, 0x01, 0x01, 0x01, 0x01, 0x01, 0x01, 0x01, 0x01, 0x01, 0x01, 0x01, 0x01,
        0x01, 0x01, 0x01, 0x01, 0x01, 0x01, 0x01, 0x01, 0x01, 0x01, 0x01, 0x01, 0x01, 0x01, 0x01, 0x01,
        0x01, 0x01, 0x01, 0x01, 0x01, 0x01, 0x01, 0x01, 0x01, 0x01, 0x01, 0x01, 0x01, 0x01, 0x01, 0x01,
        0x01, 0x01, 0x01, 0x01, 0x01, 0x01, 0x01, 0x01, 0x01, 0x01, 0x01, 0x01, 0x01, 0x01, 0x01, 0x01,
        0x01, 0x01, 0x01, 0x01, 0x01, 0x01, 0x01, 0x01, 0x01, 0x01, 0x01, 0x01, 0x01, 0x01, 0x01, 0x01,
        0x01, 0x01, 0x01, 0x01, 0x01, 0x01, 0x01, 0x01, 0x01, 0x01, 0x01, 0x01, 0x01, 0x01, 0x01, 0x5E,
        0xFF, 0xE8, 0xFF, 0xE6, 0xFF, 0xE7, 0xFF, 0xE9, 0xFF, 0xEB, 0xFF, 0xEC, 0xFF, 0xEE, 0xFF, 0xF0,
        0xFF, 0xF1, 0xFF, 0xF3, 0xFF, 0xF5, 0xFF, 0xF7, 0xFF, 0xF9, 0xFF, 0xFB, 0xFF, 0xFD, 0xFF, 0xFF,
        0x00, 0x01, 0x00, 0x03, 0x00, 0x05, 0x00, 0x08, 0x00, 0x0A, 0x00, 0x0B, 0x00, 0x0D, 0x00, 0x0F,
        0x00, 0x10, 0x00, 0x13, 0x00, 0x13, 0x00, 0x16, 0x00, 0x17, 0x00, 0x16, 0x00, 0x1A, 0x00, 0x18,
        0x00, 0x18, 0x00, 0x1A, 0x00, 0x16, 0x00, 0x17, 0x00, 0x16, 0x00, 0x14, 0x00, 0x12, 0x00, 0x10,
        0x00, 0x0F, 0x00, 0x0D, 0x00, 0x0B, 0x00, 0x09, 0x00, 0x09, 0x00, 0x05, 0x00, 0x03, 0x00, 0x01,
        0x00, 0x00, 0xFF, 0xFD, 0xFF, 0xFB, 0xFF, 0xF9, 0xFF, 0xF7, 0xFF, 0xF5, 0xFF, 0xF3, 0xFF, 0xF2,
        0xFF, 0xF0, 0xFF, 0xEE, 0xFF, 0xEC, 0xFF, 0xEB, 0xFF, 0xE9, 0xFF, 0xE8, 0xFF, 0xE6, 0xFF, 0xE8,
        0xFF, 0xF9, 0x00, 0x0E, 0x00, 0x11, 0x00, 0x0C, 0x00, 0x0E, 0x00, 0x0D, 0x00, 0x0C, 0x00, 0x0B,
        0x00, 0x09, 0x00, 0x08, 0x00, 0x09, 0x00, 0x06, 0x00, 0x06, 0x00, 0x03, 0x00, 0x04, 0x00, 0x02,
        0x00, 0x00, 0x00, 0x00, 0xFF, 0xFE, 0xFF, 0xFE, 0xFF, 0xFC, 0xFF, 0xFA, 0xFF, 0xFB, 0xFF, 0xF8,
        0xFF, 0xF8, 0xFF, 0xF7, 0xFF, 0xF6, 0xFF, 0xF4, 0xFF, 0xF3, 0xFF, 0xF2, 0xFF, 0xF4, 0xFF, 0xEF,
        0xFF, 0xF1, 0xFF, 0xF1, 0xFF, 0xEF, 0xFF, 0xF3, 0xFF, 0xF1, 0xFF, 0xF3, 0xFF, 0xF4, 0xFF, 0xF5,
        0xFF, 0xF6, 0xFF, 0xF8, 0xFF, 0xF8, 0xFF, 0xFA, 0xFF, 0xFA, 0xFF, 0xFC, 0xFF, 0xFC, 0xFF, 0xFF,
        0xFF, 0xFF, 0x00, 0x00, 0x00, 0x01, 0x00, 0x03, 0x00, 0x04, 0x00, 0x05, 0x00, 0x06, 0x00, 0x08,
        0x00, 0x07, 0x00, 0x09, 0x00, 0x0B, 0x00, 0x0B, 0x00, 0x0C, 0x00, 0x0E, 0x00, 0x0F, 0x00, 0x11,
        0x00, 0x0E, 0x02, 0x05, 0xFF, 0xFF, 0xFF, 0xFD, 0xFF, 0xFA, 0xFF, 0xF8, 0xFF, 0xF6, 0xFF, 0xF3,
        0xFF, 0xF2, 0xFF, 0xF0, 0xFF, 0xEE, 0xFF, 0xEC, 0xFF, 0xEA, 0xFF, 0xE9, 0xFF, 0xE7, 0xFF, 0xE6,
        0xFF, 0xE5, 0xFF, 0xE4, 0xFF, 0xE4, 0xFF, 0xE5, 0xFF, 0xE6, 0xFF, 0xE5, 0xFF, 0xE6, 0xFF, 0xEA,
        0xFF, 0xEC, 0xFF, 0xEE, 0xFF, 0xF0, 0xFF, 0xF1, 0xFF, 0xF3, 0xFF, 0xF6, 0xFF, 0xF8, 0xFF, 0xFB,
        0xFF, 0xFC, 0xFF, 0xFF, 0x00, 0x01, 0x00, 0x04, 0x00, 0x05, 0x00, 0x08, 0x00, 0x0A, 0x00, 0x0D,
        0x00, 0x0F, 0x00, 0x10, 0x00, 0x12, 0x00, 0x14, 0x00, 0x16, 0x00, 0x17, 0x00, 0x1B, 0x00, 0x1A,
        0x00, 0x1A, 0x00, 0x1C, 0x00, 0x1D, 0x00, 0x1B, 0x00, 0x1A, 0x00, 0x19, 0x00, 0x17, 0x00, 0x16,
        0x00, 0x14, 0x00, 0x13, 0x00, 0x10, 0x00, 0x0F, 0x00, 0x0C, 0x00, 0x0B, 0x00, 0x08, 0x00, 0x06,
        0x00, 0x04, 0x00, 0x01, 0xFF, 0xB2, 0xFF, 0xFF, 0xFF, 0xFE, 0xFF, 0xFD, 0xFF, 0xFB, 0xFF, 0xF9,
        0xFF, 0xF7, 0xFF, 0xF7, 0xFF, 0xF5, 0xFF, 0xF4, 0xFF, 0xF1, 0xFF, 0xF2, 0xFF, 0xEE, 0xFF, 0xF1,
        0xFF, 0xED, 0xFF, 0xEC, 0xFF, 0xEC, 0xFF, 0xE9, 0xFF, 0xEC, 0xFF, 0xED, 0xFF, 0xED, 0xFF, 0xEE,
        0xFF, 0xF2, 0xFF, 0xF1, 0xFF, 0xF3, 0xFF, 0xF5, 0xFF, 0xF7, 0xFF, 0xF7, 0xFF, 0xF9, 0xFF, 0xFA,
        0xFF, 0xFD, 0xFF, 0xFD, 0xFF, 0xFF, 0x00, 0x00, 0x00, 0x02, 0x00, 0x03, 0x00, 0x05, 0x00, 0x07,
        0x00, 0x08, 0x00, 0x09, 0x00, 0x0B, 0x00, 0x0C, 0x00, 0x0F, 0x00, 0x0E, 0x00, 0x11, 0x00, 0x12,
        0x00, 0x13, 0x00, 0x14, 0x00, 0x14, 0x00, 0x14, 0x00, 0x14, 0x00, 0x13, 0x00, 0x13, 0x00, 0x12,
        0x00, 0x0E, 0x00, 0x10, 0x00, 0x0C, 0x00, 0x0C, 0x00, 0x0A, 0x00, 0x09, 0x00, 0x07, 0x00, 0x06,
        0x00, 0x04, 0x00, 0x03, 0x00, 0x01, 0x00, 0x00, 0x00, 0x02, 0x00, 0x6C, 0xFF, 0x5B, 0x02, 0x3C,
        0x01, 0xE6, 0x00, 0x40, 0x00, 0x81, 0x00, 0x00, 0x01, 0x01, 0x01, 0x01, 0x01, 0x01, 0x01, 0x01,
        0x01, 0x01, 0x01, 0x01, 0x01, 0x01, 0x01, 0x01, 0x01, 0x01, 0x01, 0x01, 0x01, 0x01, 0x01, 0x01,
        0x01, 0x01, 0x01, 0x01, 0x01, 0x01, 0x01, 0x01, 0x01, 0x01, 0x01, 0x01, 0x01, 0x01, 0x01, 0x01,
        0x01, 0x01, 0x01, 0x01, 0x01, 0x01, 0x01, 0x01, 0x01, 0x01, 0x01, 0x01, 0x01, 0x01, 0x01, 0x01,
        0x01, 0x01, 0x01, 0x01, 0x01, 0x01, 0x01, 0x01, 0x01, 0x01, 0x01, 0x01, 0x01, 0x01, 0x01, 0x01,
        0x01, 0x01, 0x01, 0x01, 0x01, 0x01, 0x01, 0x01, 0x01, 0x01, 0x01, 0x01, 0x01, 0x01, 0x01, 0x01,
        0x01, 0x01, 0x01, 0x01, 0x01, 0x01, 0x01, 0x01, 0x01, 0x01, 0x01, 0x01, 0x01, 0x01, 0x01, 0x01,
        0x01, 0x01, 0x01, 0x01, 0x01, 0x01, 0x01, 0x01, 0x01, 0x01, 0x01, 0x01, 0x01, 0x01, 0x01, 0x01,
        0x01, 0x01, 0x01, 0x01, 0x01, 0x01, 0x01, 0x01, 0x01, 0x01, 0x01, 0x5E, 0x00, 0x0E, 0x00, 0x11,
        0x00, 0x0C, 0x00, 0x0D, 0x00, 0x0D, 0x00, 0x0B, 0x00, 0x09, 0x00, 0x09, 0x00, 0x07, 0x00, 0x07,
        0x00, 0x05, 0x00, 0x05, 0x00, 0x03, 0x00, 0x03, 0x00, 0x01, 0x00, 0x00, 0x00, 0x00, 0xFF, 0xFE,
        0xFF, 0xFD, 0xFF, 0xFD, 0xFF, 0xFB, 0xFF, 0xFA, 0xFF, 0xFA, 0xFF, 0xF8, 0xFF, 0xF7, 0xFF, 0xF6,
        0xFF, 0xF5, 0xFF, 0xF6, 0xFF, 0xF2, 0xFF, 0xF4, 0xFF, 0xF0, 0xFF, 0xF2, 0xFF, 0xF2, 0xFF, 0xF0,
        0xFF, 0xF4, 0xFF, 0xF2, 0xFF, 0xF6, 0xFF, 0xF5, 0xFF, 0xF6, 0xFF, 0xF7, 0xFF, 0xF8, 0xFF, 0xF9,
        0xFF, 0xFA, 0xFF, 0xFB, 0xFF, 0xFB, 0xFF, 0xFD, 0xFF, 0xFF, 0xFF, 0xFF, 0x00, 0x00, 0x00, 0x02,
        0x00, 0x02, 0x00, 0x04, 0x00, 0x05, 0x00, 0x06, 0x00, 0x07, 0x00, 0x08, 0x00, 0x09, 0x00, 0x0A,
        0x00, 0x0B, 0x00, 0x0A, 0x00, 0x0D, 0x00, 0x0C, 0x00, 0x10, 0x00, 0x0E, 0xFF, 0x76, 0xFF, 0x9B,
        0x00, 0x00, 0x00, 0x65, 0x00, 0x00, 0x00, 0x0B, 0x00, 0x0F, 0x00, 0x11, 0x00, 0x12, 0x00, 0x12,
        0x00, 0x16, 0x00, 0x13, 0x00, 0x15, 0x00, 0x14, 0x00, 0x14, 0x00, 0x13, 0x00, 0x12, 0x00, 0x10,
        0x00, 0x13, 0x00, 0x0F, 0x00, 0x10, 0x00, 0x08, 0x00, 0x0A, 0x00, 0x07, 0x00, 0x09, 0x00, 0x0D,
        0x00, 0x0C, 0x00, 0x09, 0x00, 0x06, 0x00, 0x04, 0x00, 0x01, 0x00, 0x00, 0x00, 0x00, 0xFF, 0xFE,
        0xFF, 0xFE, 0xFF, 0xFD, 0xFF, 0xFB, 0xFF, 0xFA, 0xFF, 0xF9, 0xFF, 0xFA, 0xFF, 0xF7, 0xFF, 0xF8,
        0xFF, 0xF6, 0xFF, 0xF6, 0xFF, 0xF4, 0xFF, 0xF5, 0xFF, 0xF4, 0xFF, 0xF3, 0xFF, 0xF0, 0xFF, 0xF2,
        0xFF, 0xEE, 0xFF, 0xF0, 0xFF, 0xF0, 0xFF, 0xEF, 0xFF, 0xEF, 0xFF, 0xED, 0xFF, 0xF2, 0xFF, 0xF2,
        0xFF, 0xF4, 0xFF, 0xF4, 0xFF, 0xF4, 0xFF, 0xF4, 0xFF, 0xF2, 0xFF, 0xEF, 0xFF, 0xF9, 0x01, 0x9C,
        0xFF, 0xFF, 0xFF, 0xFE, 0xFF, 0xFD, 0xFF, 0xFB, 0xFF, 0xF9, 0xFF, 0xF8, 0xFF, 0xF7, 0xFF, 0xF5,
        0xFF, 0xF5, 0xFF, 0xF0, 0xFF, 0xF3, 0xFF, 0xEF, 0xFF, 0xEE, 0xFF, 0xEE, 0xFF, 0xED, 0xFF, 0xEA,
        0xFF, 0xEC, 0xFF, 0xEE, 0xFF, 0xED, 0xFF, 0xF1, 0xFF, 0xEF, 0xFF, 0xF3, 0xFF, 0xF3, 0xFF, 0xF5,
        0xFF, 0xF5, 0xFF, 0xF7, 0xFF, 0xF8, 0xFF, 0xFA, 0xFF, 0xFB, 0xFF, 0xFD, 0xFF, 0xFD, 0x00, 0x00,
        0x00, 0x00, 0x00, 0x03, 0x00, 0x03, 0x00, 0x05, 0x00, 0x05, 0x00, 0x08, 0x00, 0x0A, 0x00, 0x0A,
        0x00, 0x0C, 0x00, 0x0C, 0x00, 0x0D, 0x00, 0x11, 0x00, 0x12, 0x00, 0x12, 0x00, 0x13, 0x00, 0x14,
        0x00, 0x13, 0x00, 0x13, 0x00, 0x12, 0x00, 0x12, 0x00, 0x11, 0x00, 0x0E, 0x00, 0x0F, 0x00, 0x0C,
        0x00, 0x0A, 0x00, 0x0A, 0x00, 0x08, 0x00, 0x05, 0x00, 0x06, 0x00, 0x03, 0x00, 0x03, 0x00, 0x01,
        0x00, 0x42, 0x00, 0x00, 0xFD, 0x7D, 0x00, 0x00, 0x00, 0xD2, 0xFF, 0xF6, 0xFF, 0xF5, 0xFF, 0xF7,
        0xFF, 0xF8, 0xFF, 0xFA, 0xFF, 0xFB, 0xFF, 0xFD, 0xFF, 0xFE, 0x00, 0x01, 0x00, 0x02, 0x00, 0x04,
        0x00, 0x05, 0x00, 0x07, 0x00, 0x09, 0x00, 0x0A, 0x00, 0x0C, 0x00, 0x08, 0x00, 0x0B, 0x00, 0x09,
        0x00, 0x0B, 0x00, 0x17, 0x00, 0x18, 0x00, 0x19, 0x00, 0x1B, 0x00, 0x1C, 0x00, 0x10, 0x00, 0x0F,
        0x00, 0x13, 0x00, 0x13, 0x00, 0x12, 0x00, 0x0F, 0x00, 0x12, 0x00, 0x11, 0x00, 0x10, 0x00, 0x0D,
        0x00, 0x0F, 0x00, 0x0C, 0x00, 0x0E, 0x00, 0x0A, 0x00, 0x0C, 0x00, 0x09, 0x00, 0x08, 0x00, 0x08,
        0x00, 0x08, 0x00, 0x05, 0x00, 0x05, 0x00, 0x04, 0x00, 0x02, 0x00, 0x01, 0x00, 0x00, 0xFF, 0xFF,
        0xFF, 0xFE, 0xFF, 0xFD, 0xFF, 0xFC, 0xFF, 0xFB, 0xFF, 0xFA, 0xFF, 0xFA, 0xFF, 0xF6, 0xFF, 0xF4,
        0xFF, 0xFC, 0x00, 0x00, 0x00, 0x02, 0x00, 0x79, 0xFF, 0x59, 0x02, 0x52, 0x01, 0xED, 0x00, 0x40,
        0x00, 0x85, 0x00, 0x00, 0x01, 0x01, 0x01, 0x01, 0x01, 0x01, 0x01, 0x01, 0x01, 0x01, 0x01, 0x01,
        0x01, 0x01, 0x01, 0x01, 0x01, 0x01, 0x01, 0x01, 0x01, 0x01, 0x01, 0x01, 0x01, 0x01, 0x01, 0x01,
        0x01, 0x01, 0x01, 0x01, 0x01, 0x01, 0x01, 0x01, 0x01, 0x01, 0x01, 0x01, 0x01, 0x01, 0x01, 0x01,
        0x01, 0x01, 0x01, 0x01, 0x01, 0x01, 0x01, 0x01, 0x01, 0x01, 0x01, 0x01, 0x01, 0x01, 0x01, 0x01,
        0x01, 0x01, 0x01, 0x01, 0x01, 0x01, 0x01, 0x01, 0x01, 0x01, 0x01, 0x01, 0x01, 0x01, 0x01, 0x01,
        0x01, 0x01, 0x01, 0x01, 0x01, 0x01, 0x01, 0x01, 0x01, 0x01, 0x01, 0x01, 0x01, 0x01, 0x01, 0x01,
        0x01, 0x01, 0x01, 0x01, 0x01, 0x01, 0x01, 0x01, 0x01, 0x01, 0x01, 0x01, 0x01, 0x01, 0x01, 0x01,
        0x01, 0x01, 0x01, 0x01, 0x01, 0x01, 0x01, 0x01, 0x01, 0x01, 0x01, 0x01, 0x01, 0x01, 0x01, 0x01,
        0x01, 0x01, 0x01, 0x01, 0x01, 0x01, 0x01, 0x01, 0x01, 0x01, 0x01, 0x60, 0x00, 0x0E, 0x00, 0x0D,
        0x00, 0x0C, 0x00, 0x0E, 0x00, 0x0A, 0x00, 0x0C, 0x00, 0x0A, 0x00, 0x09, 0x00, 0x08, 0x00, 0x07,
        0x00, 0x06, 0x00, 0x06, 0x00, 0x03, 0x00, 0x03, 0x00, 0x02, 0x00, 0x00, 0x00, 0x00, 0xFF, 0xFE,
        0xFF, 0xFD, 0xFF, 0xFD, 0xFF, 0xFA, 0xFF, 0xFB, 0xFF, 0xF8, 0xFF, 0xF9, 0xFF, 0xF7, 0xFF, 0xF6,
        0xFF, 0xF5, 0xFF, 0xF4, 0xFF, 0xF2, 0xFF, 0xF4, 0xFF, 0xF0, 0xFF, 0xF1, 0xFF, 0xF2, 0xFF, 0xEE,
        0xFF, 0xF4, 0xFF, 0xF2, 0xFF, 0xF6, 0xFF, 0xF4, 0xFF, 0xF6, 0xFF, 0xF7, 0xFF, 0xF9, 0xFF, 0xF8,
        0xFF, 0xFB, 0xFF, 0xFB, 0xFF, 0xFD, 0xFF, 0xFD, 0xFF, 0xFE, 0x00, 0x00, 0x00, 0x01, 0x00, 0x01,
        0x00, 0x03, 0x00, 0x04, 0x00, 0x05, 0x00, 0x06, 0x00, 0x07, 0x00, 0x08, 0x00, 0x09, 0x00, 0x0A,
        0x00, 0x0B, 0x00, 0x0B, 0x00, 0x0D, 0x00, 0x0D, 0x00, 0x10, 0x00, 0x0E, 0x00, 0xF6, 0xFF, 0x98,
        0x00, 0x00, 0xFF, 0xF5, 0xFF, 0xF2, 0xFF, 0xF1, 0xFF, 0xF0, 0xFF, 0xF0, 0xFF, 0xF2, 0xFF, 0xEE,
        0xFF, 0xF2, 0xFF, 0xED, 0xFF, 0xF0, 0xFF, 0xEF, 0xFF, 0xEC, 0xFF, 0xF1, 0xFF, 0xF1, 0xFF, 0xF2,
        0xFF, 0xF0, 0xFF, 0xF3, 0xFF, 0xF2, 0xFF, 0xF5, 0xFF, 0xF4, 0xFF, 0xF6, 0xFF, 0xF6, 0xFF, 0xF7,
        0xFF, 0xF7, 0xFF, 0xF9, 0xFF, 0xFA, 0xFF, 0xFA, 0xFF, 0xFC, 0xFF, 0xFC, 0xFF, 0xFE, 0xFF, 0xFF,
        0xFF, 0xFF, 0x00, 0x01, 0x00, 0x01, 0x00, 0x03, 0x00, 0x03, 0x00, 0x05, 0x00, 0x05, 0x00, 0x07,
        0x00, 0x07, 0x00, 0x08, 0x00, 0x09, 0x00, 0x0A, 0x00, 0x0A, 0x00, 0x0D, 0x00, 0x0B, 0x00, 0x0E,
        0x00, 0x0D, 0x00, 0x10, 0x00, 0x0E, 0x00, 0x12, 0x00, 0x10, 0x00, 0x14, 0x00, 0x11, 0x00, 0x12,
        0x00, 0x12, 0x00, 0x12, 0x00, 0x0E, 0x00, 0x11, 0x00, 0x0E, 0x00, 0x0F, 0x00, 0x0C, 0x00, 0x0C,
        0x00, 0x0A, 0x00, 0x00, 0x00, 0x68, 0x01, 0x9E, 0xFF, 0xFF, 0xFF, 0xFE, 0xFF, 0xFD, 0xFF, 0xFB,
        0xFF, 0xFA, 0xFF, 0xF8, 0xFF, 0xF7, 0xFF, 0xF5, 0xFF, 0xF4, 0xFF, 0xF3, 0xFF, 0xF3, 0xFF, 0xEF,
        0xFF, 0xF1, 0xFF, 0xEE, 0xFF, 0xED, 0xFF, 0xED, 0xFF, 0xED, 0xFF, 0xED, 0xFF, 0xEE, 0xFF, 0xEE,
        0xFF, 0xF0, 0xFF, 0xF3, 0xFF, 0xF1, 0xFF, 0xF5, 0xFF, 0xF5, 0xFF, 0xF7, 0xFF, 0xF8, 0xFF, 0xFA,
        0xFF, 0xFB, 0xFF, 0xFC, 0xFF, 0xFE, 0xFF, 0xFF, 0x00, 0x00, 0x00, 0x02, 0x00, 0x03, 0x00, 0x05,
        0x00, 0x05, 0x00, 0x08, 0x00, 0x09, 0x00, 0x0A, 0x00, 0x0B, 0x00, 0x0F, 0x00, 0x0D, 0x00, 0x10,
        0x00, 0x12, 0x00, 0x12, 0x00, 0x16, 0x00, 0x15, 0x00, 0x14, 0x00, 0x12, 0x00, 0x13, 0x00, 0x0E,
        0x00, 0x11, 0x00, 0x0D, 0x00, 0x0C, 0x00, 0x0C, 0x00, 0x0A, 0x00, 0x09, 0x00, 0x08, 0x00, 0x06,
        0x00, 0x05, 0x00, 0x03, 0x00, 0x03, 0x00, 0x01, 0x00, 0x47, 0x00, 0x00, 0xFF, 0xCF, 0x00, 0x0A,
        0x00, 0x0B, 0x00, 0x09, 0x00, 0x08, 0x00, 0x07, 0x00, 0x04, 0x00, 0x04, 0x00, 0x03, 0x00, 0x01,
        0x00, 0x00, 0xFF, 0xFF, 0xFF, 0xFE, 0xFF, 0xFC, 0xFF, 0xFC, 0xFF, 0xFA, 0xFF, 0xF9, 0xFF, 0xF8,
        0xFF, 0xF6, 0xFF, 0xF7, 0xFF, 0xF4, 0xFF, 0xF6, 0xFF, 0xF2, 0xFF, 0xF1, 0xFF, 0xF1, 0xFF, 0xF0,
        0xFF, 0xEF, 0xFF, 0xEF, 0xFF, 0xEE, 0xFF, 0xEE, 0xFF, 0xEE, 0xFF, 0xED, 0xFF, 0xED, 0xFF, 0xF0,
        0xFF, 0xED, 0xFF, 0xEE, 0xFF, 0xEE, 0xFF, 0xEE, 0xFF, 0xF2, 0xFF, 0xF0, 0xFF, 0xF3, 0xFF, 0xF1,
        0xFF, 0xF4, 0xFF, 0xF3, 0xFF, 0xF6, 0xFF, 0xF4, 0xFF, 0xF7, 0xFF, 0xF7, 0xFF, 0xF9, 0xFF, 0xF8,
        0xFF, 0xFB, 0xFF, 0xFB, 0xFF, 0xFD, 0xFF, 0xFE, 0xFF, 0xFF, 0x00, 0x01, 0x00, 0x02, 0x00, 0x03,
        0x00, 0x04, 0x00, 0x05, 0x00, 0x06, 0x00, 0x09, 0x00, 0x08, 0x00, 0x09, 0x00, 0x0A, 0xFF, 0x29,
        0x00, 0x00, 0x00, 0x00, 0x00, 0x01, 0x00, 0x93, 0x00, 0x00, 0x02, 0x16, 0x02, 0x08, 0x00, 0x3F,
        0x00, 0x00, 0x01, 0x01, 0x01, 0x01, 0x01, 0x01, 0x01, 0x01, 0x01, 0x01, 0x01, 0x01, 0x01, 0x01,
        0x01, 0x01, 0x01, 0x01, 0x01, 0x01, 0x01, 0x01, 0x01, 0x01, 0x01, 0x01, 0x01, 0x01, 0x01, 0x01,
        0x01, 0x01, 0x01, 0x01, 0x01, 0x01, 0x01, 0x01, 0x01, 0x01, 0x01, 0x01, 0x01, 0x01, 0x01, 0x01,
        0x01, 0x01, 0x01, 0x01, 0x01, 0x01, 0x01, 0x01, 0x01, 0x01, 0x01, 0x01, 0x01, 0x01, 0x01, 0x01,
        0x01, 0x01, 0x00, 0xFA, 0xFF, 0x99, 0x00, 0x00, 0x00, 0x67, 0x00, 0x00, 0x00, 0x01, 0x00, 0x01,
        0x00, 0x03, 0x00, 0x03, 0x00, 0x05, 0x00, 0x05, 0x00, 0x07, 0x00, 0x06, 0x00, 0x09, 0x00, 0x09,
        0x00, 0x09, 0x00, 0x0B, 0x00, 0x0B, 0x00, 0x0A, 0x00, 0x0D, 0x00, 0x0B, 0x00, 0x0B, 0x00, 0x0A,
        0x00, 0x0B, 0x00, 0x09, 0x00, 0x08, 0x00, 0x08, 0x00, 0x05, 0x00, 0x04, 0x00, 0x01, 0x00, 0x00,
        0x00, 0x67, 0x00, 0x00, 0xFF, 0xFF, 0xFF, 0xFE, 0xFF, 0xFD, 0xFF, 0xFC, 0xFF, 0xFC, 0xFF, 0xFA,
        0xFF, 0xF9, 0xFF, 0xF9, 0xFF, 0xF8, 0xFF, 0xF8, 0xFF, 0xF6, 0xFF, 0xF6, 0xFF, 0xF6, 0xFF, 0xF4,
        0xFF, 0xF1, 0xFF, 0xF4, 0xFF, 0xF3, 0xFF, 0xF3, 0xFF, 0xF3, 0xFF, 0xF3, 0xFF, 0xF3, 0xFF, 0xF1,
        0xFF, 0xF5, 0xFF, 0xF5, 0xFF, 0xF5, 0xFF, 0xF6, 0xFF, 0xF6, 0xFF, 0xF7, 0xFF, 0xF5, 0xFF, 0xF6,
        0xFF, 0xFE, 0x01, 0xFF, 0x00, 0x00, 0xFE, 0x01, 0x00, 0x00, 0x01, 0x0B, 0x00, 0x16, 0x00, 0x14,
        0x00, 0x13, 0x00, 0x10, 0x00, 0x0F, 0x00, 0x0F, 0x00, 0x0E, 0x00, 0x0A, 0x00, 0x0C, 0x00, 0x08,
        0x00, 0x07, 0x00, 0x06, 0x00, 0x05, 0x00, 0x03, 0x00, 0x02, 0x00, 0x01, 0x00, 0x00, 0xFF, 0xFE,
        0xFF, 0xFB, 0xFF, 0xF9, 0xFF, 0xF8, 0xFF, 0xF3, 0xFF, 0xF4, 0xFF, 0xF1, 0xFF, 0xF3, 0xFF, 0xEA,
        0x00, 0x00, 0x00, 0x1F, 0x00, 0x0A, 0x00, 0x0D, 0x00, 0x0D, 0x00, 0x0C, 0x00, 0x0C, 0x00, 0x0B,
        0x00, 0x0A, 0x00, 0x0A, 0x00, 0x09, 0x00, 0x08, 0x00, 0x08, 0x00, 0x06, 0x00, 0x06, 0x00, 0x05,
        0x00, 0x05, 0x00, 0x03, 0x00, 0x02, 0x00, 0x01, 0x00, 0x00, 0xFF, 0xFF, 0xFF, 0xFF, 0xFF, 0xFC,
        0xFF, 0xFC, 0xFF, 0xFC, 0xFF, 0xFA, 0xFF, 0xFA, 0xFF, 0xF8, 0xFF, 0xF8, 0xFF, 0xF5, 0xFF, 0xF4,
        0x00, 0x00, 0x00, 0x00, 0x00, 0x01, 0x00, 0x91, 0xFF, 0xF7, 0x02, 0x21, 0x02, 0x0B, 0x00, 0xAC,
        0x00, 0x00, 0x01, 0x01, 0x01, 0x01, 0x01, 0x01, 0x01, 0x01, 0x01, 0x01, 0x01, 0x01, 0x01, 0x01,
        0x01, 0x01, 0x01, 0x01, 0x01, 0x01, 0x01, 0x01, 0x01, 0x01, 0x01, 0x01, 0x01, 0x01, 0x01, 0x01,
        0x01, 0x01, 0x01, 0x01, 0x01, 0x01, 0x01, 0x01, 0x01, 0x01, 0x01, 0x01, 0x01, 0x01, 0x01, 0x01,
        0x01, 0x01, 0x01, 0x01, 0x01, 0x01, 0x01, 0x01, 0x01, 0x01, 0x01, 0x01, 0x01, 0x01, 0x01, 0x01,
        0x01, 0x01, 0x01, 0x01, 0x01, 0x01, 0x01, 0x01, 0x01, 0x01, 0x01, 0x01, 0x01, 0x01, 0x01, 0x01,
        0x01, 0x01, 0x01, 0x01, 0x01, 0x01, 0x01, 0x01, 0x01, 0x01, 0x01, 0x01, 0x01, 0x01, 0x01, 0x01,
        0x01, 0x01, 0x01, 0x01, 0x01, 0x01, 0x01, 0x01, 0x01, 0x01, 0x01, 0x01, 0x01, 0x01, 0x01, 0x01,
        0x01, 0x01, 0x01, 0x01, 0x01, 0x01, 0x01, 0x01, 0x01, 0x01, 0x01, 0x01, 0x01, 0x01, 0x01, 0x01,
        0x01, 0x01, 0x01, 0x01, 0x01, 0x01, 0x01, 0x01, 0x01, 0x01, 0x01, 0x01, 0x01, 0x01, 0x01, 0x01,
        0x01, 0x01, 0x01, 0x01, 0x01, 0x01, 0x01, 0x01, 0x01, 0x01, 0x01, 0x01, 0x01, 0x01, 0x01, 0x01,
        0x01, 0x01, 0x01, 0x01, 0x01, 0x01, 0x01, 0x01, 0x01, 0x01, 0x01, 0x01, 0x01, 0x01, 0x01, 0x02,
        0x0C, 0x00, 0x00, 0x00, 0x00, 0xFF, 0xFE, 0xFF, 0xFD, 0xFF, 0xFD, 0xFF, 0xFA, 0xFF, 0xF9, 0xFF,
        0xF9, 0xFF, 0xF7, 0xFF, 0xF6, 0xFF, 0xF6, 0xFF, 0xF2, 0xFF, 0xF4, 0xFF, 0xF1, 0xFF, 0xEF, 0xFF,
        0xF0, 0xFF, 0xEE, 0xFF, 0xEF, 0xFF, 0xEE, 0xFF, 0xEF, 0xFF, 0xEE, 0xFF, 0xEE, 0xFF, 0xF1, 0xFF,
        0xF2, 0xFF, 0xF1, 0xFF, 0xF2, 0xFF, 0xF3, 0xFF, 0xF7, 0xFF, 0xF7, 0xFF, 0xF7, 0xFF, 0xF9, 0xFF,
        0xFA, 0xFF, 0xFB, 0xFF, 0xFD, 0xFF, 0xFD, 0xFF, 0xFE, 0xFF, 0xFF, 0x00, 0x00, 0x00, 0x01, 0x00,
        0x04, 0x00, 0x04, 0x00, 0x04, 0x00, 0x05, 0x00, 0x05, 0x00, 0x07, 0x00, 0x06, 0x00, 0x0C, 0x00,
        0x0D, 0x00, 0x13, 0x00, 0x18, 0x00, 0x16, 0x00, 0x1B, 0x00, 0x24, 0x00, 0x29, 0x00, 0x0C, 0x00,
        0x0A, 0x00, 0x0A, 0x00, 0x09, 0x00, 0x06, 0x00, 0x06, 0x00, 0x02, 0x00, 0x01, 0x00, 0x00, 0xFF,
        0xFF, 0xFF, 0xFF, 0xFF, 0xFC, 0xFF, 0xFD, 0xFF, 0xFA, 0xFF, 0xFB, 0xFF, 0xF8, 0xFF, 0xF8, 0xFF,
        0xF6, 0xFF, 0xF7, 0xFF, 0xF2, 0xFF, 0xE9, 0xFF, 0xE6, 0xFF, 0xF3, 0xFF, 0xF5, 0xFF, 0xEE, 0xFF,
        0xF7, 0xFF, 0xF8, 0xFF, 0xF8, 0xFF, 0xFB, 0xFF, 0xFA, 0xFF, 0xFD, 0xFF, 0xFD, 0xFF, 0xFE, 0xFF,
        0xFE, 0xFF, 0xFF, 0xFF, 0xA0, 0x00, 0x00, 0x00, 0x03, 0x00, 0x03, 0x00, 0x06, 0x00, 0x06, 0x00,
        0x08, 0x00, 0x0A, 0x00, 0x0B, 0x00, 0x0C, 0x00, 0x0F, 0x00, 0x0E, 0x00, 0x12, 0x00, 0x12, 0x00,
        0x12, 0x00, 0x16, 0x00, 0x16, 0x00, 0x15, 0x00, 0x16, 0x00, 0x12, 0x00, 0x13, 0x00, 0x13, 0x00,
        0x0F, 0x00, 0x0F, 0x00, 0x0D, 0x00, 0x0E, 0x00, 0x0C, 0x00, 0x0B, 0x00, 0x08, 0x00, 0x08, 0x00,
        0x06, 0x00, 0x05, 0x00, 0x04, 0x00, 0x02, 0x00, 0x01, 0x00, 0x01, 0xFF, 0xFE, 0xFF, 0xFC, 0xFF,
        0xF9, 0xFF, 0xF8, 0xFF, 0xF5, 0xFF, 0xF4, 0xFF, 0xF2, 0xFF, 0xF1, 0xFF, 0xED, 0xFF, 0xED, 0xFF,
        0xEE, 0xFF, 0xEE, 0xFF, 0xE5, 0xFF, 0xC7, 0xFF, 0xF4, 0xFF, 0xF8, 0xFF, 0xF7, 0xFF, 0xF7, 0xFF,
        0xF9, 0xFF, 0xFB, 0xFF, 0xFD, 0xFF, 0xFE, 0xFF, 0xFF, 0x00, 0x01, 0x00, 0x01, 0x00, 0x02, 0x00,
        0x03, 0x00, 0x03, 0x00, 0x04, 0x00, 0x05, 0x00, 0x07, 0x00, 0x0F, 0x00, 0x0F, 0x00, 0x16, 0x00,
        0x0C, 0x00, 0x0B, 0x00, 0x12, 0x00, 0x09, 0x00, 0x09, 0x00, 0x08, 0x00, 0x06, 0x00, 0x06, 0x00,
        0x04, 0x00, 0x04, 0x00, 0x02, 0x00, 0x02, 0x00, 0x01, 0x01, 0x82, 0x00, 0x12, 0x00, 0x0A, 0x00,
        0x09, 0x00, 0x0C, 0x00, 0x08, 0x00, 0x0A, 0x00, 0x0A, 0x00, 0x08, 0x00, 0x09, 0x00, 0x07, 0x00,
        0x07, 0x00, 0x07, 0x00, 0x05, 0x00, 0x06, 0x00, 0x04, 0x00, 0x04, 0x00, 0x02, 0x00, 0x01, 0x00,
        0x00, 0xFF, 0xFF, 0xFF, 0xFE, 0xFF, 0xFD, 0xFF, 0xFD, 0xFF, 0xFB, 0xFF, 0xFA, 0xFF, 0xF9, 0xFF,
        0xF8, 0xFF, 0xF9, 0xFF, 0xF7, 0xFF, 0xF7, 0xFF, 0xF6, 0xFF, 0xF4, 0xFF, 0xF7, 0xFF, 0xF6, 0xFF,
        0xF6, 0xFF, 0xF5, 0xFF, 0xF4, 0xFF, 0xF3, 0xFF, 0xEA, 0xFF, 0xEA, 0xFF, 0xF4, 0xFF, 0xF7, 0xFF,
        0xF5, 0xFF, 0xF9, 0xFF, 0xF6, 0xFF, 0xF9, 0xFF, 0xF6, 0xFF, 0xF8, 0xFF, 0xF6, 0xFF, 0xF7, 0xFF,
        0xF8, 0xFF, 0xF8, 0xFF, 0xF8, 0xFF, 0xF7, 0xFF, 0xFD, 0xFF, 0xFC, 0xFF, 0xFA, 0xFF, 0xFA, 0xFF,
        0xF7, 0xFF, 0xF5, 0xFF, 0xF7, 0xFF, 0xF9, 0xFF, 0xF4, 0xFF, 0xF9, 0xFF, 0xF9, 0xFF, 0xF7, 0xFF,
        0xFA, 0xFF, 0xF9, 0xFF, 0xFB, 0xFF, 0xFA, 0xFF, 0xFB, 0xFF, 0xFC, 0xFF, 0xFD, 0xFF, 0xFC, 0xFF,
        0xFC, 0xFF, 0xFF, 0x00, 0x00, 0x00, 0x02, 0x00, 0x03, 0x00, 0x04, 0x00, 0x04, 0x00, 0x05, 0x00,
        0x04, 0x00, 0x08, 0x00, 0x05, 0x00, 0x07, 0x00, 0x07, 0x00, 0x08, 0x00, 0x08, 0x00, 0x00, 0xFF,
        0xF1, 0xFF, 0xEE, 0xFF, 0xF3, 0xFF, 0xF1, 0xFF, 0xF5, 0xFF, 0xF3, 0xFF, 0xF5, 0xFF, 0xF6, 0xFF,
        0xF8, 0xFF, 0xF7, 0xFF, 0xFA, 0xFF, 0xFA, 0xFF, 0xFC, 0xFF, 0xFD, 0xFF, 0xFD, 0x00, 0x00, 0x00,
        0x00, 0x00, 0x02, 0x00, 0x02, 0x00, 0x04, 0x00, 0x04, 0x00, 0x05, 0x00, 0x06, 0x00, 0x07, 0x00,
        0x08, 0x00, 0x09, 0x00, 0x0A, 0x00, 0x09, 0x00, 0x0D, 0x00, 0x0B, 0x00, 0x0C, 0x00, 0x0D, 0x00,
        0x0A, 0x00, 0x0B, 0x00, 0x14, 0x00, 0x17, 0x00, 0x14, 0x00, 0x12, 0x00, 0x11, 0x00, 0x0E, 0x00,
        0x0C, 0x00, 0x0B, 0x00, 0x09, 0x00, 0x0A, 0x00, 0x08, 0x00, 0x05, 0x00, 0x05, 0x00, 0x07, 0x00,
        0x0B, 0x00, 0x04, 0x00, 0x03, 0x00, 0x05, 0x00, 0x06, 0x00, 0x08, 0x00, 0x09, 0x00, 0x09, 0x00,
        0x06, 0x00, 0x0F, 0x00, 0x08, 0x00, 0x07, 0x00, 0x06, 0x00, 0x06, 0x00, 0x06, 0x00, 0x04, 0x00,
        0x05, 0x00, 0x05, 0x00, 0x07, 0x00, 0x04, 0x00, 0x03, 0x00, 0x00, 0x00, 0x00, 0xFF, 0xFD, 0xFF,
        0xFD, 0xFF, 0xFC, 0xFF, 0xFC, 0xFF, 0xFC, 0xFF, 0xF9, 0xFF, 0xFB, 0xFF, 0xFA, 0xFF, 0xFA, 0xFF,
        0xF9, 0xFF, 0xF8, 0x00, 0x00, 0x01, 0x00, 0xB5, 0xFF, 0xF7, 0x02, 0x10, 0x02, 0x79, 0x00, 0x35,
        0x00, 0x00, 0x01, 0x01, 0x01, 0x01, 0x01, 0x01, 0x01, 0x01, 0x01, 0x01, 0x01, 0x01, 0x01, 0x01,
        0x01, 0x01, 0x01, 0x01, 0x01, 0x01, 0x01, 0x01, 0x01, 0x01, 0x01, 0x01, 0x01, 0x01, 0x01, 0x01,
        0x01, 0x01, 0x01, 0x01, 0x01, 0x01, 0x01, 0x01, 0x01, 0x01, 0x01, 0x01, 0x01, 0x01, 0x01, 0x01,
        0x01, 0x01, 0x01, 0x01, 0x01, 0x01, 0x01, 0x01, 0x01, 0x6E, 0xFF, 0xA3, 0x00, 0x00, 0xFF, 0xA4,
        0x00, 0x00, 0x00, 0x5C, 0x00, 0x00, 0x00, 0x01, 0x00, 0x03, 0x00, 0x04, 0x00, 0x06, 0x00, 0x08,
        0x00, 0x05, 0x00, 0x06, 0x00, 0x0B, 0x00, 0x0E, 0x00, 0x0F, 0x00, 0x11, 0x00, 0x14, 0x00, 0x16,
        0x00, 0x14, 0x00, 0x0B, 0x00, 0x0F, 0x00, 0x0F, 0x00, 0x0C, 0x00, 0x0F, 0x00, 0x0B, 0x00, 0x0E,
        0x00, 0x0A, 0x00, 0x00, 0xFF, 0xF6, 0xFF, 0xF6, 0xFF, 0xF4, 0xFF, 0xF4, 0xFF, 0xF4, 0xFF, 0xF3,
        0xFF, 0xF4, 0xFF, 0xF4, 0xFF, 0xF8, 0xFF, 0xF5, 0xFF, 0xFA, 0xFF, 0xF7, 0xFF, 0xF9, 0xFF, 0xFA,
        0xFF, 0xFB, 0xFF, 0xFB, 0xFF, 0xFC, 0xFF, 0xFC, 0xFF, 0xFE, 0xFF, 0xFE, 0x00, 0x00, 0x00, 0xA2,
        0x00, 0x00, 0xFF, 0x5E, 0x02, 0x79, 0xFF, 0xE6, 0xFF, 0x91, 0x00, 0x00, 0xFF, 0xAD, 0x00, 0x00,
        0xFF, 0x15, 0xFF, 0xE8, 0xFF, 0xE6, 0xFF, 0xEB, 0xFF, 0xE9, 0xFF, 0xEE, 0xFF, 0xF6, 0xFF, 0xF7,
        0xFF, 0xF2, 0xFF, 0xF3, 0xFF, 0xF6, 0xFF, 0xF8, 0xFF, 0xFA, 0xFF, 0xFC, 0xFF, 0xFF, 0x00, 0x01,
        0x00, 0x01, 0x00, 0x03, 0x00, 0x03, 0x00, 0x05, 0x00, 0x04, 0x00, 0x07, 0x00, 0x05, 0x00, 0x5D,
        0xFF, 0xF9, 0xFF, 0xF9, 0xFF, 0xFA, 0xFF, 0xFB, 0xFF, 0xFB, 0xFF, 0xFD, 0xFF, 0xFD, 0xFF, 0xFE,
        0x00, 0x00, 0x00, 0x01, 0x00, 0x01, 0x00, 0x03, 0x00, 0x03, 0x00, 0x05, 0x00, 0x06, 0x00, 0x07,
        0x00, 0x0A, 0x00, 0x0E, 0x00, 0x0F, 0x00, 0x10, 0x01, 0x01, 0x00, 0x00, 0x00, 0x53, 0x00, 0x00,
        0x00, 0x01, 0x00, 0x7B, 0xFF, 0xF7, 0x02, 0x4A, 0x01, 0xF9, 0x00, 0x3B, 0x00, 0x00, 0x01, 0x01,
        0x01, 0x01, 0x01, 0x01, 0x01, 0x01, 0x01, 0x01, 0x01, 0x01, 0x01, 0x01, 0x01, 0x01, 0x01, 0x01,
        0x01, 0x01, 0x01, 0x01, 0x01, 0x01, 0x01, 0x01, 0x01, 0x01, 0x01, 0x01, 0x01, 0x01, 0x01, 0x01,
        0x01, 0x01, 0x01, 0x01, 0x01, 0x01, 0x01, 0x01, 0x01, 0x01, 0x01, 0x01, 0x01, 0x01, 0x01, 0x01,
        0x01, 0x01, 0x01, 0x01, 0x01, 0x01, 0x01, 0x01, 0x01, 0x01, 0x01, 0xE0, 0x00, 0x6A, 0x00, 0x00,
        0xFF, 0x96, 0xFF, 0xFF, 0xFF, 0xFF, 0xFF, 0xFD, 0xFF, 0xFC, 0xFF, 0xFC, 0xFF, 0xFC, 0xFF, 0xFB,
        0xFF, 0xFB, 0xFF, 0xF9, 0xFF, 0xF9, 0xFF, 0xF9, 0xFF, 0xF7, 0xFF, 0xF9, 0xFF, 0xF7, 0xFF, 0xF5,
        0xFF, 0xEB, 0xFF, 0xE9, 0xFF, 0xE6, 0xFF, 0xE9, 0xFF, 0xF0, 0xFF, 0xF2, 0xFF, 0xF4, 0xFF, 0xF7,
        0xFF, 0xF8, 0xFF, 0xFA, 0xFF, 0xFB, 0xFF, 0xFE, 0xFF, 0xFF, 0x00, 0x00, 0xFF, 0x95, 0x00, 0x00,
        0x00, 0x01, 0x00, 0x01, 0x00, 0x03, 0x00, 0x03, 0x00, 0x05, 0x00, 0x04, 0x00, 0x07, 0x00, 0x07,
        0x00, 0x07, 0x00, 0x0D, 0x00, 0x10, 0x00, 0x11, 0x00, 0x10, 0x00, 0x14, 0x00, 0x16, 0x00, 0x15,
        0x00, 0x18, 0x00, 0x1C, 0x00, 0x19, 0x00, 0x19, 0x00, 0x16, 0x00, 0x14, 0x00, 0x13, 0x00, 0x12,
        0x00, 0x0D, 0x00, 0x00, 0x00, 0x00, 0x01, 0xF9, 0x00, 0x00, 0xFE, 0xF2, 0xFF, 0xEC, 0xFF, 0xED,
        0xFF, 0xEF, 0xFF, 0xF2, 0xFF, 0xF5, 0xFF, 0xF6, 0xFF, 0xF7, 0xFF, 0xF7, 0xFF, 0xF8, 0xFF, 0xF9,
        0xFF, 0xF9, 0xFF, 0xFB, 0xFF, 0xFB, 0xFF, 0xFB, 0xFF, 0xFA, 0xFF, 0xFC, 0xFF, 0xFF, 0x00, 0x01,
        0x00, 0x02, 0x00, 0x04, 0x00, 0x06, 0x00, 0x08, 0x00, 0x09, 0x00, 0x0B, 0x00, 0x10, 0x00, 0x0F,
        0x00, 0x15, 0x01, 0x4E, 0x00, 0x00, 0xFE, 0xB5, 0xFF, 0xEC, 0xFF, 0xF3, 0xFF, 0xF0, 0xFF, 0xF4,
        0xFF, 0xF2, 0xFF, 0xF5, 0xFF, 0xF3, 0xFF, 0xF3, 0xFF, 0xF7, 0xFF, 0xF1, 0xFF, 0xF4, 0xFF, 0xF5,
        0xFF, 0xF8, 0xFF, 0xF8, 0xFF, 0xFB, 0xFF, 0xFE, 0xFF, 0xFF, 0x00, 0x02, 0x00, 0x03, 0x00, 0x06,
        0x00, 0x08, 0x00, 0x09, 0x00, 0x0B, 0x00, 0x0D, 0x00, 0x0D, 0x00, 0x00, 0x00, 0x01, 0x00, 0x6B,
        0x00, 0x00, 0x02, 0x51, 0x01, 0xF3, 0x00, 0x07, 0x00, 0x00, 0x01, 0x01, 0x01, 0x01, 0x01, 0x01,
        0x01, 0x01, 0x00, 0xD7, 0xFF, 0x94, 0x00, 0xAD, 0x00, 0x8C, 0x00, 0xAD, 0xFF, 0x94, 0xFF, 0x79,
        0xFF, 0xFF, 0x01, 0xF3, 0x00, 0x00, 0xFE, 0x0D, 0x00, 0x00, 0x01, 0xF3, 0x00, 0x00, 0xFE, 0x62,
        0x00, 0x00, 0x00, 0x00, 0x00, 0x01, 0x00, 0x73, 0x00, 0x00, 0x02, 0x49, 0x01, 0xF8, 0x00, 0x0F,
        0x00, 0x00, 0x01, 0x01, 0x01, 0x01, 0x01, 0x01, 0x01, 0x01, 0x01, 0x01, 0x01, 0x01, 0x01, 0x01,
        0x01, 0x01, 0x00, 0xD8, 0xFF, 0x9B, 0x00, 0x3E, 0x00, 0x74, 0x00, 0x38, 0x00, 0x02, 0x00, 0x38,
        0x00, 0x77, 0x00, 0x3B, 0xFF, 0x9B, 0xFF, 0xDE, 0xFF, 0xFE, 0xFF, 0xCE, 0xFF, 0x9F, 0xFF, 0xCF,
        0xFF, 0xFE, 0x01, 0xF8, 0x00, 0x00, 0xFE, 0x08, 0x00, 0x00, 0x00, 0xCE, 0x00, 0x00, 0xFF, 0x32,
        0x00, 0x00, 0x01, 0xF8, 0x00, 0x00, 0xFE, 0x8B, 0x00, 0x00, 0x00, 0xB2, 0x00, 0x00, 0xFF, 0x59,
        0x00, 0x00, 0x00, 0x00, 0x00, 0x01, 0x00, 0x7A, 0x00, 0x00, 0x02, 0x42, 0x01, 0xF8, 0x00, 0x0B,
        0x00, 0x00, 0x01, 0x01, 0x01, 0x01, 0x01, 0x01, 0x01, 0x01, 0x01, 0x01, 0x01, 0x01, 0x00, 0xFB,
        0xFF, 0x7F, 0x00, 0xAB, 0xFF, 0x55, 0x00, 0x6E, 0x00, 0x71, 0x00, 0x71, 0x00, 0x78, 0xFF, 0x4F,
        0x00, 0x9F, 0xFF, 0x92, 0xFF, 0x9D, 0x01, 0xF8, 0x00, 0x00, 0xFF, 0x06, 0xFF, 0x02, 0x00, 0x00,
        0x00, 0xB8, 0xFF, 0x48, 0x00, 0x00, 0x01, 0x01, 0x00, 0xF7, 0x00, 0x00, 0xFF, 0x57, 0x00, 0x00,
        0x00, 0x01, 0x00, 0x70, 0xFF, 0x57, 0x02, 0x4F, 0x01, 0xEA, 0x00, 0x1D, 0x00, 0x00, 0x01, 0x01,
        0x01, 0x01, 0x01, 0x01, 0x01, 0x01, 0x01, 0x01, 0x01, 0x01, 0x01, 0x01, 0x01, 0x01, 0x01, 0x01,
        0x01, 0x01, 0x01, 0x01, 0x01, 0x01, 0x01, 0x01, 0x01, 0x01, 0x01, 0x01, 0x01, 0x68, 0xFF, 0x7A,
        0xFF, 0x8E, 0x00, 0xC8, 0xFF, 0xAF, 0xFF, 0xFA, 0xFF, 0xF9, 0xFF, 0xF8, 0xFF, 0xFA, 0xFF, 0xF7,
        0xFF, 0xF8, 0xFF, 0xF8, 0xFF, 0xF7, 0xFF, 0xE9, 0x00, 0x00, 0x00, 0x21, 0x00, 0x18, 0x00, 0x0B,
        0x00, 0x09, 0x00, 0x0A, 0x00, 0x0B, 0x00, 0x08, 0x00, 0x09, 0x00, 0x07, 0x00, 0x09, 0x00, 0x06,
        0x00, 0x08, 0x00, 0x10, 0x01, 0x1B, 0xFF, 0x9F, 0x00, 0xD7, 0x01, 0x13, 0x00, 0x00, 0xFE, 0x8B,
        0xFF, 0x66, 0xFF, 0xF5, 0xFF, 0xF7, 0xFF, 0xF7, 0xFF, 0xFB, 0xFF, 0xFA, 0xFF, 0xFD, 0xFF, 0xFD,
        0xFF, 0xFE, 0x00, 0x00, 0xFF, 0xAC, 0x00, 0x00, 0x00, 0x02, 0x00, 0x03, 0x00, 0x02, 0x00, 0x04,
        0x00, 0x05, 0x00, 0x05, 0x00, 0x07, 0x00, 0x07, 0x00, 0x09, 0x00, 0x09, 0x00, 0x0B, 0x00, 0x1B,
        0x02, 0x38, 0x00, 0x00, 0x00, 0x01, 0x00, 0x9C, 0x00, 0x00, 0x02, 0x27, 0x02, 0x0F, 0x00, 0x09,
        0x00, 0x00, 0x01, 0x01, 0x01, 0x01, 0x01, 0x01, 0x01, 0x01, 0x01, 0x01, 0x02, 0x12, 0xFE, 0x9C,
        0x00, 0x00, 0x00, 0xF5, 0xFE, 0xF9, 0x00, 0x00, 0x01, 0x8B, 0x00, 0x00, 0xFE, 0xE1, 0x01, 0x0A,
        0x02, 0x0F, 0x00, 0x00, 0xFF, 0xA6, 0x00, 0x00, 0xFE, 0xB8, 0xFF, 0x93, 0x00, 0x00, 0x00, 0x5A,
        0x00, 0x00, 0x01, 0x4D, 0x00, 0x01, 0x00, 0x9B, 0x00, 0x00, 0x02, 0x21, 0x02, 0xA6, 0x00, 0x70,
        0x00, 0x00, 0x01, 0x01, 0x01, 0x01, 0x01, 0x01, 0x01, 0x01, 0x01, 0x01, 0x01, 0x01, 0x01, 0x01,
        0x01, 0x01, 0x01, 0x01, 0x01, 0x01, 0x01, 0x01, 0x01, 0x01, 0x01, 0x01, 0x01, 0x01, 0x01, 0x01,
        0x01, 0x01, 0x01, 0x01, 0x01, 0x01, 0x01, 0x01, 0x01, 0x01, 0x01, 0x01, 0x01, 0x01, 0x01, 0x01,
        0x01, 0x01, 0x01, 0x01, 0x01, 0x01, 0x01, 0x01, 0x01, 0x01, 0x01, 0x01, 0x01, 0x01, 0x01, 0x01,
        0x01, 0x01, 0x01, 0x01, 0x01, 0x01, 0x01, 0x01, 0x01, 0x01, 0x01, 0x01, 0x01, 0x01, 0x01, 0x01,
        0x01, 0x01, 0x01, 0x01, 0x01, 0x01, 0x01, 0x01, 0x01, 0x01, 0x01, 0x01, 0x01, 0x01, 0x01, 0x01,
        0x01, 0x01, 0x01, 0x01, 0x01, 0x01, 0x01, 0x01, 0x01, 0x01, 0x01, 0x01, 0x01, 0x01, 0x01, 0x01,
        0x01, 0x01, 0x01, 0x00, 0x9B, 0x00, 0x36, 0x00, 0x0F, 0x00, 0x0B, 0x00, 0x0C, 0x00, 0x08, 0x00,
        0x07, 0x00, 0x05, 0x00, 0x05, 0x00, 0x02, 0x00, 0x02, 0x00, 0x02, 0x00, 0x00, 0x00, 0x01, 0x00,
        0x02, 0x00, 0x05, 0x00, 0x03, 0x00, 0x04, 0x00, 0x05, 0x00, 0x06, 0x00, 0x06, 0x00, 0x09, 0x00,
        0x07, 0x00, 0x0A, 0x00, 0x0F, 0x00, 0x12, 0x00, 0x15, 0x00, 0x16, 0x00, 0x12, 0x00, 0x12, 0x00,
        0x61, 0x00, 0x00, 0xFF, 0xB4, 0xFF, 0xEE, 0xFF, 0xF1, 0xFF, 0xF1, 0xFF, 0xF4, 0xFF, 0xFA, 0xFF,
        0xFB, 0xFF, 0xF9, 0xFF, 0xFB, 0xFF, 0xFD, 0xFF, 0xFE, 0xFF, 0xFE, 0xFF, 0xFF, 0x00, 0x00, 0xFF,
        0xFF, 0xFF, 0xFE, 0xFF, 0xFD, 0xFF, 0xFD, 0xFF, 0xFC, 0xFF, 0xFB, 0xFF, 0xFA, 0xFF, 0xFA, 0xFF,
        0xFA, 0xFF, 0xFB, 0xFF, 0xE6, 0x00, 0x1A, 0x00, 0x05, 0x00, 0x06, 0x00, 0x06, 0x00, 0x06, 0x00,
        0x05, 0x00, 0x04, 0x00, 0x03, 0x00, 0x03, 0x00, 0x02, 0x00, 0x01, 0x00, 0x00, 0x00, 0x01, 0x00,
        0x02, 0x00, 0x02, 0x00, 0x03, 0x00, 0x05, 0x00, 0x07, 0x00, 0x05, 0x00, 0x06, 0x00, 0x0C, 0x00,
        0x0F, 0x00, 0x0F, 0x00, 0x12, 0x00, 0x4C, 0x00, 0x00, 0xFF, 0x9F, 0xFF, 0xEE, 0xFF, 0xEE, 0xFF,
        0xEA, 0xFF, 0xEB, 0xFF, 0xEE, 0xFF, 0xF1, 0xFF, 0xF6, 0xFF, 0xF9, 0xFF, 0xF7, 0xFF, 0xFA, 0xFF,
        0xFA, 0xFF, 0xFB, 0xFF, 0xFC, 0xFF, 0xFD, 0xFF, 0xFB, 0xFF, 0xFE, 0xFF, 0xFF, 0x00, 0x00, 0xFF,
        0xFE, 0xFF, 0xFE, 0xFF, 0xFE, 0xFF, 0xFB, 0xFF, 0xFB, 0xFF, 0xF9, 0xFF, 0xF8, 0xFF, 0xF4, 0xFF,
        0xF5, 0xFF, 0xF1, 0xFF, 0xCA, 0x01, 0x28, 0xFF, 0xFF, 0xFF, 0xFF, 0xFF, 0xFF, 0xFF, 0xFD, 0xFF,
        0xFC, 0xFF, 0xFB, 0xFF, 0xFA, 0xFF, 0xF9, 0xFF, 0xF9, 0xFF, 0xF8, 0xFF, 0xF8, 0xFF, 0xF2, 0xFF,
        0xB3, 0xFF, 0xEA, 0xFF, 0xEB, 0xFF, 0xF6, 0xFF, 0xF5, 0xFF, 0xF7, 0xFF, 0xF4, 0xFF, 0xF8, 0xFF,
        0xF6, 0xFF, 0xF9, 0xFF, 0xF8, 0xFF, 0xF5, 0xFF, 0xF7, 0xFF, 0xF9, 0xFF, 0xFB, 0xFF, 0xFD, 0xFF,
        0xFF, 0x00, 0x00, 0x00, 0x56, 0x00, 0x00, 0x00, 0x01, 0x00, 0x02, 0x00, 0x03, 0x00, 0x06, 0x00,
        0x03, 0x00, 0x04, 0x00, 0x09, 0x00, 0x08, 0x00, 0x07, 0x00, 0x08, 0x00, 0x09, 0x00, 0x12, 0x00,
        0x40, 0x00, 0x0E, 0x00, 0x15, 0x00, 0x0C, 0x00, 0x09, 0x00, 0x0C, 0x00, 0x07, 0x00, 0x0A, 0x00,
        0x06, 0x00, 0x05, 0x00, 0x03, 0x00, 0x0C, 0x00, 0x0C, 0x00, 0x03, 0x00, 0x05, 0x00, 0x06, 0x00,
        0x0A, 0x00, 0x07, 0x00, 0x0C, 0x00, 0x08, 0x00, 0x0C, 0x00, 0x15, 0x00, 0x0E, 0x00, 0x41, 0x00,
        0x12, 0x00, 0x09, 0x00, 0x08, 0x00, 0x07, 0x00, 0x08, 0x00, 0x09, 0x00, 0x04, 0x00, 0x03, 0x00,
        0x06, 0x00, 0x03, 0x00, 0x02, 0x00, 0x01, 0x00, 0x00, 0x00, 0x56, 0x00, 0x00, 0xFF, 0xFF, 0xFF,
        0xFD, 0xFF, 0xFB, 0xFF, 0xF9, 0xFF, 0xF6, 0xFF, 0xF6, 0xFF, 0xF8, 0xFF, 0xF9, 0xFF, 0xF6, 0xFF,
        0xF7, 0xFF, 0xF5, 0xFF, 0xF6, 0xFF, 0xF6, 0xFF, 0xF5, 0xFF, 0xEC, 0xFF, 0xEA, 0xFF, 0xB2, 0xFF,
        0xF3, 0xFF, 0xF7, 0xFF, 0xF8, 0xFF, 0xFA, 0xFF, 0xF8, 0xFF, 0xFA, 0xFF, 0xFB, 0xFF, 0xFC, 0xFF,
        0xFD, 0xFF, 0xFF, 0xFF, 0xFF, 0x00, 0x00, 0x00, 0x00, 0x01, 0x01, 0x2D, 0xFF, 0xC1, 0x01, 0x8F,
        0x03, 0x33, 0x00, 0x03, 0x00, 0x00, 0x01, 0x01, 0x01, 0x01, 0x01, 0x2D, 0x00, 0x62, 0x00, 0x00,
        0xFF, 0x9E, 0xFF, 0xC1, 0x00, 0x00, 0x03, 0x72, 0x00, 0x00, 0x00, 0x00, 0x00, 0x01, 0x00, 0x9E,
        0x00, 0x00, 0x02, 0x23, 0x02, 0xA6, 0x00, 0x73, 0x00, 0x00, 0x01, 0x01, 0x01, 0x01, 0x01, 0x01,
        0x01, 0x01, 0x01, 0x01, 0x01, 0x01, 0x01, 0x01, 0x01, 0x01, 0x01, 0x01, 0x01, 0x01, 0x01, 0x01,
        0x01, 0x01, 0x01, 0x01, 0x01, 0x01, 0x01, 0x01, 0x01, 0x01, 0x01, 0x01, 0x01, 0x01, 0x01, 0x01,
        0x01, 0x01, 0x01, 0x01, 0x01, 0x01, 0x01, 0x01, 0x01, 0x01, 0x01, 0x01, 0x01, 0x01, 0x01, 0x01,
        0x01, 0x01, 0x01, 0x01, 0x01, 0x01, 0x01, 0x01, 0x01, 0x01, 0x01, 0x01, 0x01, 0x01, 0x01, 0x01,
        0x01, 0x01, 0x01, 0x01, 0x01, 0x01, 0x01, 0x01, 0x01, 0x01, 0x01, 0x01, 0x01, 0x01, 0x01, 0x01,
        0x01, 0x01, 0x01, 0x01, 0x01, 0x01, 0x01, 0x01, 0x01, 0x01, 0x01, 0x01, 0x01, 0x01, 0x01, 0x01,
        0x01, 0x01, 0x01, 0x01, 0x01, 0x01, 0x01, 0x01, 0x01, 0x01, 0x01, 0x01, 0x01, 0x01, 0x02, 0x23,
        0xFF, 0xCA, 0xFF, 0xF1, 0xFF, 0xF5, 0xFF, 0xF4, 0xFF, 0xF8, 0xFF, 0xF8, 0xFF, 0xFB, 0xFF, 0xFC,
        0xFF, 0xFD, 0xFF, 0xFF, 0xFF, 0xFE, 0x00, 0x00, 0x00, 0x00, 0xFF, 0xFF, 0xFF, 0xFD, 0xFF, 0xFC,
        0xFF, 0xFC, 0xFF, 0xFC, 0xFF, 0xFC, 0xFF, 0xF9, 0xFF, 0xFA, 0xFF, 0xF8, 0xFF, 0xF8, 0xFF, 0xF7,
        0xFF, 0xF1, 0xFF, 0xED, 0xFF, 0xEB, 0xFF, 0xEA, 0xFF, 0xEF, 0xFF, 0xEE, 0xFF, 0xA0, 0x00, 0x00,
        0x00, 0x4C, 0x00, 0x11, 0x00, 0x10, 0x00, 0x0E, 0x00, 0x0D, 0x00, 0x05, 0x00, 0x05, 0x00, 0x08,
        0x00, 0x04, 0x00, 0x03, 0x00, 0x02, 0x00, 0x02, 0x00, 0x01, 0x00, 0x00, 0x00, 0x01, 0x00, 0x03,
        0x00, 0x03, 0x00, 0x02, 0x00, 0x05, 0x00, 0x04, 0x00, 0x06, 0x00, 0x06, 0x00, 0x07, 0x00, 0x04,
        0x00, 0x1A, 0xFF, 0xE6, 0xFF, 0xFC, 0xFF, 0xF9, 0xFF, 0xFB, 0xFF, 0xF9, 0xFF, 0xFC, 0xFF, 0xFC,
        0xFF, 0xFD, 0xFF, 0xFD, 0xFF, 0xFE, 0xFF, 0xFF, 0xFF, 0xFF, 0x00, 0x00, 0xFF, 0xFF, 0xFF, 0xFE,
        0xFF, 0xFE, 0xFF, 0xFD, 0xFF, 0xFC, 0xFF, 0xF8, 0xFF, 0xFB, 0xFF, 0xFB, 0xFF, 0xF3, 0xFF, 0xF2,
        0xFF, 0xF0, 0xFF, 0xEF, 0xFF, 0xB4, 0x00, 0x00, 0x00, 0x60, 0x00, 0x12, 0x00, 0x11, 0x00, 0x16,
        0x00, 0x15, 0x00, 0x13, 0x00, 0x0F, 0x00, 0x09, 0x00, 0x08, 0x00, 0x08, 0x00, 0x06, 0x00, 0x07,
        0x00, 0x04, 0x00, 0x04, 0x00, 0x04, 0x00, 0x04, 0x00, 0x03, 0x00, 0x01, 0x00, 0x00, 0x00, 0x00,
        0x00, 0x02, 0x00, 0x01, 0x00, 0x03, 0x00, 0x04, 0x00, 0x05, 0x00, 0x08, 0x00, 0x08, 0x00, 0x0C,
        0x00, 0x0B, 0x00, 0x0F, 0x00, 0x36, 0x01, 0x7E, 0x00, 0x00, 0x00, 0x01, 0x00, 0x01, 0x00, 0x03,
        0x00, 0x04, 0x00, 0x06, 0x00, 0x06, 0x00, 0x07, 0x00, 0x07, 0x00, 0x08, 0x00, 0x08, 0x00, 0x0D,
        0x00, 0x44, 0x00, 0x0D, 0x00, 0x16, 0x00, 0x13, 0x00, 0x0B, 0x00, 0x0A, 0x00, 0x0A, 0x00, 0x0B,
        0x00, 0x08, 0x00, 0x0A, 0x00, 0x07, 0x00, 0x08, 0x00, 0x0A, 0x00, 0x09, 0x00, 0x07, 0x00, 0x05,
        0x00, 0x03, 0x00, 0x01, 0x00, 0x00, 0xFF, 0xAA, 0x00, 0x00, 0xFF, 0xFF, 0xFF, 0xFE, 0xFF, 0xFD,
        0xFF, 0xFA, 0xFF, 0xFD, 0xFF, 0xFC, 0xFF, 0xF7, 0xFF, 0xF8, 0xFF, 0xF9, 0xFF, 0xF8, 0xFF, 0xF7,
        0xFF, 0xEE, 0xFF, 0xBF, 0xFF, 0xF2, 0xFF, 0xEB, 0xFF, 0xF4, 0xFF, 0xF8, 0xFF, 0xF4, 0xFF, 0xF9,
        0xFF, 0xF6, 0xFF, 0xFA, 0xFF, 0xFB, 0xFF, 0xFD, 0xFF, 0xF4, 0xFF, 0xF4, 0xFF, 0xFD, 0xFF, 0xFB,
        0xFF, 0xFA, 0xFF, 0xF7, 0xFF, 0xF9, 0xFF, 0xF5, 0xFF, 0xF7, 0xFF, 0xF4, 0xFF, 0xF4, 0xFF, 0xF5,
        0xFF, 0xF2, 0xFF, 0xC0, 0xFF, 0xEE, 0xFF, 0xF7, 0xFF, 0xF8, 0xFF, 0xF9, 0xFF, 0xF8, 0xFF, 0xF7,
        0xFF, 0xFC, 0xFF, 0xFD, 0xFF, 0xFA, 0xFF, 0xFD, 0xFF, 0xFE, 0xFF, 0xFF, 0x00, 0x00, 0xFF, 0xAA,
        0x00, 0x00, 0x00, 0x01, 0x00, 0x03, 0x00, 0x05, 0x00, 0x07, 0x00, 0x09, 0x00, 0x0A, 0x00, 0x08,
        0x00, 0x07, 0x00, 0x09, 0x00, 0x09, 0x00, 0x0B, 0x00, 0x09, 0x00, 0x0B, 0x00, 0x0A, 0x00, 0x14,
        0x00, 0x16, 0x00, 0x0D, 0x00, 0x43, 0x00, 0x0D, 0x00, 0x09, 0x00, 0x07, 0x00, 0x07, 0x00, 0x08,
        0x00, 0x06, 0x00, 0x06, 0x00, 0x03, 0x00, 0x03, 0x00, 0x02, 0x00, 0x00, 0x00, 0x01, 0x00, 0x00,
        0x00, 0x01, 0x00, 0xA6, 0x02, 0x18, 0x02, 0x11, 0x02, 0xA6, 0x00, 0x42, 0x00, 0x00, 0x01, 0x01,
        0x01, 0x01, 0x01, 0x01, 0x01, 0x01, 0x01, 0x01, 0x01, 0x01, 0x01, 0x01, 0x01, 0x01, 0x01, 0x01,
        0x01, 0x01, 0x01, 0x01, 0x01, 0x01, 0x01, 0x01, 0x01, 0x01, 0x01, 0x01, 0x01, 0x01, 0x01, 0x01,
        0x01, 0x01, 0x01, 0x01, 0x01, 0x01, 0x01, 0x01, 0x01, 0x01, 0x01, 0x01, 0x01, 0x01, 0x01, 0x01,
        0x01, 0x01, 0x01, 0x01, 0x01, 0x01, 0x01, 0x01, 0x01, 0x01, 0x01, 0x01, 0x01, 0x01, 0x01, 0x01,
        0x01, 0x00, 0xFB, 0x00, 0x01, 0x00, 0x01, 0x00, 0x03, 0x00, 0x04, 0x00, 0x06, 0x00, 0x04, 0x00,
        0x06, 0x00, 0x06, 0x00, 0x05, 0x00, 0x06, 0x00, 0x0B, 0x00, 0x0A, 0x00, 0x1A, 0x00, 0x0B, 0x00,
        0x12, 0x00, 0x0F, 0x00, 0x13, 0x00, 0x11, 0x00, 0x10, 0x00, 0x09, 0x00, 0x09, 0x00, 0x0D, 0x00,
        0x0D, 0x00, 0x0A, 0x00, 0x0A, 0x00, 0x08, 0x00, 0x08, 0x00, 0x05, 0x00, 0x05, 0x00, 0x02, 0x00,
        0x01, 0xFF, 0xAB, 0x00, 0x00, 0xFF, 0xFE, 0xFF, 0xFE, 0xFF, 0xFB, 0xFF, 0xFB, 0xFF, 0xFB, 0xFF,
        0xFA, 0xFF, 0xF7, 0xFF, 0xF6, 0xFF, 0xF5, 0xFF, 0xF6, 0xFF, 0xDE, 0xFF, 0xF7, 0xFF, 0xF6, 0xFF,
        0xF5, 0xFF, 0xF5, 0xFF, 0xF4, 0xFF, 0xF2, 0xFF, 0xF3, 0xFF, 0xF4, 0xFF, 0xF4, 0xFF, 0xF6, 0xFF,
        0xF6, 0xFF, 0xF6, 0xFF, 0xF8, 0xFF, 0xF7, 0xFF, 0xF9, 0xFF, 0xFB, 0xFF, 0xFB, 0xFF, 0xFB, 0xFF,
        0xFD, 0xFF, 0xFE, 0xFF, 0xFF, 0x00, 0x00, 0x02, 0x20, 0x00, 0x0C, 0x00, 0x09, 0x00, 0x09, 0x00,
        0x08, 0x00, 0x07, 0x00, 0x03, 0x00, 0x02, 0x00, 0x01, 0xFF, 0xFF, 0xFF, 0xFF, 0xFF, 0xFB, 0xFF,
        0xFA, 0xFF, 0xEE, 0xFF, 0xF9, 0xFF, 0xF7, 0xFF, 0xFA, 0xFF, 0xFC, 0xFF, 0xFE, 0x00, 0x01, 0x00,
        0x01, 0x00, 0x03, 0x00, 0x05, 0x00, 0x08, 0x00, 0x09, 0x00, 0x0A, 0x00, 0x0C, 0x00, 0x0F, 0x00,
        0x0E, 0x00, 0x11, 0x00, 0x11, 0x00, 0x12, 0x00, 0x00, 0xFF, 0xF5, 0xFF, 0xF7, 0xFF, 0xF8, 0xFF,
        0xF8, 0xFF, 0xFA, 0xFF, 0xFC, 0xFF, 0xFE, 0x00, 0x00, 0x00, 0x02, 0x00, 0x05, 0x00, 0x06, 0x00,
        0x1A, 0x00, 0x05, 0x00, 0x05, 0x00, 0x05, 0x00, 0x03, 0x00, 0x02, 0x00, 0x01, 0xFF, 0xFF, 0xFF,
        0xFF, 0xFF, 0xFD, 0xFF, 0xFC, 0xFF, 0xFB, 0xFF, 0xFA, 0xFF, 0xF9, 0xFF, 0xF6, 0xFF, 0xF7, 0xFF,
        0xF7, 0xFF, 0xF5, 0xFF, 0xF3, 0xFF, 0xF4, 0xFF, 0xF1, 0xFF, 0xF4, 0xFF, 0xF0, 0x00, 0x00, 0x00,
        0x00, 0x01, 0x00, 0xA1, 0x00, 0x00, 0x02, 0x22, 0x02, 0xA6, 0x00, 0x3A, 0x00, 0x00, 0x01, 0x01,
        0x01, 0x01, 0x01, 0x01, 0x01, 0x01, 0x01, 0x01, 0x01, 0x01, 0x01, 0x01, 0x01, 0x01, 0x01, 0x01,
        0x01, 0x01, 0x01, 0x01, 0x01, 0x01, 0x01, 0x01, 0x01, 0x01, 0x01, 0x01, 0x01, 0x01, 0x01, 0x01,
        0x01, 0x01, 0x01, 0x01, 0x01, 0x01, 0x01, 0x01, 0x01, 0x01, 0x01, 0x01, 0x01, 0x01, 0x01, 0x01,
        0x01, 0x01, 0x01, 0x01, 0x01, 0x01, 0x01, 0x01, 0x01, 0x01, 0x67, 0x00, 0x74, 0x00, 0x00, 0xFF,
        0x9F, 0x00, 0x1B, 0x00, 0x04, 0x00, 0x04, 0x00, 0x04, 0x00, 0x06, 0x00, 0x06, 0x00, 0x06, 0x00,
        0x09, 0x00, 0x09, 0x00, 0x09, 0x00, 0x08, 0x00, 0x08, 0x00, 0x0A, 0x00, 0x0A, 0x00, 0x08, 0x00,
        0x07, 0x00, 0x06, 0x00, 0x1B, 0x00, 0x00, 0xFF, 0xF8, 0xFF, 0xF7, 0xFF, 0xF8, 0xFF, 0xF9, 0xFF,
        0xF6, 0xFF, 0xF7, 0xFF, 0xF5, 0xFF, 0xF8, 0xFF, 0xF5, 0xFF, 0xF4, 0xFF, 0xF7, 0xFF, 0xF5, 0xFF,
        0xF5, 0xFF, 0xF6, 0xFF, 0xF6, 0xFF, 0xF7, 0xFF, 0xF8, 0xFF, 0xF6, 0xFF, 0xF9, 0xFF, 0xF8, 0xFF,
        0xF8, 0xFF, 0xFA, 0xFF, 0xF9, 0xFF, 0xFB, 0xFF, 0xF7, 0xFF, 0xF9, 0xFF, 0xE3, 0xFF, 0x91, 0x00,
        0x00, 0x00, 0x5C, 0xFF, 0xD1, 0xFF, 0xC2, 0x00, 0x00, 0x01, 0x81, 0x00, 0x00, 0xFF, 0x15, 0x01,
        0x33, 0x00, 0x00, 0x00, 0x56, 0x00, 0x00, 0x00, 0x83, 0x00, 0x0F, 0x00, 0x0E, 0x00, 0x0A, 0x00,
        0x09, 0x00, 0x08, 0x00, 0x05, 0x00, 0x04, 0x00, 0x02, 0x00, 0x01, 0xFF, 0xFF, 0xFF, 0xFE, 0xFF,
        0xFC, 0xFF, 0xF9, 0xFF, 0xF9, 0xFF, 0xF7, 0xFF, 0xF6, 0x00, 0x00, 0x00, 0x58, 0x00, 0x08, 0x00,
        0x08, 0x00, 0x06, 0x00, 0x04, 0x00, 0x04, 0x00, 0x04, 0x00, 0x02, 0x00, 0x01, 0x00, 0x01, 0x00,
        0x00, 0xFF, 0xFF, 0xFF, 0xFE, 0xFF, 0xFD, 0xFF, 0xFC, 0xFF, 0xFB, 0xFF, 0xFB, 0xFF, 0xFA, 0xFF,
        0xF7, 0xFF, 0xF8, 0xFF, 0xF5, 0xFF, 0xF5, 0xFF, 0xF4, 0xFF, 0xF4, 0xFF, 0xF2, 0xFF, 0xE8, 0xFF,
        0xE6, 0xFF, 0x7C, 0x00, 0x00, 0xFF, 0xAA, 0x00, 0x00, 0xFF, 0x23, 0x00, 0x00, 0xFF, 0xAA, 0x00,
        0x00, 0x00, 0x56, 0x00, 0x00, 0x00, 0x00, 0x00, 0x00, 0x02, 0x00, 0x6A, 0x00, 0x46, 0x02, 0x4C,
        0x02, 0x33, 0x00, 0x4B, 0x00, 0x8C, 0x00, 0x00, 0x01, 0x01, 0x01, 0x01, 0x01, 0x01, 0x01, 0x01,
        0x01, 0x01, 0x01, 0x01, 0x01, 0x01, 0x01, 0x01, 0x01, 0x01, 0x01, 0x01, 0x01, 0x01, 0x01, 0x01,
        0x01, 0x01, 0x01, 0x01, 0x01, 0x01, 0x01, 0x01, 0x01, 0x01, 0x01, 0x01, 0x01, 0x01, 0x01, 0x01,
        0x01, 0x01, 0x01, 0x01, 0x01, 0x01, 0x01, 0x01, 0x01, 0x01, 0x01, 0x01, 0x01, 0x01, 0x01, 0x01,
        0x01, 0x01, 0x01, 0x01, 0x01, 0x01, 0x01, 0x01, 0x01, 0x01, 0x01, 0x01, 0x01, 0x01, 0x01, 0x01,
        0x01, 0x01, 0x01, 0x01, 0x01, 0x01, 0x01, 0x01, 0x01, 0x01, 0x01, 0x01, 0x01, 0x01, 0x01, 0x01,
        0x01, 0x01, 0x01, 0x01, 0x01, 0x01, 0x01, 0x01, 0x01, 0x01, 0x01, 0x01, 0x01, 0x01, 0x01, 0x01,
        0x01, 0x01, 0x01, 0x01, 0x01, 0x01, 0x01, 0x01, 0x01, 0x01, 0x01, 0x01, 0x01, 0x01, 0x01, 0x01,
        0x01, 0x01, 0x01, 0x01, 0x01, 0x01, 0x01, 0x01, 0x01, 0x01, 0x01, 0x01, 0x01, 0x01, 0x01, 0x01,
        0x01, 0x01, 0x01, 0x01, 0x01, 0x00, 0x6A, 0x00, 0x4C, 0xFF, 0xF9, 0xFF, 0xF9, 0xFF, 0xFB, 0xFF,
        0xFD, 0xFF, 0xFD, 0xFF, 0xFE, 0xFF, 0xFF, 0x00, 0x00, 0x00, 0x00, 0x00, 0x01, 0x00, 0x02, 0x00,
        0x03, 0x00, 0x04, 0x00, 0x05, 0x00, 0x06, 0x00, 0x07, 0xFF, 0xB4, 0x00, 0x42, 0x00, 0x48, 0x00,
        0x06, 0x00, 0x0A, 0x00, 0x0C, 0x00, 0x0E, 0x00, 0x0E, 0x00, 0x13, 0x00, 0x11, 0x00, 0x0C, 0x00,
        0x0C, 0x00, 0x12, 0x00, 0x0E, 0x00, 0x0F, 0x00, 0x0F, 0x00, 0x0C, 0x00, 0x0B, 0x00, 0x06, 0x00,
        0x48, 0x00, 0x41, 0xFF, 0xB4, 0x00, 0x08, 0x00, 0x06, 0x00, 0x05, 0x00, 0x03, 0x00, 0x04, 0x00,
        0x02, 0x00, 0x01, 0x00, 0x00, 0x00, 0x00, 0xFF, 0xFF, 0xFF, 0xFD, 0xFF, 0xFE, 0xFF, 0xFC, 0xFF,
        0xFB, 0xFF, 0xFA, 0xFF, 0xF8, 0x00, 0x4C, 0xFF, 0xBF, 0xFF, 0xB8, 0xFF, 0xFA, 0xFF, 0xF5, 0xFF,
        0xF7, 0xFF, 0xF2, 0xFF, 0xF1, 0xFF, 0xEE, 0xFF, 0xF1, 0xFF, 0xF1, 0xFF, 0xF4, 0xFF, 0xEF, 0xFF,
        0xED, 0xFF, 0xF2, 0xFF, 0xF2, 0xFF, 0xF4, 0xFF, 0xF6, 0xFF, 0xFA, 0xFF, 0xB8, 0x00, 0xB0, 0xFF,
        0xF6, 0xFF, 0xF4, 0xFF, 0xF6, 0xFF, 0xF5, 0xFF, 0xF7, 0xFF, 0xF6, 0xFF, 0xF9, 0xFF, 0xF7, 0xFF,
        0xF8, 0xFF, 0xFA, 0xFF, 0xFA, 0xFF, 0xFC, 0xFF, 0xFC, 0xFF, 0xFD, 0xFF, 0xFE, 0xFF, 0xFF, 0x00,
        0x01, 0x00, 0x01, 0x00, 0x02, 0x00, 0x04, 0x00, 0x04, 0x00, 0x05, 0x00, 0x06, 0x00, 0x08, 0x00,
        0x08, 0x00, 0x08, 0x00, 0x0A, 0x00, 0x08, 0x00, 0x0C, 0x00, 0x09, 0x00, 0x0D, 0x00, 0x0A, 0x00,
        0x09, 0x00, 0x0D, 0x00, 0x09, 0x00, 0x0C, 0x00, 0x08, 0x00, 0x0B, 0x00, 0x07, 0x00, 0x0A, 0x00,
        0x08, 0x00, 0x06, 0x00, 0x06, 0x00, 0x05, 0x00, 0x04, 0x00, 0x03, 0x00, 0x02, 0x00, 0x00, 0x00,
        0x00, 0xFF, 0xFF, 0xFF, 0xFE, 0xFF, 0xFC, 0xFF, 0xFD, 0xFF, 0xFA, 0xFF, 0xFB, 0xFF, 0xF8, 0xFF,
        0xF7, 0xFF, 0xF7, 0xFF, 0xF6, 0xFF, 0xF8, 0xFF, 0xF5, 0xFF, 0xF7, 0xFF, 0xF3, 0xFF, 0xF7, 0x01,
        0xF1, 0xFF, 0xB5, 0xFF, 0xF2, 0xFF, 0xF3, 0xFF, 0xF3, 0xFF, 0xF4, 0xFF, 0xF5, 0xFF, 0xF2, 0xFF,
        0xF4, 0xFF, 0xF0, 0xFF, 0xF0, 0xFF, 0xF4, 0xFF, 0xF3, 0xFF, 0xF2, 0xFF, 0xF4, 0xFF, 0xF3, 0xFF,
        0xF3, 0xFF, 0xF2, 0xFF, 0xB5, 0xFF, 0xBF, 0x00, 0x4E, 0xFF, 0xFB, 0xFF, 0xFA, 0xFF, 0xFA, 0xFF,
        0xFB, 0xFF, 0xFC, 0xFF, 0xFC, 0xFF, 0xFE, 0xFF, 0xFF, 0x00, 0x01, 0x00, 0x02, 0x00, 0x03, 0x00,
        0x05, 0x00, 0x05, 0x00, 0x05, 0x00, 0x07, 0x00, 0x05, 0xFF, 0xB2, 0x00, 0x41, 0x00, 0x4B, 0x00,
        0x0E, 0x00, 0x0D, 0x00, 0x0D, 0x00, 0x0C, 0x00, 0x0E, 0x00, 0x0D, 0x00, 0x0C, 0x00, 0x10, 0x00,
        0x10, 0x00, 0x0C, 0x00, 0x0E, 0x00, 0x0B, 0x00, 0x0C, 0x00, 0x0D, 0x00, 0x0D, 0x00, 0x0E, 0x00,
        0x4B, 0x00, 0x42, 0xFF, 0xB1, 0x00, 0x06, 0x00, 0x06, 0x00, 0x05, 0x00, 0x05, 0x00, 0x04, 0x00,
        0x04, 0x00, 0x02, 0x00, 0x01, 0xFF, 0xFF, 0xFF, 0xFE, 0xFF, 0xFD, 0xFF, 0xFC, 0xFF, 0xFB, 0xFF,
        0xFA, 0xFF, 0xFA, 0xFF, 0xFA, 0x00, 0x4F, 0xFE, 0x92, 0x00, 0x00, 0x00, 0x02, 0x00, 0x03, 0x00,
        0x04, 0x00, 0x04, 0x00, 0x07, 0x00, 0x06, 0x00, 0x08, 0x00, 0x0A, 0x00, 0x08, 0x00, 0x0B, 0x00,
        0x09, 0x00, 0x0C, 0x00, 0x0A, 0x00, 0x0D, 0x00, 0x0A, 0x00, 0x0A, 0x00, 0x0E, 0x00, 0x09, 0x00,
        0x0D, 0x00, 0x09, 0x00, 0x0B, 0x00, 0x08, 0x00, 0x0A, 0x00, 0x0A, 0x00, 0x06, 0x00, 0x07, 0x00,
        0x04, 0x00, 0x05, 0x00, 0x03, 0x00, 0x02, 0x00, 0x01, 0x00, 0x00, 0xFF, 0xFE, 0xFF, 0xFE, 0xFF,
        0xFC, 0xFF, 0xFC, 0xFF, 0xF9, 0xFF, 0xFB, 0xFF, 0xF7, 0xFF, 0xF7, 0xFF, 0xF8, 0xFF, 0xF5, 0xFF,
        0xF7, 0xFF, 0xF4, 0xFF, 0xF6, 0xFF, 0xF3, 0xFF, 0xF6, 0xFF, 0xF6, 0xFF, 0xF2, 0xFF, 0xF6, 0xFF,
        0xF4, 0xFF, 0xF7, 0xFF, 0xF4, 0xFF, 0xF8, 0xFF, 0xF6, 0xFF, 0xF7, 0xFF, 0xF8, 0xFF, 0xF9, 0xFF,
        0xFB, 0xFF, 0xFC, 0xFF, 0xFD, 0xFF, 0xFE, 0xFF, 0xFF, 0x00, 0x00, 0x00, 0x00, 0x01, 0x00, 0x64,
        0x00, 0x00, 0x02, 0x53, 0x02, 0xA6, 0x00, 0x10, 0x00, 0x00, 0x01, 0x01, 0x01, 0x01, 0x01, 0x01,
        0x01, 0x01, 0x01, 0x01, 0x01, 0x01, 0x01, 0x01, 0x01, 0x01, 0x01, 0x02, 0x53, 0xFF, 0x8B, 0xFF,
        0x7E, 0xFF, 0x7D, 0xFF, 0x8B, 0x00, 0xC7, 0x00, 0x00, 0xFF, 0x58, 0x00, 0x00, 0x00, 0xA8, 0x00,
        0x00, 0x00, 0x62, 0x00, 0x00, 0x00, 0xA9, 0x00, 0x00, 0xFF, 0x57, 0x00, 0x00, 0x02, 0xA6, 0x00,
        0x00, 0xFF, 0x49, 0x00, 0xB7, 0x00, 0x00, 0xFE, 0xED, 0xFF, 0x91, 0x00, 0x00, 0xFF, 0xA9, 0x00,
        0x00, 0xFF, 0x33, 0x00, 0x00, 0x00, 0xCD, 0x00, 0x00, 0x00, 0x57, 0x00, 0x00, 0x00, 0x6F, 0x00,
        0x00, 0x02, 0x00, 0x99, 0xFF, 0xF8, 0x02, 0x2F, 0x02, 0xA6, 0x00, 0x24, 0x00, 0xF8, 0x00, 0x00,
        0x01, 0x01, 0x01, 0x01, 0x01, 0x01, 0x01, 0x01, 0x01, 0x01, 0x01, 0x01, 0x01, 0x01, 0x01, 0x01,
        0x01, 0x01, 0x01, 0x01, 0x01, 0x01, 0x01, 0x01, 0x01, 0x01, 0x01, 0x01, 0x01, 0x01, 0x01, 0x01,
        0x01, 0x01, 0x01, 0x01, 0x01, 0x01, 0x01, 0x01, 0x01, 0x01, 0x01, 0x01, 0x01, 0x01, 0x01, 0x01,
        0x01, 0x01, 0x01, 0x01, 0x01, 0x01, 0x01, 0x01, 0x01, 0x01, 0x01, 0x01, 0x01, 0x01, 0x01, 0x01,
        0x01, 0x01, 0x01, 0x01, 0x01, 0x01, 0x01, 0x01, 0x01, 0x01, 0x01, 0x01, 0x01, 0x01, 0x01, 0x01,
        0x01, 0x01, 0x01, 0x01, 0x01, 0x01, 0x01, 0x01, 0x01, 0x01, 0x01, 0x01, 0x01, 0x01, 0x01, 0x01,
        0x01, 0x01, 0x01, 0x01, 0x01, 0x01, 0x01, 0x01, 0x01, 0x01, 0x01, 0x01, 0x01, 0x01, 0x01, 0x01,
        0x01, 0x01, 0x01, 0x01, 0x01, 0x01, 0x01, 0x01, 0x01, 0x01, 0x01, 0x01, 0x01, 0x01, 0x01, 0x01,
        0x01, 0x01, 0x01, 0x01, 0x01, 0x01, 0x01, 0x01, 0x01, 0x01, 0x01, 0x01, 0x01, 0x01, 0x01, 0x01,
        0x01, 0x01, 0x01, 0x01, 0x01, 0x01, 0x01, 0x01, 0x01, 0x01, 0x01, 0x01, 0x01, 0x01, 0x01, 0x01,
        0x01, 0x01, 0x01, 0x01, 0x01, 0x01, 0x01, 0x01, 0x01, 0x01, 0x01, 0x01, 0x01, 0x01, 0x01, 0x01,
        0x01, 0x01, 0x01, 0x01, 0x01, 0x01, 0x01, 0x01, 0x01, 0x01, 0x01, 0x01, 0x01, 0x01, 0x01, 0x01,
        0x01, 0x01, 0x01, 0x01, 0x01, 0x01, 0x01, 0x01, 0x01, 0x01, 0x01, 0x01, 0x01, 0x01, 0x01, 0x01,
        0x01, 0x01, 0x01, 0x01, 0x01, 0x01, 0x01, 0x01, 0x01, 0x01, 0x01, 0x01, 0x01, 0x01, 0x01, 0x01,
        0x01, 0x01, 0x01, 0x01, 0x01, 0x01, 0x01, 0x01, 0x01, 0x01, 0x01, 0x01, 0x01, 0x01, 0x01, 0x01,
        0x01, 0x01, 0x01, 0x01, 0x01, 0x01, 0x01, 0x01, 0x01, 0x01, 0x51, 0x00, 0x3B, 0x00, 0x1B, 0x00,
        0x0B, 0x00, 0x0A, 0x00, 0x09, 0x00, 0x07, 0x00, 0x05, 0x00, 0x05, 0x00, 0x03, 0x00, 0x00, 0xFF,
        0xFF, 0xFF, 0xFA, 0xFF, 0xFC, 0xFF, 0xFB, 0xFF, 0xD5, 0xFF, 0xEC, 0xFF, 0xC3, 0xFF, 0xC2, 0xFF,
        0xFB, 0xFF, 0xFA, 0xFF, 0xFB, 0xFF, 0xFC, 0xFF, 0xFD, 0xFF, 0xFB, 0xFF, 0xFE, 0xFF, 0xFF, 0x00,
        0x00, 0x00, 0x01, 0x00, 0x02, 0x00, 0x05, 0x00, 0x09, 0x00, 0x09, 0x00, 0x0C, 0x00, 0x0F, 0x00,
        0x11, 0x00, 0x18, 0xFF, 0x4B, 0x00, 0x02, 0x00, 0x04, 0x00, 0x05, 0x00, 0x05, 0x00, 0x06, 0x00,
        0x07, 0x00, 0x08, 0x00, 0x0A, 0x00, 0x09, 0x00, 0x0C, 0x00, 0x0B, 0x00, 0x0D, 0x00, 0x0F, 0x00,
        0x0F, 0x00, 0x10, 0x00, 0x11, 0x00, 0x15, 0x00, 0x15, 0x00, 0x19, 0x00, 0x14, 0x00, 0x13, 0x00,
        0x11, 0x00, 0x10, 0x00, 0x12, 0x00, 0x0D, 0x00, 0x0E, 0x00, 0x0D, 0x00, 0x0B, 0x00, 0x0A, 0x00,
        0x09, 0x00, 0x08, 0x00, 0x07, 0x00, 0x04, 0x00, 0x02, 0x00, 0x03, 0x00, 0x00, 0xFF, 0xFE, 0xFF,
        0xFE, 0xFF, 0xFD, 0xFF, 0xF9, 0xFF, 0xFB, 0xFF, 0xF9, 0xFF, 0xF3, 0x00, 0x0F, 0x00, 0x06, 0x00,
        0x05, 0x00, 0x05, 0x00, 0x02, 0x00, 0x03, 0x00, 0x02, 0x00, 0x01, 0x00, 0x00, 0x00, 0x00, 0xFF,
        0xFE, 0xFF, 0xFE, 0xFF, 0xFD, 0xFF, 0xFC, 0xFF, 0xFA, 0xFF, 0xFC, 0xFF, 0xF9, 0xFF, 0xF2, 0xFF,
        0xF0, 0xFF, 0xF6, 0xFF, 0xF6, 0xFF, 0xF5, 0xFF, 0xF1, 0xFF, 0xF1, 0xFF, 0xF0, 0xFF, 0xE3, 0xFF,
        0xDA, 0xFF, 0xF2, 0xFF, 0xF1, 0xFF, 0xEF, 0xFF, 0xF7, 0xFF, 0xF9, 0xFF, 0xFA, 0xFF, 0xF8, 0xFF,
        0xFC, 0xFF, 0xFB, 0xFF, 0xFE, 0xFF, 0xFD, 0xFF, 0xFE, 0xFF, 0xFF, 0x00, 0x00, 0x00, 0x02, 0x00,
        0x02, 0x00, 0x04, 0x00, 0x04, 0x00, 0x05, 0x00, 0x07, 0x00, 0x07, 0x00, 0x08, 0x00, 0x08, 0x00,
        0x0A, 0x00, 0x0A, 0x00, 0x0B, 0x00, 0x0B, 0x00, 0x17, 0x00, 0x14, 0x00, 0x09, 0x00, 0x09, 0x00,
        0x07, 0x00, 0x07, 0x00, 0x06, 0x00, 0x05, 0x00, 0x05, 0x00, 0x03, 0x00, 0x03, 0x00, 0x02, 0x00,
        0x01, 0x00, 0x5B, 0xFF, 0xFF, 0xFF, 0xFE, 0xFF, 0xFC, 0xFF, 0xFA, 0xFF, 0xF9, 0xFF, 0xF7, 0xFF,
        0xF5, 0xFF, 0xF6, 0xFF, 0xF3, 0xFF, 0xF1, 0xFF, 0xF0, 0xFF, 0xF1, 0xFF, 0xEE, 0xFF, 0xEF, 0xFF,
        0xEF, 0xFF, 0xED, 0xFF, 0xE4, 0xFF, 0xE7, 0xFF, 0xF4, 0xFF, 0xF1, 0xFF, 0xF6, 0xFF, 0xF3, 0xFF,
        0xF7, 0xFF, 0xF5, 0xFF, 0xF6, 0xFF, 0xF7, 0xFF, 0xF7, 0xFF, 0xF7, 0xFF, 0xFA, 0xFF, 0xF9, 0xFF,
        0xFA, 0xFF, 0xFC, 0xFF, 0xFC, 0xFF, 0xFE, 0xFF, 0xFF, 0x00, 0x01, 0x00, 0x04, 0x00, 0x03, 0x00,
        0x03, 0x00, 0x05, 0x00, 0x04, 0x00, 0x05, 0x00, 0x07, 0xFF, 0xEC, 0xFF, 0xF6, 0xFF, 0xF8, 0xFF,
        0xF8, 0xFF, 0xFD, 0xFF, 0xFE, 0xFF, 0xFE, 0x00, 0x00, 0x00, 0x02, 0x00, 0x04, 0x00, 0x05, 0x00,
        0x06, 0x00, 0x08, 0x00, 0x08, 0x00, 0x0C, 0x00, 0x0E, 0x00, 0x0E, 0x00, 0x0D, 0x00, 0x10, 0x00,
        0x0E, 0x00, 0x12, 0x00, 0x22, 0x00, 0x38, 0x00, 0x0E, 0x00, 0x0D, 0x00, 0x0C, 0x00, 0x0B, 0x00,
        0x0A, 0x00, 0x06, 0x00, 0x07, 0x00, 0x06, 0x00, 0x05, 0x00, 0x03, 0x00, 0x03, 0x00, 0x02, 0x00,
        0x00, 0xFF, 0xFF, 0xFF, 0xFE, 0xFF, 0xFD, 0xFF, 0xFD, 0xFF, 0xFB, 0xFF, 0xFA, 0xFF, 0xF9, 0xFF,
        0xF9, 0xFF, 0xF8, 0xFF, 0xEE, 0xFF, 0xE9, 0xFF, 0xE9, 0xFF, 0xE8, 0xFF, 0xF0, 0xFF, 0xF1, 0xFF,
        0xF1, 0xFF, 0xF3, 0xFF, 0xF4, 0xFF, 0xF7, 0xFF, 0xF7, 0xFF, 0xF9, 0x01, 0x7E, 0xFF, 0xF9, 0xFF,
        0xFC, 0xFF, 0xFD, 0xFF, 0xFC, 0xFF, 0xFC, 0xFF, 0xFB, 0xFF, 0xFA, 0xFF, 0xF8, 0xFF, 0xFA, 0xFF,
        0xF7, 0xFF, 0xF9, 0xFF, 0xEE, 0xFF, 0xF5, 0xFF, 0xF8, 0x00, 0x07, 0x00, 0x03, 0x00, 0x04, 0x00,
        0x07, 0x00, 0x01, 0x00, 0x02, 0x00, 0x03, 0x00, 0x04, 0x00, 0x04, 0x00, 0x07, 0x00, 0x06, 0x00,
        0x05, 0x00, 0x0D, 0x00, 0x05, 0x00, 0x08, 0x00, 0x0C, 0x00, 0x0D, 0x00, 0x0B, 0xFF, 0xFC, 0xFF,
        0xFC, 0xFF, 0xFD, 0xFF, 0xFC, 0xFF, 0x18, 0xFF, 0xEF, 0xFF, 0xF1, 0xFF, 0xF1, 0xFF, 0xF3, 0xFF,
        0xF3, 0xFF, 0xF5, 0xFF, 0xF5, 0xFF, 0xF5, 0xFF, 0xF8, 0xFF, 0xF7, 0xFF, 0xF9, 0xFF, 0xF9, 0xFF,
        0xFA, 0xFF, 0xFC, 0xFF, 0xFC, 0xFF, 0xFD, 0xFF, 0xFD, 0xFF, 0xFF, 0x00, 0x00, 0x00, 0x01, 0x00,
        0x02, 0x00, 0x03, 0x00, 0x04, 0x00, 0x07, 0x00, 0x06, 0x00, 0x08, 0x00, 0x09, 0x00, 0x0A, 0x00,
        0x0B, 0x00, 0x0D, 0x00, 0x0D, 0x00, 0x0F, 0x00, 0x0A, 0x00, 0x0A, 0x00, 0x12, 0x00, 0x1B, 0x00,
        0x12, 0x00, 0x0A, 0x00, 0x07, 0x00, 0x10, 0x00, 0x09, 0x00, 0x08, 0x00, 0x0F, 0x00, 0x12, 0x00,
        0x07, 0x00, 0x09, 0x00, 0x09, 0x00, 0x08, 0x00, 0x0B, 0x00, 0x0A, 0x00, 0x0A, 0x00, 0x0F, 0x00,
        0x08, 0x00, 0x0B, 0x00, 0x08, 0x00, 0x0A, 0x00, 0x0A, 0x00, 0x08, 0x00, 0x07, 0x00, 0x08, 0x00,
        0x0C, 0x00, 0x0B, 0x00, 0x05, 0x00, 0x05, 0x00, 0x05, 0x00, 0x05, 0x00, 0x04, 0x00, 0x03, 0x00,
        0x04, 0x00, 0x03, 0x00, 0x01, 0x00, 0x03, 0x00, 0x04, 0x00, 0x03, 0x00, 0x04, 0x00, 0x04, 0x00,
        0x05, 0x00, 0x05, 0x00, 0x06, 0x00, 0x05, 0x00, 0x07, 0x00, 0x07, 0x00, 0x09, 0x00, 0x08, 0x00,
        0x06, 0x00, 0x07, 0x00, 0x06, 0x00, 0x06, 0x00, 0x05, 0x00, 0x05, 0x00, 0x04, 0x00, 0x05, 0x00,
        0x03, 0x00, 0x03, 0x00, 0x02, 0x00, 0x02, 0x00, 0x01, 0xFF, 0xFF, 0xFF, 0xFE, 0xFF, 0xFE, 0xFF,
        0xFD, 0xFF, 0xFC, 0xFF, 0xFC, 0xFF, 0xFC, 0xFF, 0xFB, 0xFF, 0xFA, 0xFF, 0xFA, 0xFF, 0xF9, 0xFF,
        0xF9, 0xFF, 0xF2, 0x00, 0x00, 0x00, 0x0E, 0x00, 0x10, 0x00, 0x0F, 0x00, 0x0F, 0x00, 0x0E, 0x00,
        0x0D, 0x00, 0x0C, 0x00, 0x0A, 0x00, 0x0A, 0x00, 0x09, 0x00, 0x07, 0x00, 0x06, 0x00, 0x05, 0x00,
        0x03, 0x00, 0x01, 0x00, 0x01, 0xFF, 0xFF, 0xFF, 0xFC, 0xFF, 0xFD, 0xFF, 0xFB, 0xFF, 0xFD, 0xFF,
        0xFA, 0xFF, 0xFB, 0xFF, 0xF9, 0xFF, 0xF8, 0xFF, 0xF8, 0xFF, 0xF8, 0xFF, 0xF6, 0xFF, 0xF7, 0xFF,
        0xF5, 0xFF, 0xF5, 0xFF, 0xF6, 0xFF, 0xF6, 0xFF, 0xF7, 0xFF, 0xF2, 0xFF, 0xE6, 0xFF, 0xEA, 0xFF,
        0xF5, 0xFF, 0xF7, 0xFF, 0xF7, 0xFF, 0xF9, 0xFF, 0xF9, 0xFF, 0xF8, 0xFF, 0xEE, 0xFF, 0xF6, 0xFF,
        0xF4, 0xFF, 0xF3, 0xFF, 0xF6, 0xFF, 0xF9, 0xFF, 0xF1, 0xFF, 0xEE, 0xFF, 0xEC, 0xFF, 0xF2, 0xFF,
        0xF3, 0xFF, 0xF4, 0xFF, 0xF6, 0xFF, 0xF6, 0xFF, 0xF6, 0xFF, 0xF8, 0xFF, 0xF9, 0xFF, 0xFB, 0xFF,
        0xFB, 0xFF, 0xFD, 0xFF, 0xFD, 0xFF, 0xFD, 0xFF, 0xFE, 0xFF, 0xFF, 0xFF, 0xFE, 0xFF, 0xFD, 0xFF,
        0xFD, 0xFF, 0xFC, 0xFF, 0xFD, 0xFF, 0xFB, 0xFF, 0xFA, 0xFF, 0xF9, 0xFF, 0xFA, 0xFF, 0xF8, 0xFF,
        0xF6, 0xFF, 0xF6, 0xFF, 0xF7, 0xFF, 0xFB, 0xFF, 0xF9, 0xFF, 0xFB, 0xFF, 0xFA, 0xFF, 0xFA, 0xFF,
        0xFB, 0xFF, 0xFC, 0xFF, 0xFC, 0xFF, 0xFA, 0xFF, 0xFC, 0xFF, 0xFE, 0x00, 0x00, 0x00, 0x02, 0x00,
        0x04, 0x00, 0x06, 0x00, 0x08, 0x00, 0x0A, 0x00, 0x0B, 0x00, 0x10, 0x00, 0x0F, 0x00, 0x00, 0x00,
        0x00, 0x02, 0x00, 0xEB, 0x02, 0x1A, 0x01, 0xD5, 0x02, 0xA6, 0x00, 0x03, 0x00, 0x07, 0x00, 0x00,
        0x01, 0x01, 0x01, 0x01, 0x01, 0x01, 0x01, 0x01, 0x01, 0xD5, 0x00, 0x00, 0xFF, 0xB3, 0x00, 0x00,
        0xFF, 0xB1, 0x00, 0x00, 0xFF, 0xB2, 0x00, 0x00, 0x02, 0x1A, 0x00, 0x8C, 0x00, 0x00, 0xFF, 0x74,
        0x00, 0x00, 0x00, 0x8C, 0x00, 0x00, 0xFF, 0x74, 0x00, 0x01, 0x01, 0x09, 0x02, 0x10, 0x01, 0xB9,
        0x02, 0xA6, 0x00, 0x03, 0x00, 0x00, 0x01, 0x01, 0x01, 0x01, 0x01, 0x52, 0xFF, 0xB7, 0x00, 0x4E,
        0x00, 0x62, 0x02, 0xA6, 0xFF, 0x6A, 0x00, 0x00, 0x00, 0x96, 0x00, 0x00, 0x00, 0x01, 0x01, 0x19,
        0xFF, 0x42, 0x01, 0xA3, 0xFF, 0xF7, 0x00, 0x03, 0x00, 0x00, 0x01, 0x01, 0x01, 0x01, 0x01, 0xA3,
        0xFF, 0xB1, 0xFF, 0xC5, 0x00, 0x61, 0xFF, 0xF7, 0x00, 0x00, 0xFF, 0x4B, 0x00, 0x00, 0x00, 0x00,
        0x00, 0x04, 0x00, 0x69, 0x00, 0x00, 0x02, 0x4E, 0x02, 0xEE, 0x00, 0x07, 0x00, 0x0B, 0x00, 0x0F,
        0x00, 0x13, 0x00, 0x00, 0x01, 0x01, 0x01, 0x01, 0x01, 0x01, 0x01, 0x01, 0x01, 0x01, 0x01, 0x01,
        0x01, 0x01, 0x01, 0x01, 0x01, 0x01, 0x01, 0x01, 0x01, 0xBA, 0x00, 0x2F, 0x00, 0x65, 0xFF, 0x4D,
        0xFF, 0x81, 0xFF, 0x4D, 0x00, 0x65, 0x00, 0x2E, 0x00, 0xA2, 0xFF, 0x7B, 0x00, 0x42, 0x00, 0x02,
        0x00, 0xE8, 0x00, 0x00, 0xFF, 0xAB, 0x00, 0x00, 0xFE, 0xDC, 0x00, 0x00, 0xFF, 0xA7, 0x00, 0x00,
        0x00, 0xC8, 0xFF, 0x38, 0x00, 0x00, 0x02, 0xB6, 0x00, 0x00, 0xFD, 0x4A, 0x00, 0x00, 0x00, 0xC8,
        0x00, 0x46, 0x00, 0x00, 0x01, 0x2D, 0x00, 0x00, 0x00, 0x2B, 0x00, 0x88, 0x00, 0x00, 0xFF, 0x78,
        0x00, 0x00, 0x00, 0x88, 0x00, 0x00, 0xFF, 0x78, 0x00, 0x03, 0x00, 0x6E, 0x00, 0x00, 0x02, 0x46,
        0x02, 0xD3, 0x00, 0x46, 0x00, 0x4B, 0x00, 0x82, 0x00, 0x00, 0x01, 0x01, 0x01, 0x01, 0x01, 0x01,
        0x01, 0x01, 0x01, 0x01, 0x01, 0x01, 0x01, 0x01, 0x01, 0x01, 0x01, 0x01, 0x01, 0x01, 0x01, 0x01,
        0x01, 0x01, 0x01, 0x01, 0x01, 0x01, 0x01, 0x01, 0x01, 0x01, 0x01, 0x01, 0x01, 0x01, 0x01, 0x01,
        0x01, 0x01, 0x01, 0x01, 0x01, 0x01, 0x01, 0x01, 0x01, 0x01, 0x01, 0x01, 0x01, 0x01, 0x01, 0x01,
        0x01, 0x01, 0x01, 0x01, 0x01, 0x01, 0x01, 0x01, 0x01, 0x01, 0x01, 0x01, 0x01, 0x01, 0x01, 0x01,
        0x01, 0x01, 0x01, 0x01, 0x01, 0x01, 0x01, 0x01, 0x01, 0x01, 0x01, 0x01, 0x01, 0x01, 0x01, 0x01,
        0x01, 0x01, 0x01, 0x01, 0x01, 0x01, 0x01, 0x01, 0x01, 0x01, 0x01, 0x01, 0x01, 0x01, 0x01, 0x01,
        0x01, 0x01, 0x01, 0x01, 0x01, 0x01, 0x01, 0x01, 0x01, 0x01, 0x01, 0x01, 0x01, 0x01, 0x01, 0x01,
        0x01, 0x01, 0x01, 0x01, 0x01, 0x01, 0x01, 0x01, 0x01, 0x01, 0x01, 0x01, 0x01, 0x02, 0x46, 0xFF,
        0x88, 0x00, 0x0E, 0x00, 0x09, 0x00, 0x09, 0x00, 0x09, 0x00, 0x09, 0x00, 0x06, 0x00, 0x06, 0x00,
        0x04, 0x00, 0x05, 0x00, 0x03, 0x00, 0x03, 0x00, 0x01, 0xFF, 0xFF, 0xFF, 0xFE, 0xFF, 0xFE, 0xFF,
        0xFD, 0xFF, 0xFB, 0xFF, 0xFB, 0xFF, 0xF9, 0xFF, 0xF9, 0xFF, 0xF8, 0xFF, 0xF5, 0xFF, 0xF7, 0xFF,
        0xF3, 0xFF, 0xF6, 0xFF, 0xF2, 0xFF, 0xF1, 0xFF, 0xF1, 0xFF, 0xF0, 0xFF, 0xF1, 0xFF, 0xF0, 0xFF,
        0xEC, 0xFF, 0xEC, 0xFF, 0xF0, 0xFF, 0xF0, 0xFF, 0xF0, 0xFF, 0xF0, 0xFF, 0xF2, 0xFF, 0xF2, 0xFF,
        0xF5, 0xFF, 0xF3, 0xFF, 0xF7, 0xFF, 0xF5, 0xFF, 0xF8, 0xFF, 0xF9, 0xFF, 0xFA, 0xFF, 0xFB, 0xFF,
        0xFB, 0xFF, 0xFD, 0xFF, 0xFE, 0xFF, 0xFF, 0x00, 0x00, 0x00, 0x00, 0x00, 0x02, 0x00, 0x03, 0x00,
        0x04, 0x00, 0x05, 0x00, 0x05, 0x00, 0x07, 0x00, 0x07, 0x00, 0x08, 0x00, 0x09, 0x00, 0x0A, 0x00,
        0x0D, 0xFF, 0x8C, 0x00, 0x60, 0x00, 0x1E, 0x00, 0xDD, 0x00, 0x1E, 0xFF, 0xCC, 0xFF, 0x4E, 0x00,
        0x30, 0x00, 0x29, 0x00, 0x29, 0xFF, 0xD3, 0x00, 0x18, 0x00, 0x14, 0x00, 0x13, 0x00, 0x09, 0x00,
        0x08, 0x00, 0x0C, 0x00, 0x06, 0x00, 0x03, 0x00, 0x04, 0x00, 0x02, 0x00, 0x02, 0x00, 0x00, 0x00,
        0x00, 0xFF, 0xFF, 0xFF, 0xFD, 0xFF, 0xFD, 0xFF, 0xFD, 0xFF, 0xFB, 0xFF, 0xFB, 0xFF, 0xF9, 0xFF,
        0xF9, 0xFF, 0xF9, 0xFF, 0xF8, 0xFF, 0xF4, 0xFF, 0xF7, 0xFF, 0xF3, 0xFF, 0xF3, 0xFF, 0xF3, 0xFF,
        0xE8, 0xFF, 0xEA, 0xFF, 0xF5, 0xFF, 0xF7, 0xFF, 0xF8, 0xFF, 0xF9, 0xFF, 0xF9, 0xFF, 0xFB, 0xFF,
        0xF8, 0xFF, 0xFC, 0xFF, 0xFD, 0xFF, 0xFE, 0x00, 0x00, 0x00, 0x00, 0x00, 0x01, 0x00, 0x02, 0x00,
        0x03, 0x00, 0x03, 0x00, 0x06, 0x00, 0x04, 0x00, 0x07, 0x00, 0x08, 0x00, 0x09, 0x00, 0x13, 0x00,
        0x14, 0x00, 0x18, 0x00, 0x00, 0x01, 0xC2, 0x00, 0x08, 0x00, 0x08, 0x00, 0x08, 0x00, 0x08, 0x00,
        0x0B, 0x00, 0x09, 0x00, 0x0A, 0x00, 0x0B, 0x00, 0x0E, 0x00, 0x0C, 0x00, 0x0F, 0x00, 0x0D, 0x00,
        0x0C, 0x00, 0x0E, 0x00, 0x0A, 0x00, 0x0C, 0x00, 0x0C, 0x00, 0x0B, 0x00, 0x0A, 0x00, 0x09, 0x00,
        0x08, 0x00, 0x09, 0x00, 0x07, 0x00, 0x07, 0x00, 0x05, 0x00, 0x05, 0x00, 0x05, 0x00, 0x03, 0x00,
        0x03, 0x00, 0x02, 0x00, 0x01, 0x00, 0x01, 0xFF, 0xFF, 0xFF, 0xFF, 0xFF, 0xFE, 0xFF, 0xFD, 0xFF,
        0xFD, 0xFF, 0xFB, 0xFF, 0xFB, 0xFF, 0xFB, 0xFF, 0xF9, 0xFF, 0xF9, 0xFF, 0xF7, 0xFF, 0xF8, 0xFF,
        0xF7, 0xFF, 0xF6, 0xFF, 0xF5, 0xFF, 0xF4, 0xFF, 0xF4, 0xFF, 0xF2, 0xFF, 0xF6, 0xFF, 0xF1, 0xFF,
        0xF3, 0xFF, 0xF3, 0xFF, 0xF4, 0xFF, 0xF2, 0xFF, 0xF5, 0xFF, 0xF6, 0xFF, 0xF7, 0xFF, 0xF7, 0xFF,
        0xF7, 0xFF, 0xF8, 0xFF, 0xF8, 0xFF, 0xF8, 0xFE, 0x3E, 0x00, 0x00, 0x00, 0x80, 0x00, 0x00, 0xFF,
        0x80, 0x00, 0xD8, 0x00, 0x00, 0x00, 0xCE, 0xFF, 0xFD, 0x00, 0x03, 0x00, 0xE2, 0xFF, 0xFE, 0xFF,
        0xFD, 0xFF, 0xFB, 0xFF, 0xFC, 0xFF, 0xFC, 0xFF, 0xF7, 0xFF, 0xFA, 0xFF, 0xFB, 0xFF, 0xF8, 0xFF,
        0xFA, 0xFF, 0xF7, 0xFF, 0xF9, 0xFF, 0xF9, 0xFF, 0xF5, 0xFF, 0xF7, 0xFF, 0xF7, 0xFF, 0xFB, 0xFF,
        0xF9, 0xFF, 0xF9, 0xFF, 0xFB, 0xFF, 0xFB, 0xFF, 0xFB, 0xFF, 0xFD, 0xFF, 0xFC, 0xFF, 0xFE, 0xFF,
        0xFE, 0xFF, 0xFF, 0xFF, 0xFF, 0x00, 0x01, 0x00, 0x04, 0x00, 0x04, 0x00, 0x03, 0x00, 0x04, 0x00,
        0x05, 0x00, 0x05, 0x00, 0x06, 0x00, 0x0C, 0x00, 0x09, 0x00, 0x09, 0x00, 0x0A, 0x00, 0x07, 0x00,
        0x08, 0x00, 0x09, 0x00, 0x06, 0x00, 0x08, 0x00, 0x05, 0x00, 0x07, 0x00, 0x04, 0x00, 0x05, 0x00,
        0x05, 0x00, 0x04, 0x00, 0x06, 0x00, 0x03, 0x00, 0x02, 0x00, 0x00, 0x00, 0x00, 0x02, 0x00, 0x77,
        0x00, 0x00, 0x02, 0x3E, 0x02, 0xA8, 0x00, 0x03, 0x00, 0x13, 0x00, 0x00, 0x01, 0x01, 0x01, 0x01,
        0x01, 0x01, 0x01, 0x01, 0x01, 0x01, 0x01, 0x01, 0x01, 0x01, 0x01, 0x01, 0x01, 0x01, 0x01, 0x01,
        0x01, 0x68, 0xFF, 0x98, 0x00, 0x3D, 0x00, 0x17, 0x00, 0x19, 0x00, 0x0B, 0x00, 0xC6, 0x00, 0x00,
        0xFF, 0x8E, 0xFF, 0xF0, 0x00, 0x7C, 0x00, 0x00, 0xFF, 0x7E, 0xFF, 0xF2, 0x00, 0x90, 0x00, 0x00,
        0xFE, 0xC1, 0xFF, 0x7E, 0x00, 0x57, 0x00, 0x22, 0x00, 0xFF, 0x00, 0x00, 0x01, 0x44, 0x00, 0x00,
        0xFE, 0x6B, 0xFF, 0x52, 0x00, 0x00, 0x00, 0x5E, 0x00, 0x00, 0x00, 0xD8, 0x00, 0x00, 0x00, 0x5E,
        0x00, 0x00, 0x00, 0xB6, 0x00, 0x00, 0x00, 0x5E, 0x00, 0x00, 0xFD, 0x58, 0x00, 0x00, 0x00, 0xAE,
        0x00, 0x02, 0x00, 0x86, 0x00, 0x00, 0x02, 0x36, 0x02, 0xFA, 0x00, 0x0B, 0x00, 0x4F, 0x00, 0x00,
        0x01, 0x01, 0x01, 0x01, 0x01, 0x01, 0x01, 0x01, 0x01, 0x01, 0x01, 0x01, 0x01, 0x01, 0x01, 0x01,
        0x01, 0x01, 0x01, 0x01, 0x01, 0x01, 0x01, 0x01, 0x01, 0x01, 0x01, 0x01, 0x01, 0x01, 0x01, 0x01,
        0x01, 0x01, 0x01, 0x01, 0x01, 0x01, 0x01, 0x01, 0x01, 0x01, 0x01, 0x01, 0x01, 0x01, 0x01, 0x01,
        0x01, 0x01, 0x01, 0x01, 0x01, 0x01, 0x01, 0x01, 0x01, 0x01, 0x01, 0x01, 0x01, 0x01, 0x01, 0x01,
        0x01, 0x01, 0x01, 0x01, 0x01, 0x01, 0x01, 0x01, 0x01, 0x01, 0x01, 0x01, 0x01, 0x01, 0x01, 0x01,
        0x01, 0xDC, 0xFF, 0xFE, 0xFF, 0x1F, 0xFF, 0x8D, 0x00, 0x00, 0x00, 0x5A, 0x00, 0x00, 0x00, 0x02,
        0x00, 0xE8, 0x00, 0x6C, 0x00, 0x00, 0xFF, 0xA6, 0xFF, 0x18, 0x00, 0x01, 0x00, 0x01, 0x00, 0x03,
        0x00, 0x04, 0x00, 0x06, 0x00, 0x05, 0x00, 0x06, 0x00, 0x06, 0x00, 0x07, 0x00, 0x06, 0x00, 0x0C,
        0x00, 0x0B, 0x00, 0x19, 0x00, 0x0D, 0x00, 0x10, 0x00, 0x11, 0x00, 0x0B, 0x00, 0x09, 0x00, 0x13,
        0x00, 0x11, 0x00, 0x09, 0x00, 0x09, 0x00, 0x0F, 0x00, 0x0C, 0x00, 0x0C, 0x00, 0x0A, 0x00, 0x08,
        0x00, 0x09, 0x00, 0x06, 0x00, 0x05, 0x00, 0x02, 0x00, 0x01, 0xFF, 0xA6, 0xFF, 0xFF, 0xFF, 0xFE,
        0xFF, 0xFD, 0xFF, 0xFB, 0xFF, 0xF9, 0xFF, 0xFB, 0xFF, 0xF9, 0xFF, 0xFD, 0xFF, 0xF8, 0xFF, 0xF6,
        0xFF, 0xF6, 0xFF, 0xD4, 0xFF, 0xF7, 0xFF, 0xF6, 0xFF, 0xF5, 0xFF, 0xF4, 0xFF, 0xF3, 0xFF, 0xF2,
        0xFF, 0xF2, 0xFF, 0xF3, 0xFF, 0xF4, 0xFF, 0xF5, 0xFF, 0xF6, 0xFF, 0xF6, 0xFF, 0xF7, 0xFF, 0xF6,
        0xFF, 0xFA, 0xFF, 0xF8, 0xFF, 0xFB, 0xFF, 0xFB, 0xFF, 0xFD, 0xFF, 0xFE, 0xFF, 0xFF, 0x00, 0x00,
        0x00, 0x8D, 0x00, 0x00, 0x01, 0x73, 0x00, 0x00, 0xFE, 0x00, 0x00, 0x00, 0x01, 0x84, 0x00, 0x00,
        0xFE, 0x7C, 0x00, 0x00, 0x02, 0x00, 0x00, 0x00, 0x00, 0x65, 0x00, 0x0D, 0x00, 0x0B, 0x00, 0x0A,
        0x00, 0x09, 0x00, 0x07, 0x00, 0x03, 0x00, 0x03, 0x00, 0x00, 0x00, 0x00, 0xFF, 0xFE, 0xFF, 0xFB,
        0xFF, 0xF8, 0xFF, 0xED, 0xFF, 0xF7, 0xFF, 0xF8, 0xFF, 0xF9, 0xFF, 0xFD, 0xFF, 0xFE, 0xFF, 0xFE,
        0x00, 0x01, 0x00, 0x02, 0x00, 0x02, 0x00, 0x06, 0x00, 0x08, 0x00, 0x0A, 0x00, 0x0C, 0x00, 0x0D,
        0x00, 0x11, 0x00, 0x13, 0x00, 0x13, 0x00, 0x10, 0x00, 0x14, 0x00, 0x00, 0xFF, 0xF4, 0xFF, 0xF3,
        0xFF, 0xF6, 0xFF, 0xF8, 0xFF, 0xFA, 0xFF, 0xFD, 0xFF, 0xFE, 0x00, 0x00, 0x00, 0x01, 0x00, 0x03,
        0x00, 0x06, 0x00, 0x22, 0x00, 0x06, 0x00, 0x05, 0x00, 0x05, 0x00, 0x04, 0x00, 0x03, 0x00, 0x00,
        0x00, 0x00, 0xFF, 0xFE, 0xFF, 0xFD, 0xFF, 0xFB, 0xFF, 0xFB, 0xFF, 0xF9, 0xFF, 0xF9, 0xFF, 0xF5,
        0xFF, 0xF7, 0xFF, 0xF3, 0xFF, 0xF4, 0xFF, 0xF1, 0xFF, 0xF4, 0xFF, 0xEF, 0xFF, 0xF2, 0xFF, 0xEF,
        0x00, 0x04, 0x00, 0x71, 0xFF, 0xF7, 0x02, 0x47, 0x02, 0xE6, 0x00, 0x44, 0x00, 0x85, 0x00, 0x89,
        0x00, 0x8D, 0x00, 0x00, 0x01, 0x01, 0x01, 0x01, 0x01, 0x01, 0x01, 0x01, 0x01, 0x01, 0x01, 0x01,
        0x01, 0x01, 0x01, 0x01, 0x01, 0x01, 0x01, 0x01, 0x01, 0x01, 0x01, 0x01, 0x01, 0x01, 0x01, 0x01,
        0x01, 0x01, 0x01, 0x01, 0x01, 0x01, 0x01, 0x01, 0x01, 0x01, 0x01, 0x01, 0x01, 0x01, 0x01, 0x01,
        0x01, 0x01, 0x01, 0x01, 0x01, 0x01, 0x01, 0x01, 0x01, 0x01, 0x01, 0x01, 0x01, 0x01, 0x01, 0x01,
        0x01, 0x01, 0x01, 0x01, 0x01, 0x01, 0x01, 0x01, 0x01, 0x01, 0x01, 0x01, 0x01, 0x01, 0x01, 0x01,
        0x01, 0x01, 0x01, 0x01, 0x01, 0x01, 0x01, 0x01, 0x01, 0x01, 0x01, 0x01, 0x01, 0x01, 0x01, 0x01,
        0x01, 0x01, 0x01, 0x01, 0x01, 0x01, 0x01, 0x01, 0x01, 0x01, 0x01, 0x01, 0x01, 0x01, 0x01, 0x01,
        0x01, 0x01, 0x01, 0x01, 0x01, 0x01, 0x01, 0x01, 0x01, 0x01, 0x01, 0x01, 0x01, 0x01, 0x01, 0x01,
        0x01, 0x01, 0x01, 0x01, 0x01, 0x01, 0x01, 0x01, 0x01, 0x01, 0x01, 0x01, 0x01, 0x01, 0x01, 0x01,
        0x01, 0x01, 0x01, 0x62, 0xFF, 0xE9, 0xFF, 0xE9, 0xFF, 0xEB, 0xFF, 0xF4, 0xFF, 0xF5, 0xFF, 0xEE,
        0xFF, 0xEC, 0xFF, 0xEE, 0xFF, 0xF0, 0xFF, 0xF2, 0xFF, 0xF1, 0xFF, 0xF6, 0xFF, 0xF5, 0xFF, 0xF9,
        0xFF, 0xFA, 0xFF, 0xFD, 0xFF, 0xFE, 0x00, 0x02, 0x00, 0x03, 0x00, 0x05, 0x00, 0x08, 0x00, 0x0A,
        0x00, 0x0C, 0x00, 0x0E, 0x00, 0x0F, 0x00, 0x10, 0x00, 0x12, 0x00, 0x13, 0x00, 0x13, 0x00, 0x0B,
        0x00, 0x0B, 0x00, 0x15, 0x00, 0x17, 0x00, 0x17, 0x00, 0x18, 0x00, 0x16, 0x00, 0x15, 0x00, 0x0C,
        0x00, 0x0B, 0x00, 0x12, 0x00, 0x14, 0x00, 0x11, 0x00, 0x10, 0x00, 0x0F, 0x00, 0x0E, 0x00, 0x0B,
        0x00, 0x0A, 0x00, 0x08, 0x00, 0x05, 0x00, 0x04, 0x00, 0x01, 0xFF, 0xFF, 0xFF, 0xFD, 0xFF, 0xFB,
        0xFF, 0xF8, 0xFF, 0xF7, 0xFF, 0xF5, 0xFF, 0xF2, 0xFF, 0xF2, 0xFF, 0xF0, 0xFF, 0xEF, 0xFF, 0xEC,
        0xFF, 0xEE, 0xFF, 0xF5, 0xFF, 0xF5, 0xFF, 0xEB, 0xFF, 0xE9, 0xFF, 0xE9, 0xFF, 0xFC, 0x00, 0x0E,
        0x00, 0x0F, 0x00, 0x0C, 0x00, 0x0D, 0x00, 0x0C, 0x00, 0x0B, 0x00, 0x0A, 0x00, 0x08, 0x00, 0x08,
        0x00, 0x08, 0x00, 0x05, 0x00, 0x05, 0x00, 0x05, 0x00, 0x03, 0x00, 0x01, 0x00, 0x01, 0xFF, 0xFF,
        0xFF, 0xFF, 0xFF, 0xFD, 0xFF, 0xFB, 0xFF, 0xFB, 0xFF, 0xFA, 0xFF, 0xF8, 0xFF, 0xF8, 0xFF, 0xF7,
        0xFF, 0xF6, 0xFF, 0xF5, 0xFF, 0xF6, 0xFF, 0xF3, 0xFF, 0xF4, 0xFF, 0xF1, 0xFF, 0xF2, 0xFF, 0xF3,
        0xFF, 0xF0, 0xFF, 0xF5, 0xFF, 0xF3, 0xFF, 0xF6, 0xFF, 0xF5, 0xFF, 0xF6, 0xFF, 0xF7, 0xFF, 0xF8,
        0xFF, 0xF8, 0xFF, 0xFA, 0xFF, 0xFA, 0xFF, 0xFC, 0xFF, 0xFC, 0xFF, 0xFF, 0xFF, 0xFF, 0x00, 0x00,
        0x00, 0x02, 0x00, 0x03, 0x00, 0x04, 0x00, 0x05, 0x00, 0x05, 0x00, 0x08, 0x00, 0x07, 0x00, 0x09,
        0x00, 0x09, 0x00, 0x0B, 0x00, 0x0C, 0x00, 0x0D, 0x00, 0x0B, 0x00, 0x10, 0x00, 0x0D, 0x00, 0xE6,
        0x00, 0x00, 0xFF, 0xA7, 0x00, 0x00, 0xFE, 0xDE, 0x00, 0x00, 0xFF, 0xA7, 0x00, 0x00, 0x02, 0x4E,
        0xFF, 0xFF, 0xFF, 0xFC, 0xFF, 0xFA, 0xFF, 0xFB, 0xFF, 0xFB, 0xFF, 0xF6, 0xFF, 0xF1, 0xFF, 0xEF,
        0xFF, 0xEE, 0xFF, 0xEB, 0xFF, 0xE8, 0xFF, 0xE8, 0xFF, 0xE4, 0xFF, 0xE4, 0xFF, 0xE2, 0xFF, 0xE2,
        0xFF, 0xE3, 0xFF, 0xE2, 0xFF, 0xE2, 0xFF, 0xE3, 0xFF, 0xE2, 0xFF, 0xE4, 0xFF, 0xE5, 0xFF, 0xE7,
        0xFF, 0xEB, 0xFF, 0xED, 0xFF, 0xEF, 0xFF, 0xF1, 0xFF, 0xF5, 0xFF, 0xFA, 0xFF, 0xFC, 0xFF, 0xF9,
        0xFF, 0xFC, 0xFF, 0xFF, 0x00, 0x01, 0x00, 0x04, 0x00, 0x07, 0x00, 0x04, 0x00, 0x06, 0x00, 0x0B,
        0x00, 0x0F, 0x00, 0x11, 0x00, 0x13, 0x00, 0x15, 0x00, 0x19, 0x00, 0x18, 0x00, 0x1C, 0x00, 0x1D,
        0x00, 0x1E, 0x00, 0x1E, 0x00, 0x1D, 0x00, 0x1E, 0x00, 0x1E, 0x00, 0x1D, 0x00, 0x1D, 0x00, 0x1C,
        0x00, 0x18, 0x00, 0x19, 0x00, 0x14, 0x00, 0x13, 0x00, 0x11, 0x00, 0x0F, 0x00, 0x0B, 0x00, 0x05,
        0x00, 0x05, 0x00, 0x06, 0x00, 0x04, 0x00, 0x02, 0xFF, 0xAD, 0xFF, 0xFF, 0xFF, 0xFD, 0xFF, 0xFC,
        0xFF, 0xFA, 0xFF, 0xF8, 0xFF, 0xF7, 0xFF, 0xF5, 0xFF, 0xF3, 0xFF, 0xF3, 0xFF, 0xEF, 0xFF, 0xF0,
        0xFF, 0xED, 0xFF, 0xEC, 0xFF, 0xE8, 0xFF, 0xEC, 0xFF, 0xE8, 0xFF, 0xE9, 0xFF, 0xEC, 0xFF, 0xE8,
        0xFF, 0xEC, 0xFF, 0xEC, 0xFF, 0xED, 0xFF, 0xED, 0xFF, 0xF2, 0xFF, 0xF3, 0xFF, 0xF4, 0xFF, 0xF6,
        0xFF, 0xF9, 0xFF, 0xF9, 0xFF, 0xFC, 0xFF, 0xFD, 0xFF, 0xFF, 0x00, 0x01, 0x00, 0x03, 0x00, 0x04,
        0x00, 0x07, 0x00, 0x07, 0x00, 0x0A, 0x00, 0x0C, 0x00, 0x0D, 0x00, 0x0E, 0x00, 0x13, 0x00, 0x10,
        0x00, 0x14, 0x00, 0x14, 0x00, 0x18, 0x00, 0x14, 0x00, 0x17, 0x00, 0x17, 0x00, 0x15, 0x00, 0x18,
        0x00, 0x14, 0x00, 0x13, 0x00, 0x10, 0x00, 0x11, 0x00, 0x0E, 0x00, 0x0C, 0x00, 0x0B, 0x00, 0x0A,
        0x00, 0x09, 0x00, 0x06, 0x00, 0x04, 0x00, 0x03, 0x00, 0x02, 0x00, 0x66, 0x00, 0x85, 0x00, 0x00,
        0xFF, 0x7B, 0x00, 0x00, 0x00, 0x85, 0x00, 0x00, 0xFF, 0x7B, 0x00, 0x00, 0x00, 0x03, 0x00, 0x77,
        0xFF, 0xF7, 0x02, 0x45, 0x02, 0xDF, 0x00, 0x43, 0x00, 0x84, 0x00, 0x88, 0x00, 0x00, 0x01, 0x01,
        0x01, 0x01, 0x01, 0x01, 0x01, 0x01, 0x01, 0x01, 0x01, 0x01, 0x01, 0x01, 0x01, 0x01, 0x01, 0x01,
        0x01, 0x01, 0x01, 0x01, 0x01, 0x01, 0x01, 0x01, 0x01, 0x01, 0x01, 0x01, 0x01, 0x01, 0x01, 0x01,
        0x01, 0x01, 0x01, 0x01, 0x01, 0x01, 0x01, 0x01, 0x01, 0x01, 0x01, 0x01, 0x01, 0x01, 0x01, 0x01,
        0x01, 0x01, 0x01, 0x01, 0x01, 0x01, 0x01, 0x01, 0x01, 0x01, 0x01, 0x01, 0x01, 0x01, 0x01, 0x01,
        0x01, 0x01, 0x01, 0x01, 0x01, 0x01, 0x01, 0x01, 0x01, 0x01, 0x01, 0x01, 0x01, 0x01, 0x01, 0x01,
        0x01, 0x01, 0x01, 0x01, 0x01, 0x01, 0x01, 0x01, 0x01, 0x01, 0x01, 0x01, 0x01, 0x01, 0x01, 0x01,
        0x01, 0x01, 0x01, 0x01, 0x01, 0x01, 0x01, 0x01, 0x01, 0x01, 0x01, 0x01, 0x01, 0x01, 0x01, 0x01,
        0x01, 0x01, 0x01, 0x01, 0x01, 0x01, 0x01, 0x01, 0x01, 0x01, 0x01, 0x01, 0x01, 0x01, 0x01, 0x01,
        0x01, 0x01, 0x01, 0x01, 0x01, 0x01, 0x01, 0x01, 0x5E, 0xFF, 0xEA, 0xFF, 0xE7, 0xFF, 0xEC, 0xFF,
        0xEB, 0xFF, 0xEC, 0xFF, 0xEE, 0xFF, 0xEF, 0xFF, 0xEF, 0xFF, 0xF1, 0xFF, 0xF2, 0xFF, 0xF4, 0xFF,
        0xF5, 0xFF, 0xF8, 0xFF, 0xFA, 0xFF, 0xFC, 0xFF, 0xFF, 0x00, 0x00, 0x00, 0x04, 0x00, 0x05, 0x00,
        0x08, 0x00, 0x09, 0x00, 0x0C, 0x00, 0x0E, 0x00, 0x0E, 0x00, 0x11, 0x00, 0x0F, 0x00, 0x0A, 0x00,
        0x0A, 0x00, 0x14, 0x00, 0x15, 0x00, 0x16, 0x00, 0x18, 0x00, 0x16, 0x00, 0x17, 0x00, 0x18, 0x00,
        0x17, 0x00, 0x16, 0x00, 0x13, 0x00, 0x0B, 0x00, 0x0A, 0x00, 0x10, 0x00, 0x11, 0x00, 0x0F, 0x00,
        0x0D, 0x00, 0x0C, 0x00, 0x0A, 0x00, 0x08, 0x00, 0x07, 0x00, 0x04, 0x00, 0x01, 0x00, 0x00, 0xFF,
        0xFD, 0xFF, 0xFA, 0xFF, 0xF9, 0xFF, 0xF6, 0xFF, 0xF4, 0xFF, 0xF2, 0xFF, 0xF1, 0xFF, 0xF0, 0xFF,
        0xEF, 0xFF, 0xF6, 0xFF, 0xF6, 0xFF, 0xEC, 0xFF, 0xEB, 0xFF, 0xED, 0xFF, 0xE7, 0xFF, 0xEA, 0xFF,
        0xFC, 0x00, 0x0F, 0x00, 0x0E, 0x00, 0x0C, 0x00, 0x0F, 0x00, 0x0A, 0x00, 0x0C, 0x00, 0x0A, 0x00,
        0x09, 0x00, 0x07, 0x00, 0x08, 0x00, 0x06, 0x00, 0x05, 0x00, 0x04, 0x00, 0x03, 0x00, 0x02, 0x00,
        0x00, 0x00, 0x00, 0xFF, 0xFE, 0xFF, 0xFD, 0xFF, 0xFB, 0xFF, 0xFB, 0xFF, 0xF9, 0xFF, 0xFA, 0xFF,
        0xF8, 0xFF, 0xF6, 0xFF, 0xF6, 0xFF, 0xF4, 0xFF, 0xF5, 0xFF, 0xF5, 0xFF, 0xF3, 0xFF, 0xF2, 0xFF,
        0xF1, 0xFF, 0xF1, 0xFF, 0xF2, 0xFF, 0xF3, 0xFF, 0xF4, 0xFF, 0xF6, 0xFF, 0xF4, 0xFF, 0xF5, 0xFF,
        0xF7, 0xFF, 0xF8, 0xFF, 0xF9, 0xFF, 0xFA, 0xFF, 0xFB, 0xFF, 0xFC, 0xFF, 0xFD, 0xFF, 0xFE, 0xFF,
        0xFF, 0x00, 0x00, 0x00, 0x02, 0x00, 0x02, 0x00, 0x04, 0x00, 0x05, 0x00, 0x05, 0x00, 0x08, 0x00,
        0x07, 0x00, 0x09, 0x00, 0x0A, 0x00, 0x0B, 0x00, 0x0A, 0x00, 0x0E, 0x00, 0x0D, 0x00, 0x0D, 0x00,
        0x0F, 0x00, 0x44, 0xFF, 0x3B, 0x00, 0x45, 0x00, 0xC5, 0x02, 0x97, 0xFF, 0xFF, 0xFF, 0xFC, 0xFF,
        0xFA, 0xFF, 0xF7, 0xFF, 0xF5, 0xFF, 0xF2, 0xFF, 0xF1, 0xFF, 0xEC, 0xFF, 0xEB, 0xFF, 0xE9, 0xFF,
        0xE5, 0xFF, 0xE5, 0xFF, 0xE4, 0xFF, 0xE1, 0xFF, 0xE1, 0xFF, 0xE4, 0xFF, 0xE2, 0xFF, 0xE1, 0xFF,
        0xE0, 0xFF, 0xE4, 0xFF, 0xE5, 0xFF, 0xE5, 0xFF, 0xE7, 0xFF, 0xEB, 0xFF, 0xEC, 0xFF, 0xF1, 0xFF,
        0xF8, 0xFF, 0xF9, 0xFF, 0xF4, 0xFF, 0xF7, 0xFF, 0xFA, 0xFF, 0xFB, 0xFF, 0xFF, 0x00, 0x01, 0x00,
        0x03, 0x00, 0x06, 0x00, 0x09, 0x00, 0x0A, 0x00, 0x07, 0x00, 0x08, 0x00, 0x0F, 0x00, 0x13, 0x00,
        0x14, 0x00, 0x16, 0x00, 0x1B, 0x00, 0x1B, 0x00, 0x1C, 0x00, 0x1F, 0x00, 0x20, 0x00, 0x1E, 0x00,
        0x1D, 0x00, 0x1D, 0x00, 0x1F, 0x00, 0x1C, 0x00, 0x1C, 0x00, 0x1B, 0x00, 0x1A, 0x00, 0x16, 0x00,
        0x14, 0x00, 0x10, 0x00, 0x08, 0x00, 0x08, 0x00, 0x0C, 0x00, 0x09, 0x00, 0x06, 0x00, 0x05, 0x00,
        0x01, 0xFF, 0xB7, 0xFF, 0xFF, 0xFF, 0xFD, 0xFF, 0xFC, 0xFF, 0xF9, 0xFF, 0xF8, 0xFF, 0xF6, 0xFF,
        0xF3, 0xFF, 0xF2, 0xFF, 0xF1, 0xFF, 0xED, 0xFF, 0xEC, 0xFF, 0xEC, 0xFF, 0xEB, 0xFF, 0xE9, 0xFF,
        0xE6, 0xFF, 0xE7, 0xFF, 0xE9, 0xFF, 0xE7, 0xFF, 0xE9, 0xFF, 0xE8, 0xFF, 0xEC, 0xFF, 0xEC, 0xFF,
        0xF0, 0xFF, 0xF2, 0xFF, 0xF2, 0xFF, 0xF4, 0xFF, 0xF5, 0xFF, 0xF9, 0xFF, 0xFA, 0xFF, 0xFC, 0xFF,
        0xFE, 0xFF, 0xFF, 0x00, 0x01, 0x00, 0x02, 0x00, 0x04, 0x00, 0x06, 0x00, 0x07, 0x00, 0x0B, 0x00,
        0x0C, 0x00, 0x0E, 0x00, 0x0E, 0x00, 0x10, 0x00, 0x14, 0x00, 0x14, 0x00, 0x15, 0x00, 0x17, 0x00,
        0x16, 0x00, 0x17, 0x00, 0x19, 0x00, 0x19, 0x00, 0x17, 0x00, 0x18, 0x00, 0x15, 0x00, 0x14, 0x00,
        0x13, 0x00, 0x0F, 0x00, 0x0E, 0x00, 0x0D, 0x00, 0x0B, 0x00, 0x08, 0x00, 0x08, 0x00, 0x04, 0x00,
        0x03, 0x00, 0x02, 0x00, 0x91, 0xFD, 0x2A, 0xFF, 0xEE, 0x02, 0xD6, 0x00, 0x00, 0x03, 0x00, 0x73,
        0xFF, 0xF7, 0x02, 0x64, 0x02, 0xDE, 0x00, 0x51, 0x00, 0x55, 0x00, 0x59, 0x00, 0x00, 0x01, 0x01,
        0x01, 0x01, 0x01, 0x01, 0x01, 0x01, 0x01, 0x01, 0x01, 0x01, 0x01, 0x01, 0x01, 0x01, 0x01, 0x01,
        0x01, 0x01, 0x01, 0x01, 0x01, 0x01, 0x01, 0x01, 0x01, 0x01, 0x01, 0x01, 0x01, 0x01, 0x01, 0x01,
        0x01, 0x01, 0x01, 0x01, 0x01, 0x01, 0x01, 0x01, 0x01, 0x01, 0x01, 0x01, 0x01, 0x01, 0x01, 0x01,
        0x01, 0x01, 0x01, 0x01, 0x01, 0x01, 0x01, 0x01, 0x01, 0x01, 0x01, 0x01, 0x01, 0x01, 0x01, 0x01,
        0x01, 0x01, 0x01, 0x01, 0x01, 0x01, 0x01, 0x01, 0x01, 0x01, 0x01, 0x01, 0x01, 0x01, 0x01, 0x01,
        0x01, 0x01, 0x01, 0x01, 0x01, 0x01, 0x01, 0x01, 0x00, 0x73, 0x00, 0x01, 0x00, 0x02, 0x00, 0x04,
        0x00, 0x06, 0x00, 0x08, 0x00, 0x07, 0x00, 0x08, 0x00, 0x0A, 0x00, 0x08, 0x00, 0x0C, 0x00, 0x0C,
        0x00, 0x0E, 0x00, 0x0C, 0x00, 0x10, 0x00, 0x0E, 0x00, 0x12, 0x00, 0x10, 0x00, 0x14, 0x00, 0x12,
        0x00, 0x17, 0x00, 0x14, 0x00, 0x13, 0x00, 0x17, 0x00, 0x11, 0x00, 0x15, 0x00, 0x10, 0x00, 0x12,
        0x00, 0x0E, 0x00, 0x0F, 0x00, 0x0D, 0x00, 0x0D, 0x00, 0x0D, 0x00, 0x0B, 0x00, 0x09, 0x00, 0x0A,
        0x00, 0x08, 0x00, 0x07, 0x00, 0x08, 0x00, 0x06, 0x00, 0x04, 0x00, 0x02, 0x00, 0x01, 0xFF, 0x90,
        0x00, 0x00, 0xFF, 0xFF, 0xFF, 0xFF, 0xFF, 0xFE, 0xFF, 0xFC, 0xFF, 0xFD, 0xFF, 0xFC, 0xFF, 0xFB,
        0xFF, 0xFC, 0xFF, 0xFA, 0xFF, 0xFA, 0xFF, 0xF9, 0xFF, 0xF9, 0xFF, 0xF7, 0xFF, 0xF8, 0xFF, 0xF4,
        0xFF, 0xF7, 0xFF, 0xE8, 0xFF, 0xE8, 0xFF, 0xE8, 0xFF, 0xE7, 0xFF, 0xF7, 0xFF, 0xF4, 0xFF, 0xF9,
        0xFF, 0xF6, 0xFF, 0xFA, 0xFF, 0xF8, 0xFF, 0xFA, 0xFF, 0xFA, 0xFF, 0xFC, 0xFF, 0xFB, 0xFF, 0xFC,
        0xFF, 0xFD, 0xFF, 0xFD, 0xFF, 0xFD, 0xFF, 0xFF, 0xFF, 0xFF, 0x00, 0x00, 0x00, 0x19, 0x00, 0x00,
        0xFF, 0x7A, 0x00, 0x00, 0x01, 0xD2, 0x00, 0x00, 0xFF, 0x7E, 0x00, 0x00, 0x02, 0x31, 0xFE, 0xA0,
        0xFF, 0xE3, 0xFF, 0xE8, 0xFF, 0xE9, 0xFF, 0xEB, 0xFF, 0xF1, 0xFF, 0xF2, 0xFF, 0xF3, 0xFF, 0xF5,
        0xFF, 0xF5, 0xFF, 0xF6, 0xFF, 0xF6, 0xFF, 0xF9, 0xFF, 0xF9, 0xFF, 0xFA, 0xFF, 0xFB, 0xFF, 0xFC,
        0xFF, 0xFC, 0xFF, 0xFE, 0xFF, 0xFE, 0x00, 0x00, 0x00, 0x00, 0x00, 0x02, 0x00, 0x02, 0x00, 0x04,
        0x00, 0x04, 0x00, 0x05, 0x00, 0x06, 0x00, 0x07, 0x00, 0x07, 0x00, 0x0A, 0x00, 0x0A, 0x00, 0x0B,
        0x00, 0x0B, 0x00, 0x0D, 0x00, 0x0E, 0x00, 0x0F, 0x00, 0x15, 0x00, 0x17, 0x00, 0x18, 0x00, 0x1D,
        0x01, 0x60, 0x00, 0x00, 0xFE, 0xAD, 0xFF, 0xEF, 0xFF, 0xF0, 0xFF, 0xF2, 0xFF, 0xF2, 0xFF, 0xF6,
        0xFF, 0xF6, 0xFF, 0xF7, 0xFF, 0xFA, 0xFF, 0xF9, 0xFF, 0xFA, 0xFF, 0xFA, 0xFF, 0xFC, 0xFF, 0xFB,
        0xFF, 0xFD, 0xFF, 0xFC, 0xFF, 0xFE, 0xFF, 0xFC, 0x00, 0x00, 0x00, 0x00, 0x00, 0x04, 0x00, 0x02,
        0x00, 0x04, 0x00, 0x03, 0x00, 0x05, 0x00, 0x04, 0x00, 0x06, 0x00, 0x06, 0x00, 0x07, 0x00, 0x06,
        0x00, 0x09, 0x00, 0x0A, 0x00, 0x0A, 0x00, 0x0E, 0x00, 0x0E, 0x00, 0x10, 0x00, 0x11, 0x01, 0x53,
        0x00, 0x67, 0x00, 0x46, 0x00, 0x00, 0xFF, 0xBA, 0x00, 0x00, 0x00, 0x46, 0x00, 0x00, 0xFF, 0xBA,
        0x00, 0x01, 0x00, 0x71, 0x00, 0x00, 0x02, 0x3E, 0x02, 0xE8, 0x00, 0xA1, 0x00, 0x00, 0x01, 0x01,
        0x01, 0x01, 0x01, 0x01, 0x01, 0x01, 0x01, 0x01, 0x01, 0x01, 0x01, 0x01, 0x01, 0x01, 0x01, 0x01,
        0x01, 0x01, 0x01, 0x01, 0x01, 0x01, 0x01, 0x01, 0x01, 0x01, 0x01, 0x01, 0x01, 0x01, 0x01, 0x01,
        0x01, 0x01, 0x01, 0x01, 0x01, 0x01, 0x01, 0x01, 0x01, 0x01, 0x01, 0x01, 0x01, 0x01, 0x01, 0x01,
        0x01, 0x01, 0x01, 0x01, 0x01, 0x01, 0x01, 0x01, 0x01, 0x01, 0x01, 0x01, 0x01, 0x01, 0x01, 0x01,
        0x01, 0x01, 0x01, 0x01, 0x01, 0x01, 0x01, 0x01, 0x01, 0x01, 0x01, 0x01, 0x01, 0x01, 0x01, 0x01,
        0x01, 0x01, 0x01, 0x01, 0x01, 0x01, 0x01, 0x01, 0x01, 0x01, 0x01, 0x01, 0x01, 0x01, 0x01, 0x01,
        0x01, 0x01, 0x01, 0x01, 0x01, 0x01, 0x01, 0x01, 0x01, 0x01, 0x01, 0x01, 0x01, 0x01, 0x01, 0x01,
        0x01, 0x01, 0x01, 0x01, 0x01, 0x01, 0x01, 0x01, 0x01, 0x01, 0x01, 0x01, 0x01, 0x01, 0x01, 0x01,
        0x01, 0x01, 0x01, 0x01, 0x01, 0x01, 0x01, 0x01, 0x01, 0x01, 0x01, 0x01, 0x01, 0x01, 0x01, 0x01,
        0x01, 0x01, 0x01, 0x01, 0x01, 0x01, 0x01, 0x01, 0x01, 0x01, 0x01, 0x01, 0x01, 0x01, 0x01, 0x01,
        0x01, 0x5E, 0x00, 0x0F, 0x00, 0x0D, 0x00, 0x0D, 0x00, 0x0E, 0x00, 0x0B, 0x00, 0x0B, 0x00, 0x08,
        0x00, 0x09, 0x00, 0x06, 0x00, 0x07, 0x00, 0x04, 0x00, 0x05, 0x00, 0x03, 0x00, 0x02, 0x00, 0x02,
        0x00, 0x00, 0x00, 0x00, 0xFF, 0xFF, 0xFF, 0xFE, 0xFF, 0xFD, 0xFF, 0xFD, 0xFF, 0xFB, 0xFF, 0xFB,
        0xFF, 0xFA, 0xFF, 0xF9, 0xFF, 0xF7, 0xFF, 0xF7, 0xFF, 0xF6, 0xFF, 0xF4, 0xFF, 0xF1, 0xFF, 0xE0,
        0x00, 0x00, 0x00, 0x1C, 0x00, 0x14, 0x00, 0x16, 0x00, 0x15, 0x00, 0x13, 0x00, 0x13, 0x00, 0x13,
        0x00, 0x10, 0x00, 0x0D, 0x00, 0x0D, 0x00, 0x0A, 0x00, 0x08, 0x00, 0x06, 0x00, 0x04, 0x00, 0x02,
        0x00, 0x00, 0xFF, 0xFF, 0xFF, 0xFE, 0xFF, 0xFD, 0xFF, 0xFC, 0xFF, 0xFC, 0xFF, 0xFA, 0xFF, 0xF9,
        0xFF, 0xFA, 0xFF, 0xF7, 0xFF, 0xF9, 0xFF, 0xF5, 0xFF, 0xF7, 0xFF, 0xF3, 0xFF, 0xF5, 0xFF, 0xF5,
        0xFF, 0xF4, 0x00, 0x0F, 0x00, 0x0F, 0x00, 0x0D, 0x00, 0x0B, 0x00, 0x0A, 0x00, 0x08, 0x00, 0x08,
        0x00, 0x05, 0x00, 0x05, 0x00, 0x02, 0x00, 0x02, 0xFF, 0xFF, 0xFF, 0xFF, 0xFF, 0xFD, 0xFF, 0xFB,
        0xFF, 0xF9, 0xFF, 0xFB, 0xFF, 0xF7, 0xFF, 0xF7, 0xFF, 0xF6, 0xFF, 0xF8, 0xFF, 0xF4, 0xFF, 0xF3,
        0xFF, 0xF3, 0xFF, 0xF2, 0xFF, 0xF2, 0xFF, 0xF1, 0xFF, 0xF1, 0xFF, 0xF1, 0xFF, 0xF0, 0xFF, 0xED,
        0xFF, 0xF0, 0xFF, 0xEF, 0xFF, 0xEC, 0xFF, 0xF1, 0xFF, 0xED, 0xFF, 0xF2, 0xFF, 0xEF, 0xFF, 0xF2,
        0xFF, 0xF1, 0xFF, 0xF2, 0xFF, 0xF3, 0xFF, 0xF4, 0xFF, 0xF7, 0xFF, 0xF6, 0xFF, 0xF9, 0xFF, 0xF9,
        0xFF, 0xFB, 0xFF, 0xFB, 0xFF, 0xFD, 0xFF, 0xFE, 0xFF, 0xFF, 0x00, 0x00, 0x00, 0x65, 0x00, 0x00,
        0x00, 0x01, 0x00, 0x02, 0x00, 0x03, 0x00, 0x02, 0x00, 0x04, 0x00, 0x03, 0x00, 0x05, 0x00, 0x05,
        0x00, 0x09, 0x00, 0x0A, 0x00, 0x0D, 0x00, 0x0D, 0x00, 0x0F, 0x00, 0x10, 0x00, 0x13, 0x00, 0x15,
        0x00, 0x10, 0x00, 0x0E, 0x00, 0x0E, 0x00, 0x0B, 0x00, 0x0B, 0x00, 0x08, 0x00, 0x08, 0x00, 0x05,
        0x00, 0x05, 0x00, 0x02, 0x00, 0x01, 0x00, 0x01, 0xFF, 0xFF, 0xFF, 0xFE, 0xFF, 0xFD, 0xFF, 0xFC,
        0xFF, 0xF9, 0xFF, 0xF8, 0xFF, 0xF6, 0xFF, 0xF9, 0xFF, 0xF9, 0xFF, 0xF2, 0xFF, 0xF1, 0xFF, 0xF0,
        0xFF, 0xE9, 0x00, 0x00, 0x01, 0x56, 0x00, 0x00, 0xFF, 0xFE, 0xFF, 0xFE, 0xFF, 0xFC, 0xFF, 0xFC,
        0xFF, 0xFA, 0xFF, 0xFA, 0xFF, 0xF7, 0xFF, 0xF8, 0xFF, 0xF5, 0xFF, 0xF6, 0xFF, 0xF2, 0xFF, 0xF2,
        0xFF, 0xF0, 0xFF, 0xEF, 0xFF, 0xEE, 0xFF, 0xF0, 0xFF, 0xF2, 0xFF, 0xF3, 0xFF, 0xF4, 0xFF, 0xF5,
        0xFF, 0xF7, 0xFF, 0xF7, 0xFF, 0xF9, 0xFF, 0xFA, 0xFF, 0xFB, 0xFF, 0xFC, 0xFF, 0xFC, 0xFF, 0xFE,
        0xFF, 0xFE, 0xFF, 0xFF, 0xFF, 0xAA, 0x00, 0x00, 0x00, 0x01, 0x00, 0x04, 0x00, 0x06, 0x00, 0x07,
        0x00, 0x0A, 0x00, 0x0D, 0x00, 0x0E, 0x00, 0x0F, 0x00, 0x12, 0x00, 0x12, 0x00, 0x14, 0x00, 0x16,
        0x00, 0x14, 0x00, 0x18, 0x00, 0x18, 0x00, 0x11, 0x00, 0x10, 0x00, 0x0F, 0x00, 0x0C, 0x00, 0x0F,
        0x00, 0x0E, 0x00, 0x0D, 0x00, 0x0A, 0x00, 0x0C, 0x00, 0x09, 0x00, 0x0A, 0x00, 0x08, 0x00, 0x09,
        0x00, 0x06, 0x00, 0x06, 0x00, 0x04, 0x00, 0x0A, 0x00, 0x0C, 0x00, 0x0C, 0x00, 0x0B, 0x00, 0x0E,
        0x00, 0x0C, 0x00, 0x10, 0x00, 0x0E, 0x00, 0x12, 0x00, 0x10, 0x00, 0x10, 0x00, 0x12, 0x00, 0x11,
        0x00, 0x11, 0x00, 0x10, 0x00, 0x11, 0x00, 0x0B, 0x00, 0x0E, 0x00, 0x0C, 0x00, 0x0B, 0x00, 0x09,
        0x00, 0x0A, 0x00, 0x09, 0x00, 0x08, 0x00, 0x07, 0x00, 0x07, 0x00, 0x05, 0x00, 0x04, 0x00, 0x04,
        0x00, 0x02, 0x00, 0x02, 0x00, 0x01, 0xFF, 0xFF, 0xFF, 0xFE, 0xFF, 0xFD, 0xFF, 0xFC, 0xFF, 0xFB,
        0xFF, 0xF8, 0xFF, 0xF9, 0xFF, 0xF7, 0xFF, 0xF5, 0xFF, 0xF4, 0xFF, 0xF2, 0xFF, 0xF4, 0xFF, 0xF1,
        0xFF, 0xF3, 0xFF, 0xEE, 0xFF, 0xF1, 0xFF, 0xED, 0xFF, 0xEF, 0xFF, 0xEF, 0xFF, 0xEF, 0xFD, 0xF3,
        0x00, 0x00, 0x01, 0xE7, 0x00, 0x1B, 0x00, 0x21, 0x00, 0x0F, 0x00, 0x0B, 0x00, 0x0B, 0x00, 0x0B,
        0x00, 0x09, 0x00, 0x09, 0x00, 0x0D, 0x00, 0x08, 0x00, 0x09, 0x00, 0x06, 0x00, 0x04, 0x00, 0x03,
        0x00, 0x01, 0x00, 0x00, 0xFF, 0xFD, 0xFF, 0xFC, 0xFF, 0xFB, 0xFF, 0xF9, 0xFF, 0xF7, 0xFF, 0xF6,
        0xFF, 0xF4, 0xFF, 0xF3, 0xFF, 0xF1, 0xFF, 0xF3, 0xFF, 0xF2, 0xFF, 0xF1, 0xFF, 0xF2, 0xFF, 0xF2,
        0xFF, 0xF4, 0xFF, 0xF5, 0xFF, 0xF3, 0xFF, 0xF6, 0xFF, 0xF7, 0xFF, 0xFC, 0xFF, 0xFC, 0xFF, 0xFB,
        0xFF, 0xFD, 0xFF, 0xFF, 0x00, 0x00, 0xFF, 0xA1, 0x00, 0x03, 0x00, 0x8E, 0xFF, 0xF7, 0x02, 0x2D,
        0x02, 0xD3, 0x00, 0x98, 0x00, 0xC3, 0x00, 0xF7, 0x00, 0x00, 0x01, 0x01, 0x01, 0x01, 0x01, 0x01,
        0x01, 0x01, 0x01, 0x01, 0x01, 0x01, 0x01, 0x01, 0x01, 0x01, 0x01, 0x01, 0x01, 0x01, 0x01, 0x01,
        0x01, 0x01, 0x01, 0x01, 0x01, 0x01, 0x01, 0x01, 0x01, 0x01, 0x01, 0x01, 0x01, 0x01, 0x01, 0x01,
        0x01, 0x01, 0x01, 0x01, 0x01, 0x01, 0x01, 0x01, 0x01, 0x01, 0x01, 0x01, 0x01, 0x01, 0x01, 0x01,
        0x01, 0x01, 0x01, 0x01, 0x01, 0x01, 0x01, 0x01, 0x01, 0x01, 0x01, 0x01, 0x01, 0x01, 0x01, 0x01,
        0x01, 0x01, 0x01, 0x01, 0x01, 0x01, 0x01, 0x01, 0x01, 0x01, 0x01, 0x01, 0x01, 0x01, 0x01, 0x01,
        0x01, 0x01, 0x01, 0x01, 0x01, 0x01, 0x01, 0x01, 0x01, 0x01, 0x01, 0x01, 0x01, 0x01, 0x01, 0x01,
        0x01, 0x01, 0x01, 0x01, 0x01, 0x01, 0x01, 0x01, 0x01, 0x01, 0x01, 0x01, 0x01, 0x01, 0x01, 0x01,
        0x01, 0x01, 0x01, 0x01, 0x01, 0x01, 0x01, 0x01, 0x01, 0x01, 0x01, 0x01, 0x01, 0x01, 0x01, 0x01,
        0x01, 0x01, 0x01, 0x01, 0x01, 0x01, 0x01, 0x01, 0x01, 0x01, 0x01, 0x01, 0x01, 0x01, 0x01, 0x01,
        0x01, 0x01, 0x01, 0x01, 0x01, 0x01, 0x01, 0x01, 0x01, 0x01, 0x01, 0x01, 0x01, 0x01, 0x01, 0x01,
        0x01, 0x01, 0x01, 0x01, 0x01, 0x01, 0x01, 0x01, 0x01, 0x01, 0x01, 0x01, 0x01, 0x01, 0x01, 0x01,
        0x01, 0x01, 0x01, 0x01, 0x01, 0x01, 0x01, 0x01, 0x01, 0x01, 0x01, 0x01, 0x01, 0x01, 0x01, 0x01,
        0x01, 0x01, 0x01, 0x01, 0x01, 0x01, 0x01, 0x01, 0x01, 0x01, 0x01, 0x01, 0x01, 0x01, 0x01, 0x01,
        0x01, 0x01, 0x01, 0x01, 0x01, 0x01, 0x01, 0x01, 0x01, 0x01, 0x01, 0x01, 0x01, 0x01, 0x01, 0x01,
        0x01, 0x01, 0x01, 0x01, 0x01, 0x01, 0x01, 0x01, 0x01, 0x01, 0x01, 0x01, 0x01, 0x01, 0x01, 0x01,
        0x01, 0x01, 0x02, 0x2D, 0x00, 0x00, 0xFF, 0xFE, 0xFF, 0xFB, 0xFF, 0xFB, 0xFF, 0xFC, 0xFF, 0xFC,
        0xFF, 0xFA, 0xFF, 0xF9, 0xFF, 0xF9, 0xFF, 0xF7, 0xFF, 0xF6, 0xFF, 0xF5, 0xFF, 0xF8, 0x00, 0x0D,
        0x00, 0x09, 0x00, 0x0A, 0x00, 0x07, 0x00, 0x07, 0x00, 0x04, 0x00, 0x04, 0x00, 0x03, 0x00, 0x02,
        0x00, 0x00, 0xFF, 0xFF, 0xFF, 0xFD, 0xFF, 0xFD, 0xFF, 0xFB, 0xFF, 0xFA, 0xFF, 0xF8, 0xFF, 0xF9,
        0xFF, 0xF5, 0xFF, 0xF5, 0xFF, 0xF4, 0xFF, 0xF2, 0xFF, 0xF2, 0xFF, 0xF2, 0xFF, 0xED, 0xFF, 0xED,
        0xFF, 0xED, 0xFF, 0xEC, 0xFF, 0xED, 0xFF, 0xED, 0xFF, 0xF0, 0xFF, 0xEE, 0xFF, 0xF1, 0xFF, 0xF0,
        0xFF, 0xF3, 0xFF, 0xF1, 0xFF, 0xF6, 0xFF, 0xF4, 0xFF, 0xF8, 0xFF, 0xFA, 0xFF, 0xFA, 0xFF, 0xFD,
        0xFF, 0xFF, 0xFF, 0xFF, 0xFF, 0xFF, 0x00, 0x01, 0x00, 0x01, 0x00, 0x03, 0x00, 0x02, 0x00, 0x03,
        0x00, 0x05, 0x00, 0x04, 0x00, 0x07, 0x00, 0x0E, 0x00, 0x09, 0x00, 0x0A, 0xFF, 0xF2, 0xFF, 0xF4,
        0xFF, 0xF5, 0xFF, 0xF7, 0xFF, 0xF8, 0xFF, 0xFA, 0xFF, 0xFB, 0xFF, 0xFD, 0x00, 0x64, 0x00, 0x00,
        0x00, 0x02, 0x00, 0x01, 0x00, 0x04, 0x00, 0x05, 0x00, 0x07, 0x00, 0x07, 0x00, 0x08, 0x00, 0x08,
        0x00, 0x0D, 0x00, 0x17, 0x00, 0x12, 0x00, 0x10, 0x00, 0x0D, 0x00, 0x0B, 0x00, 0x0F, 0x00, 0x08,
        0x00, 0x07, 0x00, 0x0A, 0x00, 0x04, 0x00, 0x04, 0x00, 0x05, 0x00, 0x03, 0x00, 0x01, 0x00, 0x00,
        0xFF, 0x9D, 0xFF, 0xE9, 0xFF, 0xED, 0xFF, 0xE6, 0xFF, 0xE8, 0xFF, 0xE8, 0xFF, 0xED, 0xFF, 0xEE,
        0xFF, 0xF0, 0xFF, 0xF1, 0xFF, 0xF9, 0xFF, 0xFB, 0xFF, 0xFB, 0xFF, 0xFC, 0xFF, 0xFA, 0xFF, 0xFD,
        0xFF, 0xFE, 0x00, 0x01, 0x00, 0x01, 0x00, 0x02, 0x00, 0x03, 0x00, 0x03, 0x00, 0x05, 0x00, 0x05,
        0x00, 0x07, 0x00, 0x0D, 0x00, 0x09, 0x00, 0x09, 0x00, 0x0A, 0x00, 0x0B, 0x00, 0x0B, 0x00, 0x0B,
        0x00, 0x0C, 0x00, 0x10, 0x00, 0x0D, 0x00, 0x10, 0x00, 0x11, 0x00, 0x0C, 0x00, 0x0C, 0x00, 0x10,
        0x00, 0x0F, 0x00, 0x0E, 0x00, 0x0F, 0x00, 0x0B, 0x00, 0x0D, 0x00, 0x0B, 0x00, 0x0C, 0x00, 0x09,
        0x00, 0x00, 0x00, 0x64, 0xFF, 0x9B, 0xFF, 0xFF, 0x00, 0x00, 0xFF, 0xFE, 0xFF, 0xFC, 0xFF, 0xFB,
        0xFF, 0xFA, 0xFF, 0xF9, 0xFF, 0xF7, 0xFF, 0xF6, 0xFF, 0xF5, 0xFF, 0xF3, 0xFF, 0xF5, 0xFF, 0xF1,
        0xFF, 0xF3, 0xFF, 0xF2, 0xFF, 0xF2, 0xFF, 0xF5, 0xFF, 0xF7, 0xFF, 0xF6, 0xFF, 0xF7, 0xFF, 0xF8,
        0xFF, 0xF9, 0xFF, 0xF9, 0xFF, 0xF9, 0xFF, 0xFB, 0xFF, 0xFB, 0xFF, 0xFD, 0xFF, 0xFD, 0xFF, 0xFE,
        0xFF, 0xFF, 0x00, 0x01, 0x00, 0x01, 0x00, 0x03, 0x00, 0x04, 0x00, 0x04, 0x00, 0x09, 0x00, 0x07,
        0x00, 0x07, 0x00, 0x10, 0x00, 0x12, 0x00, 0x16, 0x00, 0x17, 0x00, 0x0B, 0x00, 0x17, 0x00, 0x14,
        0x00, 0x11, 0x00, 0x08, 0x00, 0x08, 0x00, 0x06, 0x00, 0x07, 0x00, 0x08, 0x00, 0x04, 0x00, 0x02,
        0x00, 0x02, 0x00, 0x01, 0xFF, 0xFF, 0xFF, 0xFE, 0xFF, 0xFD, 0xFF, 0xFD, 0xFF, 0xFB, 0xFF, 0xFB,
        0xFF, 0xFA, 0xFF, 0xF9, 0xFF, 0xF9, 0xFF, 0xEF, 0xFF, 0xF7, 0xFF, 0xF4, 0xFF, 0xE6, 0xFF, 0xE6,
        0xFF, 0xEA, 0xFF, 0xEF, 0xFF, 0xF8, 0xFF, 0xF9, 0xFF, 0xF9, 0xFF, 0xFB, 0xFF, 0xFA, 0xFF, 0xFD,
        0xFF, 0xFD, 0xFF, 0xFD, 0xFF, 0xFE, 0x00, 0x00, 0x00, 0x00, 0x00, 0x01, 0x00, 0x02, 0x00, 0x03,
        0x00, 0x07, 0x00, 0x06, 0x00, 0x06, 0x00, 0x07, 0x00, 0x08, 0x00, 0x11, 0x00, 0x09, 0x00, 0x0D,
        0x00, 0x17, 0x01, 0x31, 0x00, 0x25, 0x00, 0x1B, 0x00, 0x16, 0x00, 0x0C, 0x00, 0x08, 0x00, 0x09,
        0x00, 0x07, 0x00, 0x08, 0x00, 0x07, 0x00, 0x06, 0x00, 0x05, 0x00, 0x05, 0x00, 0x03, 0x00, 0x09,
        0x00, 0x09, 0x00, 0x0A, 0x00, 0x09, 0x00, 0x0C, 0x00, 0x09, 0x00, 0x0B, 0x00, 0x0E, 0x00, 0x10,
        0x00, 0x11, 0x00, 0x0E, 0x00, 0x11, 0x00, 0x0D, 0x00, 0x0F, 0x00, 0x0B, 0x00, 0x0C, 0x00, 0x09,
        0x00, 0x0B, 0x00, 0x09, 0x00, 0x08, 0x00, 0x07, 0x00, 0x06, 0x00, 0x04, 0x00, 0x05, 0x00, 0x03,
        0x00, 0x02, 0x00, 0x00, 0xFF, 0xFF, 0xFF, 0xFE, 0xFF, 0xFD, 0xFF, 0xFC, 0xFF, 0xFB, 0xFF, 0xF8,
        0xFF, 0xF9, 0xFF, 0xF5, 0xFF, 0xF7, 0xFF, 0xF2, 0xFF, 0xF4, 0xFF, 0xF2, 0xFF, 0xF1, 0xFF, 0xF3,
        0xFF, 0xF6, 0xFF, 0xF5, 0xFF, 0xF1, 0xFF, 0xF3, 0xFF, 0xF4, 0xFF, 0xF5, 0xFF, 0xF8, 0xFF, 0xF8,
        0xFF, 0xF6, 0xFF, 0xF9, 0xFF, 0xF7, 0xFF, 0xF2, 0xFF, 0xF7, 0xFF, 0xF9, 0xFF, 0xF8, 0xFF, 0xF7,
        0xFF, 0xF6, 0xFF, 0xF5, 0xFF, 0xF4, 0xFF, 0xF2, 0xFF, 0xF1, 0xFF, 0xF0, 0x00, 0x00, 0x00, 0x06,
        0x00, 0x09, 0x00, 0x05, 0x00, 0x07, 0x00, 0x06, 0x00, 0x06, 0x00, 0x04, 0x00, 0x04, 0x00, 0x03,
        0x00, 0x03, 0x00, 0x03, 0x00, 0x01, 0xFF, 0xFF, 0xFF, 0xFF, 0xFF, 0xFF, 0xFF, 0xFB, 0xFF, 0xFD,
        0xFF, 0xFC, 0xFF, 0xF7, 0xFF, 0xFB, 0xFF, 0xF9, 0xFF, 0xF2, 0xFF, 0xF1, 0xFF, 0xEB, 0xFF, 0xE2,
        0x00, 0x00, 0xFF, 0xFF, 0xFF, 0xFE, 0xFF, 0xFC, 0xFF, 0xFA, 0xFF, 0xF8, 0xFF, 0xF7, 0xFF, 0xF5,
        0xFF, 0xF3, 0xFF, 0xF2, 0xFF, 0xF6, 0xFF, 0xF9, 0xFF, 0xF5, 0xFF, 0xF8, 0xFF, 0xED, 0xFF, 0xEC,
        0xFF, 0xEA, 0xFF, 0xF6, 0xFF, 0xF2, 0xFF, 0xF7, 0xFF, 0xF3, 0xFF, 0xF7, 0xFF, 0xF5, 0xFF, 0xF6,
        0xFF, 0xF6, 0xFF, 0xF0, 0xFF, 0xF8, 0xFF, 0xF9, 0xFF, 0xFA, 0xFF, 0xFA, 0xFF, 0xFB, 0xFF, 0xFB,
        0xFF, 0xFC, 0xFF, 0xFD, 0xFF, 0xFD, 0xFF, 0xFF, 0xFF, 0xFF, 0x00, 0x01, 0x00, 0x01, 0x00, 0x02,
        0x00, 0x04, 0x00, 0x04, 0x00, 0x06, 0x00, 0x05, 0x00, 0x08, 0x00, 0x07, 0x00, 0x09, 0x00, 0x09,
        0xFF, 0xD1, 0x00, 0x00, 0x00, 0xE8, 0xFF, 0xE8, 0xFF, 0xF3, 0xFF, 0xF0, 0xFF, 0xF1, 0xFF, 0xF1,
        0xFF, 0xF2, 0xFF, 0xF3, 0xFF, 0xF5, 0xFF, 0xF5, 0xFF, 0xF6, 0xFF, 0xF8, 0xFF, 0xFB, 0xFF, 0xFB,
        0xFF, 0xFD, 0xFF, 0xFE, 0xFF, 0xFF, 0x00, 0x01, 0x00, 0x01, 0x00, 0x02, 0x00, 0x03, 0x00, 0x04,
        0x00, 0x04, 0x00, 0x05, 0x00, 0x06, 0x00, 0x07, 0x00, 0x07, 0x00, 0x09, 0x00, 0x08, 0x00, 0x0A,
        0x00, 0x0A, 0x00, 0x12, 0x00, 0x06, 0x00, 0x09, 0x00, 0x08, 0x00, 0x08, 0x00, 0x0B, 0x00, 0x06,
        0x00, 0x05, 0x00, 0x08, 0x00, 0x05, 0x00, 0x04, 0x00, 0x01, 0x01, 0xA3, 0xFF, 0xFF, 0xFF, 0xFC,
        0xFF, 0xFA, 0xFF, 0xFC, 0xFF, 0xFC, 0xFF, 0xFA, 0xFF, 0xFA, 0xFF, 0xF5, 0xFF, 0xF8, 0xFF, 0xF7,
        0xFF, 0xF7, 0xFF, 0xF9, 0xFF, 0xEE, 0xFF, 0xF6, 0xFF, 0xF7, 0xFF, 0xFB, 0xFF, 0xF9, 0xFF, 0xF9,
        0xFF, 0xFB, 0xFF, 0xFB, 0xFF, 0xFC, 0xFF, 0xFA, 0xFF, 0xFE, 0xFF, 0xFE, 0xFF, 0xFE, 0x00, 0x01,
        0x00, 0x03, 0x00, 0x06, 0x00, 0x03, 0x00, 0x04, 0x00, 0x05, 0x00, 0x06, 0x00, 0x07, 0x00, 0x05,
        0x00, 0x08, 0x00, 0x09, 0x00, 0x0B, 0x00, 0x07, 0x00, 0x07, 0x00, 0x0A, 0x00, 0x09, 0x00, 0x09,
        0x00, 0x0C, 0x00, 0x06, 0x00, 0x06, 0x00, 0x05, 0x00, 0x04, 0x00, 0x07, 0x00, 0x03, 0x00, 0x02,
        0x00, 0x02, 0x00, 0x00, 0x00, 0x03, 0x00, 0x78, 0xFF, 0xF7, 0x02, 0x44, 0x02, 0x04, 0x00, 0x18,
        0x00, 0x3B, 0x00, 0xDB, 0x00, 0x00, 0x01, 0x01, 0x01, 0x01, 0x01, 0x01, 0x01, 0x01, 0x01, 0x01,
        0x01, 0x01, 0x01, 0x01, 0x01, 0x01, 0x01, 0x01, 0x01, 0x01, 0x01, 0x01, 0x01, 0x01, 0x01, 0x01,
        0x01, 0x01, 0x01, 0x01, 0x01, 0x01, 0x01, 0x01, 0x01, 0x01, 0x01, 0x01, 0x01, 0x01, 0x01, 0x01,
        0x01, 0x01, 0x01, 0x01, 0x01, 0x01, 0x01, 0x01, 0x01, 0x01, 0x01, 0x01, 0x01, 0x01, 0x01, 0x01,
        0x01, 0x01, 0x01, 0x01, 0x01, 0x01, 0x01, 0x01, 0x01, 0x01, 0x01, 0x01, 0x01, 0x01, 0x01, 0x01,
        0x01, 0x01, 0x01, 0x01, 0x01, 0x01, 0x01, 0x01, 0x01, 0x01, 0x01, 0x01, 0x01, 0x01, 0x01, 0x01,
        0x01, 0x01, 0x01, 0x01, 0x01, 0x01, 0x01, 0x01, 0x01, 0x01, 0x01, 0x01, 0x01, 0x01, 0x01, 0x01,
        0x01, 0x01, 0x01, 0x01, 0x01, 0x01, 0x01, 0x01, 0x01, 0x01, 0x01, 0x01, 0x01, 0x01, 0x01, 0x01,
        0x01, 0x01, 0x01, 0x01, 0x01, 0x01, 0x01, 0x01, 0x01, 0x01, 0x01, 0x01, 0x01, 0x01, 0x01, 0x01,
        0x01, 0x01, 0x01, 0x01, 0x01, 0x01, 0x01, 0x01, 0x01, 0x01, 0x01, 0x01, 0x01, 0x01, 0x01, 0x01,
        0x01, 0x01, 0x01, 0x01, 0x01, 0x01, 0x01, 0x01, 0x01, 0x01, 0x01, 0x01, 0x01, 0x01, 0x01, 0x01,
        0x01, 0x01, 0x01, 0x01, 0x01, 0x01, 0x01, 0x01, 0x01, 0x01, 0x01, 0x01, 0x01, 0x01, 0x01, 0x01,
        0x01, 0x01, 0x01, 0x01, 0x01, 0x01, 0x01, 0x01, 0x01, 0x01, 0x01, 0x01, 0x01, 0x01, 0x01, 0x01,
        0x01, 0x01, 0x01, 0x01, 0x01, 0x01, 0x01, 0x01, 0x01, 0x01, 0x01, 0x01, 0x01, 0x01, 0x01, 0x01,
        0x01, 0x01, 0x01, 0x87, 0x00, 0x00, 0x00, 0x01, 0x00, 0x02, 0x00, 0x04, 0x00, 0x04, 0x00, 0x04,
        0x00, 0x06, 0x00, 0x04, 0x00, 0x07, 0x00, 0x06, 0x00, 0x06, 0x00, 0x07, 0x00, 0x0E, 0x00, 0x06,
        0x00, 0x07, 0x00, 0x05, 0x00, 0x05, 0x00, 0x05, 0x00, 0x03, 0x00, 0x03, 0x00, 0x02, 0x00, 0x03,
        0x00, 0x01, 0x00, 0x00, 0xFF, 0x44, 0x00, 0x00, 0xFF, 0xFE, 0xFF, 0xFE, 0xFF, 0xFD, 0xFF, 0xFD,
        0xFF, 0xFB, 0xFF, 0xFB, 0xFF, 0xFB, 0xFF, 0xF9, 0xFF, 0xFA, 0xFF, 0xF9, 0xFF, 0xF9, 0xFF, 0xF8,
        0xFF, 0xF9, 0xFF, 0xFA, 0xFF, 0xFB, 0xFF, 0xFB, 0xFF, 0xFA, 0xFF, 0xFD, 0xFF, 0xFC, 0xFF, 0xFD,
        0xFF, 0xFE, 0xFF, 0xFE, 0x00, 0x00, 0x00, 0x01, 0x00, 0x02, 0x00, 0x04, 0x00, 0x07, 0x00, 0x07,
        0x00, 0x0A, 0x00, 0x0C, 0x00, 0x0E, 0x00, 0x13, 0x00, 0x14, 0x01, 0x17, 0x00, 0x00, 0xFF, 0xFE,
        0xFF, 0xFE, 0xFF, 0xFC, 0xFF, 0xFB, 0xFF, 0xFA, 0xFF, 0xF9, 0xFF, 0xF6, 0xFF, 0xF5, 0xFF, 0xF3,
        0xFF, 0xF0, 0xFF, 0xF1, 0xFF, 0xEB, 0xFF, 0xED, 0xFF, 0xF1, 0xFF, 0xF1, 0xFF, 0xF1, 0xFF, 0xF1,
        0xFF, 0xF3, 0xFF, 0xF6, 0xFF, 0xF8, 0xFF, 0xF9, 0xFF, 0xFD, 0xFF, 0xFB, 0xFF, 0xFA, 0xFF, 0xFA,
        0xFF, 0xF9, 0xFF, 0xF8, 0xFF, 0xF8, 0xFF, 0xF7, 0xFF, 0xF4, 0xFF, 0xF4, 0xFF, 0xE7, 0xFF, 0xF6,
        0xFF, 0xF3, 0xFF, 0xF6, 0xFF, 0xF4, 0xFF, 0xF2, 0xFF, 0xF1, 0xFF, 0xF4, 0xFF, 0xF4, 0xFF, 0xF6,
        0xFF, 0xF7, 0xFF, 0xFA, 0xFF, 0xFC, 0xFF, 0xFE, 0xFF, 0xFF, 0x00, 0x54, 0x00, 0x02, 0x00, 0x03,
        0x00, 0x06, 0x00, 0x08, 0x00, 0x09, 0x00, 0x06, 0x00, 0x06, 0x00, 0x0A, 0x00, 0x0E, 0x00, 0x08,
        0x00, 0x07, 0x00, 0x06, 0x00, 0x05, 0x00, 0x04, 0x00, 0x03, 0x00, 0x03, 0x00, 0x02, 0x00, 0x02,
        0x00, 0x00, 0xFF, 0xD8, 0xFF, 0xE0, 0xFF, 0xF2, 0xFF, 0xF2, 0xFF, 0xF4, 0xFF, 0xF7, 0xFF, 0xF5,
        0xFF, 0xF8, 0xFF, 0xF7, 0xFF, 0xFA, 0xFF, 0xF9, 0xFF, 0xFA, 0xFF, 0xFC, 0xFF, 0xFC, 0xFF, 0xFC,
        0xFF, 0xFD, 0xFF, 0xFD, 0xFF, 0xFF, 0xFF, 0xFF, 0x00, 0x01, 0x00, 0x01, 0x00, 0x03, 0x00, 0x03,
        0x00, 0x04, 0x00, 0x05, 0x00, 0x06, 0x00, 0x07, 0x00, 0x08, 0x00, 0x08, 0x00, 0x09, 0x00, 0x0A,
        0x00, 0x0A, 0x00, 0x0C, 0x00, 0x0D, 0x00, 0x0E, 0x00, 0x11, 0x00, 0x0F, 0x00, 0x0D, 0x00, 0x0B,
        0x00, 0x0C, 0x00, 0x0A, 0x00, 0x0A, 0x00, 0x09, 0x00, 0x09, 0x00, 0x07, 0x00, 0x04, 0x00, 0x06,
        0x00, 0x06, 0x00, 0x08, 0x00, 0x09, 0x00, 0x0A, 0x00, 0x0B, 0x00, 0x0B, 0x00, 0x0F, 0x00, 0x10,
        0x00, 0x11, 0x00, 0x11, 0x00, 0x10, 0x00, 0x0E, 0x00, 0x0E, 0x00, 0x0B, 0x00, 0x0B, 0x00, 0x09,
        0x00, 0x08, 0x00, 0x07, 0x00, 0x06, 0x00, 0x04, 0x00, 0x02, 0x00, 0x01, 0x00, 0x00, 0xFF, 0xAA,
        0xFF, 0xFF, 0xFF, 0xFD, 0xFF, 0xFC, 0xFF, 0xFC, 0xFF, 0xFD, 0xFF, 0xFA, 0xFF, 0xFB, 0xFF, 0xFA,
        0xFF, 0xFA, 0xFF, 0xF6, 0xFF, 0xF8, 0xFF, 0xFA, 0xFF, 0xFA, 0xFF, 0xFB, 0xFF, 0xFB, 0xFF, 0xF8,
        0xFF, 0xFB, 0xFF, 0xFB, 0xFF, 0xFD, 0xFF, 0xFF, 0x00, 0x00, 0x01, 0x35, 0x00, 0x2E, 0x00, 0x15,
        0x00, 0x14, 0x00, 0x0E, 0x00, 0x08, 0x00, 0x07, 0x00, 0x06, 0x00, 0x03, 0x00, 0x04, 0x00, 0x02,
        0x00, 0x01, 0x00, 0x00, 0xFF, 0xFF, 0xFF, 0xFE, 0xFF, 0xFC, 0xFF, 0xFD, 0xFF, 0xFB, 0xFF, 0xF9,
        0xFF, 0xF9, 0xFF, 0xF7, 0xFF, 0xF7, 0xFF, 0xED, 0xFF, 0xEC, 0xFF, 0xD2, 0xFF, 0xB3, 0xFF, 0xAD,
        0xFF, 0xEC, 0xFF, 0xF6, 0xFF, 0xF6, 0xFF, 0xF7, 0xFF, 0xF8, 0xFF, 0xF8, 0xFF, 0xFC, 0xFF, 0xFC,
        0xFF, 0xFD, 0xFF, 0xFF, 0x00, 0x00, 0x00, 0x00, 0x00, 0x01, 0x00, 0x03, 0x00, 0x02, 0x00, 0x04,
        0x00, 0x06, 0x00, 0x05, 0x00, 0x08, 0x00, 0x09, 0x00, 0x09, 0x00, 0x16, 0x00, 0x18, 0x00, 0x0B,
        0x00, 0x09, 0x00, 0x0B, 0x00, 0x0B, 0x00, 0x08, 0x00, 0x06, 0x00, 0x05, 0x00, 0x03, 0x00, 0x02,
        0x00, 0x01, 0xFF, 0xFE, 0x00, 0x6D, 0x00, 0x28, 0x00, 0x16, 0x00, 0x15, 0x00, 0x11, 0x00, 0x0F,
        0x00, 0x0E, 0x00, 0x0D, 0x00, 0x0A, 0x00, 0x0A, 0x00, 0x07, 0x00, 0x04, 0x00, 0x03, 0x00, 0x01,
        0xFF, 0xFF, 0xFF, 0xFE, 0xFF, 0xFB, 0xFF, 0xFA, 0xFF, 0xF7, 0xFF, 0xF8, 0xFF, 0xF6, 0xFF, 0xF5,
        0x00, 0x07, 0x00, 0x08, 0x00, 0x07, 0x00, 0x06, 0x00, 0x06, 0x00, 0x05, 0x00, 0x03, 0x00, 0x03,
        0x00, 0x03, 0x00, 0x03, 0x00, 0x01, 0x00, 0x00, 0xFF, 0xFE, 0xFF, 0xFE, 0xFF, 0xFD, 0xFF, 0xFB,
        0xFF, 0xF7, 0xFF, 0xF7, 0xFF, 0xF3, 0xFF, 0xF2, 0xFF, 0xF0, 0xFF, 0xEF, 0xFF, 0xF0, 0xFF, 0xEF,
        0xFF, 0xEE, 0x00, 0x00, 0x00, 0x10, 0x00, 0x0C, 0x00, 0x0B, 0x00, 0x0A, 0x00, 0x07, 0x00, 0x02,
        0x00, 0x02, 0x00, 0x02, 0xFF, 0xFF, 0xFF, 0xFE, 0xFF, 0xFC, 0xFF, 0xFC, 0xFF, 0xFA, 0xFF, 0xF9,
        0xFF, 0xF8, 0xFF, 0xF7, 0xFF, 0xF4, 0xFF, 0xE4, 0xFF, 0xD1, 0xFF, 0xFF, 0xFF, 0xFD, 0xFF, 0xFE,
        0xFF, 0xFD, 0xFF, 0xFC, 0xFF, 0xFD, 0xFF, 0xFA, 0xFF, 0xFB, 0xFF, 0xF9, 0xFF, 0xFA, 0xFF, 0xF6,
        0xFF, 0xF8, 0xFF, 0xF7, 0xFF, 0xF6, 0xFF, 0xF2, 0xFF, 0xF1, 0xFF, 0xEF, 0xFF, 0xEE, 0xFF, 0xE8,
        0xFF, 0xEF, 0xFF, 0xEF, 0xFF, 0xF0, 0xFF, 0xF1, 0xFF, 0xF4, 0xFF, 0xF3, 0xFF, 0xF5, 0xFF, 0xF5,
        0xFF, 0xF7, 0xFF, 0xF9, 0xFF, 0xF9, 0xFF, 0xFA, 0xFF, 0xFB, 0xFF, 0xFD, 0xFF, 0xFD, 0xFF, 0xFF,
        0x00, 0x00, 0x00, 0x02, 0x00, 0x02, 0x00, 0x03, 0x00, 0x05, 0x00, 0x05, 0x00, 0x07, 0x00, 0x08,
        0x00, 0x09, 0x00, 0x0B, 0x00, 0x09, 0xFF, 0xF3, 0xFF, 0xF5, 0xFF, 0xF7, 0xFF, 0xF8, 0xFF, 0xFA,
        0xFF, 0xFB, 0xFF, 0xFC, 0xFF, 0xFD, 0xFF, 0xFE, 0x00, 0x00, 0x00, 0x02, 0x00, 0x03, 0x00, 0x04,
        0x00, 0x06, 0x00, 0x08, 0x00, 0x09, 0x00, 0x0B, 0x00, 0x0B, 0x00, 0x0D, 0x00, 0x11, 0x00, 0x10,
        0x00, 0x10, 0x00, 0x12, 0x00, 0x1B, 0x00, 0x00, 0xFF, 0xE9, 0xFF, 0xF0, 0xFF, 0xF2, 0xFF, 0xF9,
        0xFF, 0xFB, 0xFF, 0xFB, 0xFF, 0xFD, 0xFF, 0xFD, 0xFF, 0xFF, 0xFF, 0xFF, 0x00, 0x00, 0x00, 0x02,
        0x00, 0x02, 0x00, 0x02, 0x00, 0x04, 0x00, 0x08, 0x00, 0x0A, 0x00, 0x0F, 0x00, 0x11, 0x00, 0x11,
        0x00, 0x4F, 0x00, 0x00, 0x00, 0x03, 0x00, 0x7B, 0xFF, 0xA6, 0x02, 0x45, 0x02, 0x49, 0x00, 0x45,
        0x00, 0x66, 0x00, 0x87, 0x00, 0x00, 0x01, 0x01, 0x01, 0x01, 0x01, 0x01, 0x01, 0x01, 0x01, 0x01,
        0x01, 0x01, 0x01, 0x01, 0x01, 0x01, 0x01, 0x01, 0x01, 0x01, 0x01, 0x01, 0x01, 0x01, 0x01, 0x01,
        0x01, 0x01, 0x01, 0x01, 0x01, 0x01, 0x01, 0x01, 0x01, 0x01, 0x01, 0x01, 0x01, 0x01, 0x01, 0x01,
        0x01, 0x01, 0x01, 0x01, 0x01, 0x01, 0x01, 0x01, 0x01, 0x01, 0x01, 0x01, 0x01, 0x01, 0x01, 0x01,
        0x01, 0x01, 0x01, 0x01, 0x01, 0x01, 0x01, 0x01, 0x01, 0x01, 0x01, 0x01, 0x01, 0x01, 0x01, 0x01,
        0x01, 0x01, 0x01, 0x01, 0x01, 0x01, 0x01, 0x01, 0x01, 0x01, 0x01, 0x01, 0x01, 0x01, 0x01, 0x01,
        0x01, 0x01, 0x01, 0x01, 0x01, 0x01, 0x01, 0x01, 0x01, 0x01, 0x01, 0x01, 0x01, 0x01, 0x01, 0x01,
        0x01, 0x01, 0x01, 0x01, 0x01, 0x01, 0x01, 0x01, 0x01, 0x01, 0x01, 0x01, 0x01, 0x01, 0x01, 0x01,
        0x01, 0x01, 0x01, 0x01, 0x01, 0x01, 0x01, 0x01, 0x01, 0x01, 0x01, 0x01, 0x01, 0x01, 0x02, 0x30,
        0xFF, 0xB2, 0xFF, 0xD3, 0xFF, 0xEB, 0xFF, 0xE8, 0xFF, 0xE4, 0xFF, 0xEA, 0xFF, 0xE8, 0xFF, 0xE7,
        0xFF, 0xEB, 0xFF, 0xEA, 0xFF, 0xF3, 0xFF, 0xF1, 0xFF, 0xF2, 0xFF, 0xF3, 0xFF, 0xF5, 0xFF, 0xF5,
        0xFF, 0xF6, 0xFF, 0xF7, 0xFF, 0xF6, 0xFF, 0xF8, 0xFF, 0xFB, 0xFF, 0xFB, 0xFF, 0xFD, 0x00, 0x00,
        0x00, 0x01, 0x00, 0x02, 0x00, 0x05, 0x00, 0x05, 0x00, 0x08, 0x00, 0x09, 0x00, 0x0B, 0x00, 0x0C,
        0x00, 0x0D, 0x00, 0x10, 0xFF, 0xBC, 0x00, 0x4C, 0x00, 0x31, 0x00, 0x17, 0x00, 0x17, 0x00, 0x15,
        0x00, 0x17, 0x00, 0x14, 0x00, 0x17, 0x00, 0x13, 0x00, 0x14, 0x00, 0x11, 0x00, 0x12, 0x00, 0x11,
        0x00, 0x10, 0x00, 0x0C, 0x00, 0x0E, 0x00, 0x0B, 0x00, 0x0B, 0x00, 0x09, 0x00, 0x07, 0x00, 0x07,
        0x00, 0x04, 0x00, 0x03, 0x00, 0x01, 0x00, 0x00, 0xFF, 0xFD, 0xFF, 0xFA, 0xFF, 0xFA, 0xFF, 0xF7,
        0xFF, 0xF6, 0xFF, 0xF5, 0xFF, 0xF3, 0xFF, 0xF1, 0xFF, 0xF2, 0xFF, 0xE1, 0x00, 0x07, 0x00, 0x06,
        0x00, 0x06, 0x00, 0x05, 0x00, 0x03, 0x00, 0x03, 0x00, 0x02, 0x00, 0x02, 0x00, 0x00, 0xFF, 0xFF,
        0xFF, 0xFE, 0xFF, 0xFD, 0xFF, 0xFD, 0xFF, 0xFB, 0xFF, 0xFB, 0xFF, 0xFA, 0xFF, 0xF8, 0xFF, 0xF9,
        0xFF, 0xF8, 0xFF, 0xF8, 0xFF, 0xF7, 0xFF, 0xF5, 0xFF, 0xF5, 0xFF, 0xF7, 0xFF, 0xF4, 0xFF, 0xF2,
        0xFF, 0xF1, 0xFF, 0xF5, 0xFF, 0xF6, 0xFF, 0xF4, 0xFF, 0xF5, 0xFF, 0xF3, 0xFF, 0xC5, 0xFF, 0xF9,
        0xFF, 0xFB, 0xFF, 0xFB, 0xFF, 0xFC, 0xFF, 0xFD, 0xFF, 0xFE, 0xFF, 0xFF, 0xFF, 0xFF, 0x00, 0x00,
        0x00, 0x01, 0x00, 0x02, 0x00, 0x02, 0x00, 0x04, 0x00, 0x05, 0x00, 0x05, 0x00, 0x07, 0x00, 0x07,
        0x00, 0x07, 0x00, 0x08, 0x00, 0x08, 0x00, 0x09, 0x00, 0x0A, 0x00, 0x0B, 0x00, 0x08, 0x00, 0x0C,
        0x00, 0x0D, 0x00, 0x0E, 0x00, 0x0D, 0x00, 0x0C, 0x00, 0x0B, 0x00, 0x0C, 0x00, 0x09, 0x02, 0x49,
        0x00, 0x00, 0xFF, 0xA8, 0x00, 0x06, 0x00, 0x04, 0x00, 0x03, 0x00, 0x01, 0xFF, 0xFE, 0xFF, 0xFB,
        0xFF, 0xFB, 0xFF, 0xF7, 0xFF, 0xF9, 0xFF, 0xF7, 0xFF, 0xF5, 0xFF, 0xF5, 0xFF, 0xF3, 0xFF, 0xF3,
        0xFF, 0xF1, 0xFF, 0xF0, 0xFF, 0xEA, 0xFF, 0xEB, 0xFF, 0xEA, 0xFF, 0xE9, 0xFF, 0xE4, 0xFF, 0xE6,
        0xFF, 0xE8, 0xFF, 0xE7, 0xFF, 0xE7, 0xFF, 0xEB, 0xFF, 0xE8, 0xFF, 0xEC, 0xFF, 0xED, 0xFF, 0xED,
        0xFF, 0xEF, 0xFF, 0xF0, 0xFF, 0x7B, 0x00, 0x00, 0x00, 0x60, 0xFF, 0xF9, 0xFF, 0xFC, 0xFF, 0xFD,
        0xFF, 0xFF, 0x00, 0x01, 0x00, 0x03, 0x00, 0x04, 0x00, 0x06, 0x00, 0x07, 0x00, 0x0A, 0x00, 0x0B,
        0x00, 0x0D, 0x00, 0x0D, 0x00, 0x10, 0x00, 0x11, 0x00, 0x12, 0x00, 0x14, 0x00, 0x15, 0x00, 0x19,
        0x00, 0x16, 0x00, 0x1B, 0x00, 0x19, 0x00, 0x16, 0x00, 0x19, 0x00, 0x19, 0x00, 0x17, 0x00, 0x18,
        0x00, 0x15, 0x00, 0x14, 0x00, 0x12, 0x00, 0x11, 0x00, 0x0C, 0xFF, 0xAD, 0xFF, 0xF5, 0xFF, 0xF5,
        0xFF, 0xF3, 0xFF, 0xF1, 0xFF, 0xF3, 0xFF, 0xF0, 0xFF, 0xF0, 0xFF, 0xEE, 0xFF, 0xED, 0xFF, 0xF0,
        0xFF, 0xEC, 0xFF, 0xF1, 0xFF, 0xF0, 0xFF, 0xF1, 0xFF, 0xF2, 0xFF, 0xF3, 0xFF, 0xF3, 0xFF, 0xF7,
        0xFF, 0xF8, 0xFF, 0xF8, 0xFF, 0xF9, 0xFF, 0xFA, 0xFF, 0xFB, 0xFF, 0xFD, 0xFF, 0xFD, 0xFF, 0xFE,
        0xFF, 0xFF, 0x00, 0x00, 0x00, 0x02, 0x00, 0x02, 0x00, 0x04, 0x00, 0x06, 0x00, 0x25, 0x00, 0x0A,
        0x00, 0x0B, 0x00, 0x0B, 0x00, 0x0C, 0x00, 0x10, 0x00, 0x0F, 0x00, 0x10, 0x00, 0x16, 0x00, 0x1A,
        0x00, 0x11, 0x00, 0x11, 0x00, 0x10, 0x00, 0x13, 0x00, 0x0F, 0x00, 0x0F, 0x00, 0x0D, 0x00, 0x0D,
        0x00, 0x09, 0x00, 0x09, 0x00, 0x08, 0x00, 0x07, 0x00, 0x06, 0x00, 0x05, 0x00, 0x04, 0x00, 0x03,
        0x00, 0x02, 0x00, 0x02, 0x00, 0x00, 0xFF, 0xFE, 0xFF, 0xFE, 0xFF, 0xFC, 0xFF, 0xFB, 0x00, 0x00,
        0x00, 0x02, 0x00, 0x68, 0xFF, 0xF7, 0x02, 0x59, 0x02, 0xB0, 0x00, 0x03, 0x00, 0x2C, 0x00, 0x00,
        0x01, 0x01, 0x01, 0x01, 0x01, 0x01, 0x01, 0x01, 0x01, 0x01, 0x01, 0x01, 0x01, 0x01, 0x01, 0x01,
        0x01, 0x01, 0x01, 0x01, 0x01, 0x01, 0x01, 0x01, 0x01, 0x01, 0x01, 0x01, 0x01, 0x01, 0x01, 0x01,
        0x01, 0x01, 0x01, 0x01, 0x01, 0x01, 0x01, 0x01, 0x01, 0x01, 0x01, 0x01, 0x01, 0x00, 0xD0, 0xFF,
        0x98, 0x00, 0x00, 0x00, 0x68, 0x01, 0x22, 0xFF, 0xFF, 0xFF, 0xFF, 0xFF, 0xFD, 0xFF, 0xFD, 0xFF,
        0xFB, 0xFF, 0xF9, 0xFF, 0xF8, 0xFF, 0xF9, 0xFF, 0xF4, 0xFF, 0xF5, 0xFF, 0xF4, 0xFF, 0xF1, 0xFF,
        0xEE, 0xFF, 0xEB, 0xFF, 0xEF, 0xFF, 0xEB, 0x00, 0x00, 0x00, 0x68, 0x00, 0x10, 0x00, 0x0D, 0x00,
        0x0C, 0x00, 0x0C, 0x00, 0x0C, 0x00, 0x0B, 0x00, 0x0B, 0x00, 0x0A, 0x00, 0x0A, 0x00, 0x09, 0x00,
        0x09, 0x00, 0x05, 0x00, 0x07, 0x00, 0x07, 0x00, 0x04, 0x00, 0x04, 0x00, 0x04, 0x00, 0x03, 0x00,
        0x01, 0x00, 0x01, 0x00, 0x00, 0xFF, 0x99, 0x02, 0xB0, 0x00, 0x00, 0xFD, 0x50, 0x00, 0x00, 0x00,
        0xC4, 0xFF, 0xEB, 0xFF, 0xF1, 0xFF, 0xF0, 0xFF, 0xF4, 0xFF, 0xF5, 0xFF, 0xF6, 0xFF, 0xF7, 0xFF,
        0xFB, 0xFF, 0xFA, 0xFF, 0xFE, 0xFF, 0xFF, 0x00, 0x01, 0x00, 0x01, 0x00, 0x04, 0x00, 0x04, 0x00,
        0x07, 0xFF, 0x97, 0xFF, 0xF8, 0xFF, 0xFF, 0x00, 0x01, 0x00, 0x01, 0x00, 0x03, 0x00, 0x03, 0x00,
        0x04, 0x00, 0x05, 0x00, 0x06, 0x00, 0x07, 0x00, 0x08, 0x00, 0x09, 0x00, 0x07, 0x00, 0x0B, 0x00,
        0x0C, 0x00, 0x0B, 0x00, 0x0C, 0x00, 0x10, 0x00, 0x13, 0x00, 0x14, 0x00, 0x1A, 0x02, 0x04, 0x00,
        0x00, 0x00, 0x00, 0x00, 0x00, 0x04, 0x00, 0x69, 0xFF, 0x55, 0x02, 0x4E, 0x02, 0xE9, 0x00, 0x03,
        0x00, 0x2A, 0x00, 0x2E, 0x00, 0x32, 0x00, 0x00, 0x01, 0x01, 0x01, 0x01, 0x01, 0x01, 0x01, 0x01,
        0x01, 0x01, 0x01, 0x01, 0x01, 0x01, 0x01, 0x01, 0x01, 0x01, 0x01, 0x01, 0x01, 0x01, 0x01, 0x01,
        0x01, 0x01, 0x01, 0x01, 0x01, 0x01, 0x01, 0x01, 0x01, 0x01, 0x01, 0x01, 0x01, 0x01, 0x01, 0x01,
        0x01, 0x01, 0x01, 0x01, 0x01, 0x01, 0x01, 0x01, 0x01, 0x01, 0x01, 0x00, 0xE8, 0xFF, 0xA0, 0x00,
        0x00, 0x00, 0x60, 0x00, 0xE5, 0x00, 0x00, 0xFF, 0xFE, 0xFF, 0xFF, 0xFF, 0xFD, 0xFF, 0xFE, 0xFF,
        0xFC, 0xFF, 0xFC, 0xFF, 0xFC, 0xFF, 0xFA, 0xFF, 0xF9, 0xFF, 0xF8, 0xFF, 0xF9, 0xFF, 0xF5, 0xFF,
        0xF8, 0xFF, 0xEC, 0xFF, 0xF1, 0xFF, 0xC3, 0x00, 0x00, 0x00, 0x4F, 0x00, 0x1A, 0x00, 0x11, 0x00,
        0x10, 0x00, 0x0E, 0x00, 0x0E, 0x00, 0x0C, 0x00, 0x0D, 0x00, 0x0A, 0x00, 0x0B, 0x00, 0x08, 0x00,
        0x09, 0x00, 0x07, 0x00, 0x06, 0x00, 0x06, 0x00, 0x06, 0x00, 0x03, 0x00, 0x02, 0x00, 0x01, 0x00,
        0x00, 0xFF, 0x93, 0x00, 0x00, 0x00, 0x8D, 0x00, 0x00, 0xFE, 0x1B, 0x00, 0x00, 0x00, 0x8D, 0x00,
        0x00, 0x01, 0xF3, 0x00, 0x00, 0xFE, 0x12, 0x00, 0x00, 0x01, 0xE9, 0xFE, 0x37, 0xFF, 0xDA, 0xFF,
        0xF2, 0xFF, 0xF5, 0xFF, 0xF6, 0xFF, 0xF7, 0xFF, 0xF8, 0xFF, 0xFB, 0xFF, 0xFA, 0xFF, 0xFA, 0xFF,
        0xFB, 0xFF, 0xFD, 0xFF, 0xFD, 0xFF, 0xFE, 0xFF, 0xFE, 0xFF, 0xFF, 0x00, 0x00, 0xFF, 0xAB, 0x00,
        0x00, 0x00, 0x02, 0x00, 0x02, 0x00, 0x02, 0x00, 0x04, 0x00, 0x04, 0x00, 0x05, 0x00, 0x07, 0x00,
        0x07, 0x00, 0x0A, 0x00, 0x08, 0x00, 0x0C, 0x00, 0x0D, 0x00, 0x0E, 0x00, 0x14, 0x00, 0x1A, 0x00,
        0x1C, 0x00, 0x23, 0x00, 0x1E, 0x01, 0xB4, 0x00, 0xFB, 0xFF, 0x7E, 0x00, 0x00, 0x00, 0x82, 0x00,
        0x00, 0xFF, 0x7E, 0x00, 0x00, 0x00, 0x82, 0x00, 0x00, 0x01, 0xFF, 0xC5, 0xFE, 0x91, 0x02, 0xF7,
        0xFE, 0xF3, 0x00, 0x03, 0x00, 0x00, 0x01, 0x01, 0x01, 0x01, 0xFF, 0xC5, 0x00, 0x00, 0x03, 0x32,
        0x00, 0x00, 0xFE, 0xF3, 0xFF, 0x9E, 0x00, 0x00, 0x00, 0x62, 0x00, 0x00, 0x00, 0x02, 0x01, 0x2D,
        0xFF, 0x7B, 0x01, 0x8F, 0x03, 0x79, 0x00, 0x03, 0x00, 0x07, 0x00, 0x00, 0x01, 0x01, 0x01, 0x01,
        0x01, 0x01, 0x01, 0x01, 0x01, 0x8F, 0xFF, 0x9E, 0x00, 0x00, 0x00, 0x62, 0x00, 0x00, 0xFF, 0x9E,
        0x00, 0x00, 0x00, 0x62, 0x01, 0x68, 0x00, 0x00, 0xFE, 0x13, 0x00, 0x00, 0x03, 0xFE, 0x00, 0x00,
        0xFE, 0x13, 0x00, 0x00, 0x00, 0x01, 0x00, 0x58, 0xFF, 0xDC, 0x02, 0x64, 0x02, 0xFB, 0x00, 0x03,
        0x00, 0x00, 0x01, 0x01, 0x01, 0x01, 0x00, 0x58, 0x02, 0x0C, 0x00, 0x00, 0xFD, 0xF4, 0xFF, 0xDC,
        0x00, 0x00, 0x03, 0x1F, 0x00, 0x00, 0x00, 0x00, 0x00, 0x01, 0x00, 0x00, 0x00, 0x01, 0x00, 0x00,
        0x2F, 0xA5, 0xF0, 0x15, 0x5F, 0x0F, 0x3C, 0xF5, 0x00, 0x03, 0x03, 0xE8, 0x00, 0x00, 0x00, 0x00,
        0x00, 0x00, 0x00, 0x00, 0x00, 0x00, 0x00, 0x00, 0x00, 0x00, 0x00, 0x00, 0xFF, 0xC5, 0xFE, 0x91,
        0x02, 0xF7, 0x03, 0x79, 0x00, 0x00, 0x00, 0x08, 0x00, 0x02, 0x00, 0x01, 0x00, 0x00, 0x00, 0x00,
        0x00, 0x01, 0x00, 0x00, 0x04, 0x79, 0xFE, 0x91, 0x00, 0x00, 0x03, 0xE8, 0xFF, 0xC5, 0x00, 0x00,
        0x02, 0xF7, 0x00, 0x01, 0x00, 0x00, 0x00, 0x00, 0x00, 0x00, 0x00, 0x00, 0x00, 0x00, 0x00, 0x00,
        0x00, 0x00, 0x00, 0x77, 0x03, 0xE8, 0x00, 0x00, 0x02, 0xBC, 0x00, 0x00, 0x02, 0xBC, 0x01, 0x27,
        0x02, 0xBC, 0x00, 0xAF, 0x02, 0xBC, 0x00, 0x96, 0x02, 0xBC, 0x00, 0x86, 0x02, 0xBC, 0x00, 0x91,
        0x02, 0xBC, 0x00, 0x85, 0x02, 0xBC, 0x01, 0x20, 0x02, 0xBC, 0x00, 0xDD, 0x02, 0xBC, 0x00, 0xE7,
        0x02, 0xBC, 0x00, 0x6D, 0x02, 0xBC, 0x00, 0x84, 0x02, 0xBC, 0x00, 0xAE, 0x02, 0xBC, 0x00, 0x81,
        0x02, 0xBC, 0x00, 0xFA, 0x02, 0xBC, 0x00, 0xB4, 0x02, 0xBC, 0x00, 0x85, 0x02, 0xBC, 0x00, 0xDE,
        0x02, 0xBC, 0x00, 0x9C, 0x02, 0xBC, 0x00, 0x94, 0x02, 0xBC, 0x00, 0x83, 0x02, 0xBC, 0x00, 0xA7,
        0x02, 0xBC, 0x00, 0x85, 0x02, 0xBC, 0x00, 0x89, 0x02, 0xBC, 0x00, 0x85, 0x02, 0xBC, 0x00, 0x86,
        0x02, 0xBC, 0x00, 0xFC, 0x02, 0xBC, 0x00, 0xA9, 0x02, 0xBC, 0x00, 0x83, 0x02, 0xBC, 0x00, 0x86,
        0x02, 0xBC, 0x00, 0x98, 0x02, 0xBC, 0x00, 0xAB, 0x02, 0xBC, 0x00, 0x84, 0x02, 0xBC, 0x00, 0x6C,
        0x02, 0xBC, 0x00, 0x76, 0x02, 0xBC, 0x00, 0x99, 0x02, 0xBC, 0x00, 0x80, 0x02, 0xBC, 0x00, 0x86,
        0x02, 0xBC, 0x00, 0xA9, 0x02, 0xBC, 0x00, 0x81, 0x02, 0xBC, 0x00, 0x82, 0x02, 0xBC, 0x00, 0xB7,
        0x02, 0xBC, 0x00, 0xBD, 0x02, 0xBC, 0x00, 0x61, 0x02, 0xBC, 0x00, 0x82, 0x02, 0xBC, 0x00, 0x73,
        0x02, 0xBC, 0x00, 0x7F, 0x02, 0xBC, 0x00, 0x73, 0x02, 0xBC, 0x00, 0x71, 0x02, 0xBC, 0x00, 0x5F,
        0x02, 0xBC, 0x00, 0x72, 0x02, 0xBC, 0x00, 0x8B, 0x02, 0xBC, 0x00, 0x7E, 0x02, 0xBC, 0x00, 0x71,
        0x02, 0xBC, 0x00, 0x6D, 0x02, 0xBC, 0x00, 0x6C, 0x02, 0xBC, 0x00, 0x67, 0x02, 0xBC, 0x00, 0x7B,
        0x02, 0xBC, 0x00, 0x97, 0x02, 0xBC, 0x00, 0xC1, 0x02, 0xBC, 0x00, 0xA6, 0x02, 0xBC, 0x00, 0xCF,
        0x02, 0xBC, 0x00, 0x8F, 0x02, 0xBC, 0x00, 0x7A, 0x02, 0xBC, 0x01, 0x00, 0x02, 0xBC, 0x00, 0x91,
        0x02, 0xBC, 0x00, 0x6B, 0x02, 0xBC, 0x00, 0x9E, 0x02, 0xBC, 0x00, 0x82, 0x02, 0xBC, 0x00, 0x85,
        0x02, 0xBC, 0x00, 0xB1, 0x02, 0xBC, 0x00, 0x8B, 0x02, 0xBC, 0x00, 0x94, 0x02, 0xBC, 0x00, 0xEB,
        0x02, 0xBC, 0x00, 0xE3, 0x02, 0xBC, 0x00, 0x7D, 0x02, 0xBC, 0x00, 0xD4, 0x02, 0xBC, 0x00, 0x72,
        0x02, 0xBC, 0x00, 0x77, 0x02, 0xBC, 0x00, 0x71, 0x02, 0xBC, 0x00, 0x6C, 0x02, 0xBC, 0x00, 0x79,
        0x02, 0xBC, 0x00, 0x93, 0x02, 0xBC, 0x00, 0x91, 0x02, 0xBC, 0x00, 0xB5, 0x02, 0xBC, 0x00, 0x7B,
        0x02, 0xBC, 0x00, 0x6B, 0x02, 0xBC, 0x00, 0x73, 0x02, 0xBC, 0x00, 0x7A, 0x02, 0xBC, 0x00, 0x70,
        0x02, 0xBC, 0x00, 0x9C, 0x02, 0xBC, 0x00, 0x9B, 0x02, 0xBC, 0x01, 0x2D, 0x02, 0xBC, 0x00, 0x9E,
        0x02, 0xBC, 0x00, 0xA6, 0x02, 0xBC, 0x00, 0xA1, 0x02, 0xBC, 0x00, 0x6A, 0x02, 0xBC, 0x00, 0x64,
        0x02, 0xBC, 0x00, 0x99, 0x02, 0xBC, 0x00, 0xEB, 0x02, 0xBC, 0x01, 0x09, 0x02, 0xBC, 0x01, 0x19,
        0x02, 0xBC, 0x00, 0x69, 0x02, 0xBC, 0x00, 0x6E, 0x02, 0xBC, 0x00, 0x77, 0x02, 0xBC, 0x00, 0x86,
        0x02, 0xBC, 0x00, 0x71, 0x02, 0xBC, 0x00, 0x77, 0x02, 0xBC, 0x00, 0x73, 0x02, 0xBC, 0x00, 0x71,
        0x02, 0xBC, 0x00, 0x8E, 0x02, 0xBC, 0x00, 0x78, 0x02, 0xBC, 0x00, 0x7B, 0x02, 0xBC, 0x00, 0x68,
        0x02, 0xBC, 0x00, 0x69, 0x02, 0xBC, 0xFF, 0xC5, 0x02, 0xBC, 0x01, 0x2D, 0x02, 0xBC, 0x00, 0x58,
        0x00, 0x00, 0x00, 0x00, 0x00, 0x00, 0x00, 0x00, 0x00, 0x00, 0x00, 0x00, 0x00, 0x00, 0x00, 0x38,
        0x00, 0x00, 0x00, 0x70, 0x00, 0x00, 0x01, 0x20, 0x00, 0x00, 0x04, 0xBC, 0x00, 0x00, 0x08, 0xCC,
        0x00, 0x00, 0x0C, 0x68, 0x00, 0x00, 0x0C, 0x8C, 0x00, 0x00, 0x0D, 0xF0, 0x00, 0x00, 0x0F, 0x50,
        0x00, 0x00, 0x0F, 0xAC, 0x00, 0x00, 0x0F, 0xF8, 0x00, 0x00, 0x10, 0x20, 0x00, 0x00, 0x10, 0x44,
        0x00, 0x00, 0x10, 0x68, 0x00, 0x00, 0x10, 0x8C, 0x00, 0x00, 0x13, 0x80, 0x00, 0x00, 0x13, 0xB4,
        0x00, 0x00, 0x15, 0xBC, 0x00, 0x00, 0x17, 0xC8, 0x00, 0x00, 0x18, 0x24, 0x00, 0x00, 0x19, 0xC8,
        0x00, 0x00, 0x1C, 0xD8, 0x00, 0x00, 0x1D, 0xD4, 0x00, 0x00, 0x22, 0x78, 0x00, 0x00, 0x25, 0x94,
        0x00, 0x00, 0x25, 0xCC, 0x00, 0x00, 0x26, 0x04, 0x00, 0x00, 0x26, 0x38, 0x00, 0x00, 0x26, 0x70,
        0x00, 0x00, 0x26, 0xA4, 0x00, 0x00, 0x28, 0xBC, 0x00, 0x00, 0x2C, 0xF8, 0x00, 0x00, 0x2D, 0x44,
        0x00, 0x00, 0x2F, 0xC8, 0x00, 0x00, 0x32, 0x90, 0x00, 0x00, 0x34, 0x6C, 0x00, 0x00, 0x34, 0xB8,
        0x00, 0x00, 0x34, 0xF8, 0x00, 0x00, 0x37, 0xA4, 0x00, 0x00, 0x37, 0xF0, 0x00, 0x00, 0x38, 0x3C,
        0x00, 0x00, 0x39, 0x7C, 0x00, 0x00, 0x39, 0xC4, 0x00, 0x00, 0x39, 0xF0, 0x00, 0x00, 0x3A, 0x50,
        0x00, 0x00, 0x3A, 0x9C, 0x00, 0x00, 0x3D, 0x74, 0x00, 0x00, 0x3E, 0xFC, 0x00, 0x00, 0x42, 0x0C,
        0x00, 0x00, 0x43, 0x7C, 0x00, 0x00, 0x46, 0xDC, 0x00, 0x00, 0x47, 0x14, 0x00, 0x00, 0x48, 0xB4,
        0x00, 0x00, 0x48, 0xEC, 0x00, 0x00, 0x49, 0xC4, 0x00, 0x00, 0x4A, 0x10, 0x00, 0x00, 0x4A, 0x4C,
        0x00, 0x00, 0x4A, 0x8C, 0x00, 0x00, 0x4A, 0xC4, 0x00, 0x00, 0x4A, 0xE8, 0x00, 0x00, 0x4B, 0x20,
        0x00, 0x00, 0x4B, 0x54, 0x00, 0x00, 0x4B, 0x78, 0x00, 0x00, 0x4B, 0x9C, 0x00, 0x00, 0x4E, 0xC0,
        0x00, 0x00, 0x51, 0x74, 0x00, 0x00, 0x54, 0x28, 0x00, 0x00, 0x56, 0xDC, 0x00, 0x00, 0x59, 0xC8,
        0x00, 0x00, 0x5A, 0xA4, 0x00, 0x00, 0x5E, 0x98, 0x00, 0x00, 0x5F, 0xC4, 0x00, 0x00, 0x60, 0x08,
        0x00, 0x00, 0x60, 0xE0, 0x00, 0x00, 0x61, 0x28, 0x00, 0x00, 0x61, 0xEC, 0x00, 0x00, 0x63, 0xBC,
        0x00, 0x00, 0x65, 0x14, 0x00, 0x00, 0x67, 0xB0, 0x00, 0x00, 0x6A, 0x4C, 0x00, 0x00, 0x6C, 0xFC,
        0x00, 0x00, 0x6E, 0x4C, 0x00, 0x00, 0x71, 0xBC, 0x00, 0x00, 0x72, 0xD8, 0x00, 0x00, 0x74, 0x14,
        0x00, 0x00, 0x74, 0x4C, 0x00, 0x00, 0x74, 0xAC, 0x00, 0x00, 0x74, 0xF8, 0x00, 0x00, 0x75, 0x9C,
        0x00, 0x00, 0x75, 0xDC, 0x00, 0x00, 0x78, 0x20, 0x00, 0x00, 0x78, 0x44, 0x00, 0x00, 0x7A, 0x98,
        0x00, 0x00, 0x7B, 0xF8, 0x00, 0x00, 0x7D, 0x30, 0x00, 0x00, 0x80, 0x04, 0x00, 0x00, 0x80, 0x68,
        0x00, 0x00, 0x85, 0x58, 0x00, 0x00, 0x85, 0x90, 0x00, 0x00, 0x85, 0xB4, 0x00, 0x00, 0x85, 0xD8,
        0x00, 0x00, 0x86, 0x50, 0x00, 0x00, 0x88, 0xF4, 0x00, 0x00, 0x89, 0x68, 0x00, 0x00, 0x8B, 0x08,
        0x00, 0x00, 0x8D, 0xE4, 0x00, 0x00, 0x90, 0xA4, 0x00, 0x00, 0x92, 0x78, 0x00, 0x00, 0x95, 0xB0,
        0x00, 0x00, 0x9A, 0x9C, 0x00, 0x00, 0x9E, 0xFC, 0x00, 0x00, 0xA1, 0xB8, 0x00, 0x00, 0xA2, 0xAC,
        0x00, 0x00, 0xA3, 0xC0, 0x00, 0x00, 0xA3, 0xE4, 0x00, 0x00, 0xA4, 0x1C, 0x00, 0x00, 0xA4, 0x40,
        0x00, 0x01, 0x00, 0x00, 0x00, 0x77, 0x00, 0xF9, 0x00, 0x05, 0x00, 0x00, 0x00, 0x00, 0x00, 0x02,
        0x00, 0x00, 0x00, 0x00, 0x00, 0x00, 0x00, 0x00, 0x00, 0x00, 0x00, 0x00, 0x00, 0x00, 0x00, 0x00,
        0x00, 0x00, 0x00, 0x07, 0x00, 0x5A, 0x00, 0x03, 0x00, 0x01, 0x04, 0x09, 0x00, 0x00, 0x00, 0x8C,
        0x00, 0x00, 0x00, 0x03, 0x00, 0x01, 0x04, 0x09, 0x00, 0x01, 0x00, 0x1C, 0x00, 0x8C, 0x00, 0x03,
        0x00, 0x01, 0x04, 0x09, 0x00, 0x02, 0x00, 0x0E, 0x00, 0xA8, 0x00, 0x03, 0x00, 0x01, 0x04, 0x09,
        0x00, 0x03, 0x00, 0x1C, 0x00, 0xB6, 0x00, 0x03, 0x00, 0x01, 0x04, 0x09, 0x00, 0x04, 0x00, 0x1C,
        0x00, 0xD2, 0x00, 0x03, 0x00, 0x01, 0x04, 0x09, 0x00, 0x05, 0x00, 0x1A, 0x00, 0xEE, 0x00, 0x03,
        0x00, 0x01, 0x04, 0x09, 0x00, 0x06, 0x00, 0x1A, 0x01, 0x08, 0x00, 0x43, 0x00, 0x6F, 0x00, 0x70,
        0x00, 0x79, 0x00, 0x72, 0x00, 0x69, 0x00, 0x67, 0x00, 0x68, 0x00, 0x74, 0x00, 0x20, 0x00, 0x28,
        0x00, 0x63, 0x00, 0x29, 0x00, 0x20, 0x00, 0x53, 0x00, 0x69, 0x00, 0x78, 0x00, 0x20, 0x00, 0x4C,
        0x00, 0x61, 0x00, 0x62, 0x00, 0x6F, 0x00, 0x72, 0x00, 0x73, 0x00, 0x2E, 0x00, 0x20, 0x00, 0x4C,
        0x00, 0x69, 0x00, 0x63, 0x00, 0x65, 0x00, 0x6E, 0x00, 0x73, 0x00, 0x65, 0x00, 0x64, 0x00, 0x20,
        0x00, 0x75, 0x00, 0x6E, 0x00, 0x64, 0x00, 0x65, 0x00, 0x72, 0x00, 0x20, 0x00, 0x74, 0x00, 0x68,
        0x00, 0x65, 0x00, 0x20, 0x00, 0x53, 0x00, 0x69, 0x00, 0x78, 0x00, 0x20, 0x00, 0x4C, 0x00, 0x61,
        0x00, 0x62, 0x00, 0x6F, 0x00, 0x72, 0x00, 0x73, 0x00, 0x20, 0x00, 0x53, 0x00, 0x70, 0x00, 0x6C,
        0x00, 0x69, 0x00, 0x74, 0x00, 0x20, 0x00, 0x4C, 0x00, 0x69, 0x00, 0x63, 0x00, 0x65, 0x00, 0x6E,
        0x00, 0x73, 0x00, 0x65, 0x00, 0x2E, 0x00, 0x53, 0x00, 0x69, 0x00, 0x78, 0x00, 0x4C, 0x00, 0x61,
        0x00, 0x62, 0x00, 0x6F, 0x00, 0x72, 0x00, 0x73, 0x00, 0x20, 0x00, 0x4F, 0x00, 0x43, 0x00, 0x52,
        0x00, 0x42, 0x00, 0x52, 0x00, 0x65, 0x00, 0x67, 0x00, 0x75, 0x00, 0x6C, 0x00, 0x61, 0x00, 0x72,
        0x00, 0x53, 0x00, 0x69, 0x00, 0x78, 0x00, 0x4C, 0x00, 0x61, 0x00, 0x62, 0x00, 0x6F, 0x00, 0x72,
        0x00, 0x73, 0x00, 0x20, 0x00, 0x4F, 0x00, 0x43, 0x00, 0x52, 0x00, 0x42, 0x00, 0x53, 0x00, 0x69,
        0x00, 0x78, 0x00, 0x4C, 0x00, 0x61, 0x00, 0x62, 0x00, 0x6F, 0x00, 0x72, 0x00, 0x73, 0x00, 0x20,
        0x00, 0x4F, 0x00, 0x43, 0x00, 0x52, 0x00, 0x42, 0x00, 0x56, 0x00, 0x65, 0x00, 0x72, 0x00, 0x73,
        0x00, 0x69, 0x00, 0x6F, 0x00, 0x6E, 0x00, 0x20, 0x00, 0x31, 0x00, 0x2E, 0x00, 0x30, 0x00, 0x30,
        0x00, 0x30, 0x00, 0x53, 0x00, 0x69, 0x00, 0x78, 0x00, 0x4C, 0x00, 0x61, 0x00, 0x62, 0x00, 0x6F,
        0x00, 0x72, 0x00, 0x73, 0x00, 0x4F, 0x00, 0x43, 0x00, 0x52, 0x00, 0x42, 0x00, 0x03, 0x00, 0x00,
        0x00, 0x00, 0x00, 0x00, 0x00, 0x00, 0x00, 0x00, 0x00, 0x00, 0x00, 0x00, 0x00, 0x00, 0x00, 0x00,
        0x00, 0x00, 0x00, 0x00, 0x00, 0x00, 0x00, 0x00, 0x00, 0x00, 0x00, 0x00,
    ];
}
